name,name_zh,name_en,type,programs,programs_en,country,country_en,listed_on,remarks,local_name,aliases,address,registration_number,website
JSC Sirius,,JSC Sirius,entity,出口管制·军工实体(Annex IV),Export control · military end-user (Annex IV),俄罗斯,Russia,2014-09-12,"Local name: Открытое Акционерное Общество «Концерн «Сириус» (ОАО «Концерн «Сириус»)；A.k.a: JSC Concern Sirius; Kontsern Sirius ｜ Address(es): 119435, Moscow, Pirogovskaya M. Str., 18, Building 1, Russian Federation Telephone: + 7 (495) 926-78-9; + 7 (495) 772-42-82; + 7 (926) 998-67-10 Website: www.",Открытое Акционерное Общество «Концерн «Сириус» (ОАО «Концерн «Сириус»),JSC Concern Sirius; Kontsern Sirius,"119435, Moscow, Pirogovskaya M. Str., 18, Building 1, Russian Federation",,
OJSC Stankoinstrument,,OJSC Stankoinstrument,entity,出口管制·军工实体(Annex IV),Export control · military end-user (Annex IV),俄罗斯,Russia,2014-09-12,"Local name: Акционерное Общество «РТ-Станкоинструмент» (АО «РТ-Станкоинструмент»)；A.k.a: Joint Stock Company ""RT-Stankoinstrument"" ｜ Address(es): 107996, Moscow, Gilyarovskogo Str., 65, Building 1, Russian Federation Telephone: + 7 (495) 681-16-18, 681-10-39 Website: http://www.rt-stanko.ru Email: i",Акционерное Общество «РТ-Станкоинструмент» (АО «РТ-Станкоинструмент»),"Joint Stock Company ""RT-Stankoinstrument""","107996, Moscow, Gilyarovskogo Str., 65, Building 1, Russian Federation",,http://www.rt-stanko.ru
OAO JSC Chemcomposite,,OAO JSC Chemcomposite,entity,出口管制·军工实体(Annex IV),Export control · military end-user (Annex IV),俄罗斯,Russia,2014-09-12,"Local name: Акционерное Общество «РТ-Химические технологии и композиционные материалы» (АО «РТ-Химкомпозит»)；A.k.a: OJSC Khimkompozit; RT-Chemical Technologies and Composite Materials ｜ Address(es): 117218, Moscow, Krzhiszhanovskogo Str., 29, Room 6, Russian Federation; 119435, Bolshoy Savvinskiy La",Акционерное Общество «РТ-Химические технологии и композиционные материалы» (АО «РТ-Химкомпозит»),OJSC Khimkompozit; RT-Chemical Technologies and Composite Materials,"117218, Moscow, Krzhiszhanovskogo Str., 29, Room 6, Russian Federation; 119435, Bolshoy Savvinskiy La",,
JSC Kalashnikov,,JSC Kalashnikov,entity,出口管制·军工实体(Annex IV),Export control · military end-user (Annex IV),俄罗斯,Russia,2014-09-12,"Local name: Акционерное Общество «Концерн «Калашников» (АО «Концерн «Калашников»)；A.k.a: JSC Concern Kalashnikov; Izhevskiy Mashinostroitel'nyi Zavod; NPO Izhmash ｜ Address(es): 426006, Udmurt Republic, Izhevsk, Deryabina Avenue, 2/193, Room 78, Russian Federation Telephone: 8-800-200-1807 Website: ",Акционерное Общество «Концерн «Калашников» (АО «Концерн «Калашников»),JSC Concern Kalashnikov; Izhevskiy Mashinostroitel'nyi Zavod; NPO Izhmash,"426006, Udmurt Republic, Izhevsk, Deryabina Avenue, 2/193, Room 78, Russian Federation",,
JSC Tula Arms Plant,,JSC Tula Arms Plant,entity,出口管制·军工实体(Annex IV),Export control · military end-user (Annex IV),俄罗斯,Russia,2014-09-12,"Local name: Публичное Акционерное Общество «Императорский Тульский Оружейный Завод» (ПАО «Императорский Тульский Оружейный Завод»)；A.k.a: PJSC Imperial Tula Arms Plant; Public Joint Stock Company ""Imperatorsky Tulsky Oruzheiny Zavod"" ｜ Address(es): 300041, Tula Oblast, Tula, Sovetskaya Str., 1A, Rus",Публичное Акционерное Общество «Императорский Тульский Оружейный Завод» (ПАО «Императорский Тульский Оружейный Завод»),"PJSC Imperial Tula Arms Plant; Public Joint Stock Company ""Imperatorsky Tulsky Oruzheiny Zavod""","300041, Tula Oblast, Tula, Sovetskaya Str., 1A, Rus",,
NPK Technologii Maschinostrojenija,,NPK Technologii Maschinostrojenija,entity,出口管制·军工实体(Annex IV),Export control · military end-user (Annex IV),俄罗斯,Russia,2014-09-12,"Local name: Акционерное Общество «Научно-Производственный Концерн «Технологии Машиностроения» (АО «НПК «Техмаш»)；A.k.a: NPK Engineering Technology; Tecmash Concern; Kontsern ""Tecmash"" JSC Research and Production Concern Machine Building Technologies; JSC ""Scientific-Production Concern ""Mechanical En",Акционерное Общество «Научно-Производственный Концерн «Технологии Машиностроения» (АО «НПК «Техмаш»),"NPK Engineering Technology; Tecmash Concern; Kontsern ""Tecmash"" JSC Research and Production Concern Machine Building Technologies; JSC ""Scientific-Production Concern ""Mechanical En",,,
OAO Wysokototschnye Kompleksi,,OAO Wysokototschnye Kompleksi,entity,出口管制·军工实体(Annex IV),Export control · military end-user (Annex IV),俄罗斯,Russia,2014-09-12,"Local name: Акционерное Общество «НПО «Высокоточные Комплексы» (АО «НПО «Высокоточные Комплексы»)；A.k.a: JSC NPO ""High-precision complexes""; High Precision Systems; NPO Vysokotochnye Kompleksy AO ｜ Address(es): 119019, Moscow, Gogolevsky Boulevard, 21, Building 1, Russian Federation; 121059, Moscow,",Акционерное Общество «НПО «Высокоточные Комплексы» (АО «НПО «Высокоточные Комплексы»),"JSC NPO ""High-precision complexes""; High Precision Systems; NPO Vysokotochnye Kompleksy AO","119019, Moscow, Gogolevsky Boulevard, 21, Building 1, Russian Federation; 121059, Moscow",,
OAO Almaz Antey,,OAO Almaz Antey,entity,出口管制·军工实体(Annex IV),Export control · military end-user (Annex IV),俄罗斯,Russia,2014-09-12,"Local name: Акционерное Общество «Концерн Воздушно-Космической Обороны «Алмаз - Антей» (АО «Концерн ВКО «Алмаз - Антей»)；A.k.a: JSC Concern VKO ""Almaz-Antey""; Almaz-Antey Corporation; ""Almaz – Antey"" Air and Space Defence Corporation"", Joint Stock Company ｜ Address(es): 121471, Moscow, Vereyskaya St",Акционерное Общество «Концерн Воздушно-Космической Обороны «Алмаз - Антей» (АО «Концерн ВКО «Алмаз - Антей»),"JSC Concern VKO ""Almaz-Antey""; Almaz-Antey Corporation; ""Almaz – Antey"" Air and Space Defence Corporation"", Joint Stock Company","121471, Moscow, Vereyskaya St",,
OAO NPO Bazalt,,OAO NPO Bazalt,entity,出口管制·军工实体(Annex IV),Export control · military end-user (Annex IV),俄罗斯,Russia,2014-09-12,"Local name: Акционерное Общество ‘Научно-Производственное Объединение ‘Базальт'"" (АО ""НПО ‘Базальт'"")；A.k.a: JSC ""Scientific and Production Association ‘Basalt'""; Joint Stock Company ""Research and Production Association ‘BAZALT'"" ｜ Address(es): 105318, Moscow, Velyaminovskaya Str. 32, Russian Federa","Акционерное Общество ‘Научно-Производственное Объединение ‘Базальт'"" (АО ""НПО ‘Базальт'"")","JSC ""Scientific and Production Association ‘Basalt'""; Joint Stock Company ""Research and Production Association ‘BAZALT'""","105318, Moscow, Velyaminovskaya Str. 32, Russian Federa",,
Admiralty Shipyard JSC,,Admiralty Shipyard JSC,entity,出口管制·军工实体(Annex IV),Export control · military end-user (Annex IV),俄罗斯,Russia,2022-02-25,"Local name: Акционерное Общество «Адмиралтейские Верфи» (АО «Адмиралтейские Верфи»)；A.k.a: JSC Admiralteyskiye Verfi; Soviet Shipyard No. 194 ｜ Address(es): 190121, St. Petersburg, Fontanka River Embankment, 203, Russian Federation Telephone: + 7 (812) 714-88-33 Website: http://admship.ru/ Email: in",Акционерное Общество «Адмиралтейские Верфи» (АО «Адмиралтейские Верфи»),JSC Admiralteyskiye Verfi; Soviet Shipyard No. 194,"190121, St. Petersburg, Fontanka River Embankment, 203, Russian Federation",,http://admship.ru/
Aleksandrov Scientific Research Technological Institute NITI,,Aleksandrov Scientific Research Technological Institute NITI,entity,出口管制·军工实体(Annex IV),Export control · military end-user (Annex IV),俄罗斯,Russia,2022-02-25,"Local name: Федеральное Государственное Унитарное Предприятие «Научно-Исследовательский Технологический Институт имени А.П. Александрова» (ФГУП «НИТИ им. А.П. Александрова»)；A.k.a: Federal State unitary Enterprise Alexandrov Research Institute of Technology; FGUP ""A.P. Aleksandrov NITI""; FSUE Alexan",Федеральное Государственное Унитарное Предприятие «Научно-Исследовательский Технологический Институт имени А.П. Александрова» (ФГУП «НИТИ им. А.П. Александрова»),"Federal State unitary Enterprise Alexandrov Research Institute of Technology; FGUP ""A.P. Aleksandrov NITI""; FSUE Alexan",,,
Argut OOO,,Argut OOO,entity,出口管制·军工实体(Annex IV),Export control · military end-user (Annex IV),俄罗斯,Russia,2022-02-25,"Local name: Общество с Ограниченной Ответственностью «Аргут» (ООО «Аргут»)；A.k.a: Argut LLC ｜ Address(es): 127287, Moscow, Khutorskaya Str., 2, 38A, Building 1, Russian Federation; 123007, Moscow, Mnyovniki Str., 6, Floor 3, Premises II, Room 13, Russian Federation; 123007,",Общество с Ограниченной Ответственностью «Аргут» (ООО «Аргут»),Argut LLC,"127287, Moscow, Khutorskaya Str., 2, 38A, Building 1, Russian Federation; 123007, Moscow, Mnyovniki Str., 6, Floor 3, Premises II, Room 13, Russian Federation; 123007",,
Communication Center of the Ministry of Defense,,Communication Center of the Ministry of Defense,entity,出口管制·军工实体(Annex IV),Export control · military end-user (Annex IV),俄罗斯,Russia,2022-02-25,"Local name: Департамент информации и массовых коммуникаций Министерства обороны Российской Федерации；A.k.a: Department of Information and Mass Communications of the Ministry of Defence of the Russian Federation ｜ Address(es): 119019, Moscow, Khamovniki, Bolshoi Znamensky Pereulok, 21, Russian Federa",Департамент информации и массовых коммуникаций Министерства обороны Российской Федерации,Department of Information and Mass Communications of the Ministry of Defence of the Russian Federation,"119019, Moscow, Khamovniki, Bolshoi Znamensky Pereulok, 21, Russian Federa",,
Federal Research Center Boreskov Institute of Catalysis,,Federal Research Center Boreskov Institute of Catalysis,entity,出口管制·军工实体(Annex IV),Export control · military end-user (Annex IV),俄罗斯,Russia,2022-02-25,"Local name: Федеральное Государственное Бюджетное Учреждение Науки «Федеральный Исследовательский Центр «Институт Катализа им. Г.К. Борескова Сибирского Отделения Российской Академии Наук» (ИК СО РАН, Институт Катализа СО РАН)；A.k.a: Institute of Catalysis named after G. K. Boreskov SB RAS; IR SB RA","Федеральное Государственное Бюджетное Учреждение Науки «Федеральный Исследовательский Центр «Институт Катализа им. Г.К. Борескова Сибирского Отделения Российской Академии Наук» (ИК СО РАН, Институт Катализа СО РАН)",Institute of Catalysis named after G. K. Boreskov SB RAS; IR SB RA,,,
Federal State Budgetary Enterprise of the Administration of the President of Russia,,Federal State Budgetary Enterprise of the Administration of the President of Russia,entity,出口管制·军工实体(Annex IV),Export control · military end-user (Annex IV),俄罗斯,Russia,2022-02-25,"Local name: Управление делами Президента Российской Федерации；A.k.a: Administration of the President of the Russian Federation; The Administrative Directorate of the President of the Russian Federation ｜ Address(es): 103132, Moscow, Nikitnikov Pereulok, 2, Building 5, Russian Federation Telephone: +",Управление делами Президента Российской Федерации,Administration of the President of the Russian Federation; The Administrative Directorate of the President of the Russian Federation,"103132, Moscow, Nikitnikov Pereulok, 2, Building 5, Russian Federation",,
Federal State Budgetary Enterprise Special Flight Unit Rossiya of the Administration of the President of Russia,,Federal State Budgetary Enterprise Special Flight Unit Rossiya of the Administration of the President of Russia,entity,出口管制·军工实体(Annex IV),Export control · military end-user (Annex IV),俄罗斯,Russia,2022-02-25,"Local name: Федеральное Государственное Бюджетное Учреждение «Специальный Летный Отряд «Россия» Управления Делами Президента Российской Федерации (ФГБУ «СЛО «Россия»)；A.k.a: Federal State Budgetary Institution ""Special Flight Detachment ""Russia""; FGBU SLO Rossya; Federal State Budgetary Institution ",Федеральное Государственное Бюджетное Учреждение «Специальный Летный Отряд «Россия» Управления Делами Президента Российской Федерации (ФГБУ «СЛО «Россия»),"Federal State Budgetary Institution ""Special Flight Detachment ""Russia""; FGBU SLO Rossya; Federal State Budgetary Institution",,,
Federal State Unitary Enterprise Dukhov Automatics Research Institute (VNIIA),Federal State Unitary Enterprise Dukhov Automatics Research Institute,VNIIA,entity,出口管制·军工实体(Annex IV),Export control · military end-user (Annex IV),俄罗斯,Russia,2022-02-25,"Local name: Федеральное Государственное Унитарное Предприятие «Всероссийский Научно-Исследовательский Институт Автоматики им. Н.Л. Духова» (ФГУП «ВНИИА»)；A.k.a: Federal State Unitary Enterprise ""All-Russian Research Institute of Automation named after N.L. Dukhov""; FSUE ""VNIIA"" ｜ Address(es): 127030",Федеральное Государственное Унитарное Предприятие «Всероссийский Научно-Исследовательский Институт Автоматики им. Н.Л. Духова» (ФГУП «ВНИИА»),"Federal State Unitary Enterprise ""All-Russian Research Institute of Automation named after N.L. Dukhov""; FSUE ""VNIIA""",127030,,
Foreign Intelligence Service (SVR),Foreign Intelligence Service,SVR,entity,出口管制·军工实体(Annex IV),Export control · military end-user (Annex IV),俄罗斯,Russia,2022-02-25,"Local name: Служба Внешней Разведки Российской Федерации (СВР России)；A.k.a: Foreign Intelligence Service of the Russian Federation (SVR of Russia) ｜ Address(es): 119034, Moscow, Ostozhenka Str., 51, Building 1, Russian Federation Telephone: + 7 495 247-19-38; + 7 (499) 245-3368; + 7 (499) 255-7938 ",Служба Внешней Разведки Российской Федерации (СВР России),Foreign Intelligence Service of the Russian Federation (SVR of Russia),"119034, Moscow, Ostozhenka Str., 51, Building 1, Russian Federation",,
Forensic Center of Nizhniy Novgorod Region Main Directorate of the Ministry of Interior Affairs,,Forensic Center of Nizhniy Novgorod Region Main Directorate of the Ministry of Interior Affairs,entity,出口管制·军工实体(Annex IV),Export control · military end-user (Annex IV),俄罗斯,Russia,2022-02-25,Local name: Главное Управление Министерства Внутренних Дел Российской Федерации по Нижегородской Области (ГУ МВД России по Нижегородской Области)；A.k.a: Main Directorate of the Ministry of Internal Affairs of the Russian Federation for the Nizhny Novgorod Region; GU MIA of Russia for the Nizhny Novg,Главное Управление Министерства Внутренних Дел Российской Федерации по Нижегородской Области (ГУ МВД России по Нижегородской Области),Main Directorate of the Ministry of Internal Affairs of the Russian Federation for the Nizhny Novgorod Region; GU MIA of Russia for the Nizhny Novg,,,
International Center for Quantum Optics and Quantum Technologies (The Russian Quantum Center),International Center for Quantum Optics and Quantum Technologies,The Russian Quantum Center,entity,出口管制·军工实体(Annex IV),Export control · military end-user (Annex IV),俄罗斯,Russia,2022-02-25,"Local name: Общество с Ограниченной Ответственностью «Международный Центр Квантовой Оптики И Квантовых Технологий» (ООО «МЦКТ»); Российский квантовый центр (РКЦ)；A.k.a: RCC; RQC; LLC ""MCCT""; OOO MTsKT ｜ Address(es): 121205, Moscow, Territory of the Skolkovo Innovation Center, Bolshoi Boulevard, 30, ",Общество с Ограниченной Ответственностью «Международный Центр Квантовой Оптики И Квантовых Технологий» (ООО «МЦКТ»); Российский квантовый центр (РКЦ),"RCC; RQC; LLC ""MCCT""; OOO MTsKT","121205, Moscow, Territory of the Skolkovo Innovation Center, Bolshoi Boulevard, 30",,
Irkut Corporation,,Irkut Corporation,entity,出口管制·军工实体(Annex IV),Export control · military end-user (Annex IV),俄罗斯,Russia,2022-02-25,Local name: Публичное Акционерное Общество «Яковлев» (ПАО «Яковлев»); Публичное Акционерное Общество «Научно-Производственная Корпорация «Иркут» (ПАО «Корпорация «Иркут»)；A.k.a: Public Joint Stock Company Yakovlev; PJSC Yakovlev; Irkut Research and Production Corporation Public Joint Company; PJSC I,Публичное Акционерное Общество «Яковлев» (ПАО «Яковлев»); Публичное Акционерное Общество «Научно-Производственная Корпорация «Иркут» (ПАО «Корпорация «Иркут»),Public Joint Stock Company Yakovlev; PJSC Yakovlev; Irkut Research and Production Corporation Public Joint Company; PJSC I,,,
Joint Stock Company Scientific Research Institute of Computing Machinery,,Joint Stock Company Scientific Research Institute of Computing Machinery,entity,出口管制·军工实体(Annex IV),Export control · military end-user (Annex IV),俄罗斯,Russia,2022-02-25,"Local name: Акционерное Общество «Научно-Исследовательский Институт Средств Вычислительной Техники» (АО «НИИ СВТ»)；A.k.a: Scientific Research Institute of Computer Technology; JSC NII SVT; AO NII SVT ｜ Address(es): 610025, Kirov, Melnichnaya Str., 31, Russian Federation Telephone: 8(8332) 67-99-75 W",Акционерное Общество «Научно-Исследовательский Институт Средств Вычислительной Техники» (АО «НИИ СВТ»),Scientific Research Institute of Computer Technology; JSC NII SVT; AO NII SVT,"610025, Kirov, Melnichnaya Str., 31, Russian Federation",,
JSC Central Research Institute of Machine Building (JSC TsNIIMash),JSC Central Research Institute of Machine Building,JSC TsNIIMash,entity,出口管制·军工实体(Annex IV),Export control · military end-user (Annex IV),俄罗斯,Russia,2022-02-25,"Local name: Акционерное Общество «Центральный Научно-Исследовательский Институт Машиностроения» (АО «ЦНИИМаш»)；A.k.a: Federal State Unitary Enterprise Central Research Institute for Machine Building ｜ Address(es): 141070, Moscow Oblast, Korolev, Pionerskaya Str. 4, Building 22, Russian Federation Te",Акционерное Общество «Центральный Научно-Исследовательский Институт Машиностроения» (АО «ЦНИИМаш»),Federal State Unitary Enterprise Central Research Institute for Machine Building,"141070, Moscow Oblast, Korolev, Pionerskaya Str. 4, Building 22, Russian Federation Te",,
JSC Kazan Helicopter Plant Repair Service,,JSC Kazan Helicopter Plant Repair Service,entity,出口管制·军工实体(Annex IV),Export control · military end-user (Annex IV),俄罗斯,Russia,2022-02-25,"Local name: Акционерное Общество «Казанский Вертолетный Завод-Ремонт, Сервис» (АО «КВЗ-РемСервис»)；A.k.a: Kazanski Vertoletny Zavod Remservis; KVZ Remservis ｜ Address(es): 420085, Republic of Tatarstan, Kazan, Tetsevskaya Str., 14, Building 22, Russian Federation Telephone: + 7 (843) 571-90-67 Websi","Акционерное Общество «Казанский Вертолетный Завод-Ремонт, Сервис» (АО «КВЗ-РемСервис»)",Kazanski Vertoletny Zavod Remservis; KVZ Remservis,"420085, Republic of Tatarstan, Kazan, Tetsevskaya Str., 14, Building 22, Russian Federation",,
JSC Shipyard Zaliv (Zaliv Shipbuilding Yard),JSC Shipyard Zaliv,Zaliv Shipbuilding Yard,entity,出口管制·军工实体(Annex IV),Export control · military end-user (Annex IV),,,2022-02-25,"Local name: Открытое Акционерное Общество «Судостроительный Завод «Залив» (ОАО «Судостроительный Завод «Залив»)；A.k.a: Zaliv Shipbuilding Plant ｜ Address(es): 298310, Republic of Crimea, Kerch, Tankistov Str., 4 Telephone: + 7 978 705-23-88 Website: http://zaliv.com/ Email: zaliv@zaliv.com Registrat",Открытое Акционерное Общество «Судостроительный Завод «Залив» (ОАО «Судостроительный Завод «Залив»),Zaliv Shipbuilding Plant,"298310, Republic of Crimea, Kerch, Tankistov Str., 4",,http://zaliv.com/
JSC Rocket and Space Centre – Progress,,JSC Rocket and Space Centre – Progress,entity,出口管制·军工实体(Annex IV),Export control · military end-user (Annex IV),俄罗斯,Russia,2022-02-25,"Local name: «Ракетно-Космический Центр «Прогресс» (РКЦ «Прогресс»)；A.k.a: JSC Progress; RKTs Progress; Progress Rocket Space Centre ｜ Address(es): 443009, Samara Oblast, Samara, Zemets Str., 18, Russian Federation; Moscow, Gilyarovsky Str., 39, Building 1, Room 203, Russian Federation; Arkhangelsk O",«Ракетно-Космический Центр «Прогресс» (РКЦ «Прогресс»),JSC Progress; RKTs Progress; Progress Rocket Space Centre,"443009, Samara Oblast, Samara, Zemets Str., 18, Russian Federation; Moscow, Gilyarovsky Str., 39, Building 1, Room 203, Russian Federation; Arkhangelsk O",,
Kamensk-Uralsky Metallurgical Works JSC,,Kamensk-Uralsky Metallurgical Works JSC,entity,出口管制·军工实体(Annex IV),Export control · military end-user (Annex IV),俄罗斯,Russia,2022-02-25,"Local name: Открытое Акционерное Общество «Каменск-Уральский Металлургический Завод» (ОАО «КУМЗ»)；A.k.a: KUMZ JSC; Kamensk-Ural Metallurgical Plant ｜ Address(es): 623405, Sverdlovsk region, Kamensk-Uralsky, Zavodskaya Str., 5, Russian Federation Telephone: + 7 (3439)39-51-16 Website: https://kumz.ru",Открытое Акционерное Общество «Каменск-Уральский Металлургический Завод» (ОАО «КУМЗ»),KUMZ JSC; Kamensk-Ural Metallurgical Plant,"623405, Sverdlovsk region, Kamensk-Uralsky, Zavodskaya Str., 5, Russian Federation",,https://kumz.ru
Kazan Helicopter Plant PJSC,,Kazan Helicopter Plant PJSC,entity,出口管制·军工实体(Annex IV),Export control · military end-user (Annex IV),俄罗斯,Russia,2022-02-25,"Local name: Акционерное Общество «Казанский Вертолетный Завод» (АО «Казанский Вертолетный Завод»)；A.k.a: Kazan Helicopters; Kazanski Vertoletny Zavod AO ｜ Address(es): 420085, Republic of Tatarstan, Kazan, Tetsevskaya Str., 14, Russian Federation Telephone: + 7 (843) 549 66 99 Website: https://www.r",Акционерное Общество «Казанский Вертолетный Завод» (АО «Казанский Вертолетный Завод»),Kazan Helicopters; Kazanski Vertoletny Zavod AO,"420085, Republic of Tatarstan, Kazan, Tetsevskaya Str., 14, Russian Federation",,
Komsomolsk-na-Amur Aviation Production Organization (KNAAPO),Komsomolsk-na-Amur Aviation Production Organization,KNAAPO,entity,出口管制·军工实体(Annex IV),Export control · military end-user (Annex IV),俄罗斯,Russia,2022-02-25,Local name: Комсомольский-на-Амуре Авиационный Завод имени Ю. А. Гагарина (КнААЗ); Открытое Акционерное Общество «Комсомольское-на-Амуре Авиационное Производственное Объединение имени Ю.А. Гагарина» (ОАО «КнААПО»)；A.k.a: Komsomolsk-on-Amur Aviation Plant named after Y. A. Gagarin; KnAAZ; Branch of P,Комсомольский-на-Амуре Авиационный Завод имени Ю. А. Гагарина (КнААЗ); Открытое Акционерное Общество «Комсомольское-на-Амуре Авиационное Производственное Объединение имени Ю.А. Гагарина» (ОАО «КнААПО»),Komsomolsk-on-Amur Aviation Plant named after Y. A. Gagarin; KnAAZ; Branch of P,,,
Ministry of Defence of the Russian Federation,,Ministry of Defence of the Russian Federation,entity,出口管制·军工实体(Annex IV),Export control · military end-user (Annex IV),俄罗斯,Russia,2022-02-25,"Local name: Министерство Обороны Российской Федерации (Минобороны России)；A.k.a: MOD RF; MO RF ｜ Address(es): 119019, Moscow, Znamenka Str., 19, Russian Federation Website: http://mil.ru/ Email: info@mil.ru Registration number: 7704252261 (Tax ID/INN)",Министерство Обороны Российской Федерации (Минобороны России),MOD RF; MO RF,"119019, Moscow, Znamenka Str., 19, Russian Federation",7704252261 (Tax ID/INN),http://mil.ru/
Moscow Institute of Physics and Technology,,Moscow Institute of Physics and Technology,entity,出口管制·军工实体(Annex IV),Export control · military end-user (Annex IV),俄罗斯,Russia,2022-02-25,"Local name: Федеральное Государственное Автономное Образовательное Учреждение Высшего Образования «Московский Физико-Технический Институт (Национальный Исследовательский Университет)» (МФТИ, ФИЗТЕХ)；A.k.a: MFTI, FizTech; MIPT ｜ Address(es): 117303, Moscow, Kerchenskaya Str., 1A, Building 1, Russian ","Федеральное Государственное Автономное Образовательное Учреждение Высшего Образования «Московский Физико-Технический Институт (Национальный Исследовательский Университет)» (МФТИ, ФИЗТЕХ)","MFTI, FizTech; MIPT","117303, Moscow, Kerchenskaya Str., 1A, Building 1, Russian",,
NPO Splav JSC,,NPO Splav JSC,entity,出口管制·军工实体(Annex IV),Export control · military end-user (Annex IV),俄罗斯,Russia,2022-02-25,"Local name: Акционерное Общество «Научно-Производственное Объединение «Сплав» имени А.Н. Ганичева» (АО «НПО «Сплав» им. А.Н. Ганичева»)；A.k.a: Scientific and Production Association ""SPLAV""; JSC A.N. Ganichev Scientific and Production Association ""SPLAV"" ｜ Address(es): 300004, Tula Oblast, Tula, Shch",Акционерное Общество «Научно-Производственное Объединение «Сплав» имени А.Н. Ганичева» (АО «НПО «Сплав» им. А.Н. Ганичева»),"Scientific and Production Association ""SPLAV""; JSC A.N. Ganichev Scientific and Production Association ""SPLAV""","300004, Tula Oblast, Tula, Shch",,
OPK Oboronprom,,OPK Oboronprom,entity,出口管制·军工实体(Annex IV),Export control · military end-user (Annex IV),俄罗斯,Russia,2022-02-25,"Local name: Акционерное Общество «Объединенная Промышленная Корпорация «Оборонпром» (АО «ОПК «Оборонпром»)；A.k.a: United Industrial Corporation Oboronprom ｜ Address(es): 121357, Moscow, Vereyskaya Str., 29, Building 141, Russian Federation Telephone: + 7 (495) 984-02-15 Website: https://oboronprom.c",Акционерное Общество «Объединенная Промышленная Корпорация «Оборонпром» (АО «ОПК «Оборонпром»),United Industrial Corporation Oboronprom,"121357, Moscow, Vereyskaya Str., 29, Building 141, Russian Federation",,
PJSC Beriev Aircraft Company,,PJSC Beriev Aircraft Company,entity,出口管制·军工实体(Annex IV),Export control · military end-user (Annex IV),俄罗斯,Russia,2022-02-25,"Local name: Публичное Акционерное Общество «Таганрогский Авиационный Научно-Технический Комплекс им. Г.М. Бериева» (ПАО «ТАНТК им. Г.М. Бериева»)；A.k.a: Taganrog Aviation Scientific and Technical Complex named after G. M. Beriev; Public Joint-Stock Company ""Beriev Aircraft""; TANTK ｜ Address(es): 347",Публичное Акционерное Общество «Таганрогский Авиационный Научно-Технический Комплекс им. Г.М. Бериева» (ПАО «ТАНТК им. Г.М. Бериева»),"Taganrog Aviation Scientific and Technical Complex named after G. M. Beriev; Public Joint-Stock Company ""Beriev Aircraft""; TANTK",347,,
POLYUS Research Institute of M.F. Stelmakh Joint Stock Company,,POLYUS Research Institute of M.F. Stelmakh Joint Stock Company,entity,出口管制·军工实体(Annex IV),Export control · military end-user (Annex IV),俄罗斯,Russia,2022-02-25,"Local name: Акционерное Общество «Научно-Исследовательский Институт «Полюс» им. М.Ф.Стельмаха» (АО «НИИ «Полюс» им. М.Ф.Стельмаха»)；A.k.a: Joint Stock Company Institute for Scientific Research Polyus Named After M. F. Stelmakha; NII Polyus; Polyus Scientific Research Institute ｜ Address(es): 117342,",Акционерное Общество «Научно-Исследовательский Институт «Полюс» им. М.Ф.Стельмаха» (АО «НИИ «Полюс» им. М.Ф.Стельмаха»),Joint Stock Company Institute for Scientific Research Polyus Named After M. F. Stelmakha; NII Polyus; Polyus Scientific Research Institute,117342,,
"Promtech-Dubna, JSC",,"Promtech-Dubna, JSC",entity,出口管制·军工实体(Annex IV),Export control · military end-user (Annex IV),俄罗斯,Russia,2022-02-25,"Local name: Акционерное Общество «Промтех-Дубна» (АО «Промтех-Дубна») ｜ Address(es): 141983, Moscow Oblast, Dubna, Programistov Str., 4, Room 364, Russian Federation; 141983, Moscow Oblast, Dubna, Nauki Prospekt, 14, Russian Federation Telephone: + 7 (",Акционерное Общество «Промтех-Дубна» (АО «Промтех-Дубна»),,"141983, Moscow Oblast, Dubna, Programistov Str., 4, Room 364, Russian Federation; 141983, Moscow Oblast, Dubna, Nauki Prospekt, 14, Russian Federation",,
Public Joint Stock Company United Aircraft Corporation,,Public Joint Stock Company United Aircraft Corporation,entity,出口管制·军工实体(Annex IV),Export control · military end-user (Annex IV),俄罗斯,Russia,2022-02-25,"Local name: Публичное Акционерное Общество «Объединенная Авиастроительная Корпорация» (ПАО «ОАК»)；A.k.a: PAO AOK; PJSC UAC ｜ Address(es): 115054, Moscow, Bolshaya Pionerskaya Str., 1, Russian Federation Telephone: + 7 495 926-14-20 Website: http://uacrussia.ru/ Email: office@uacrussia.ru Registratio",Публичное Акционерное Общество «Объединенная Авиастроительная Корпорация» (ПАО «ОАК»),PAO AOK; PJSC UAC,"115054, Moscow, Bolshaya Pionerskaya Str., 1, Russian Federation",,http://uacrussia.ru/
Radiotechnical and Information Systems (RTI) Concern,Radiotechnical and Information Systems,Concern,entity,出口管制·军工实体(Annex IV),Export control · military end-user (Annex IV),俄罗斯,Russia,2022-02-25,"Local name: Акционерное Общество «Научно-Производственное Объединение Дальней Радиолокации» (АО «НПО Дальней Радиолокации»); Акционерное Общество «Концерн «Радиотехнические и Информационные Системы» (АО «Концерн «РТИ Системы»)；A.k.a: RTI Systems; Joint Stock Company ""Scientific and Production Associ",Акционерное Общество «Научно-Производственное Объединение Дальней Радиолокации» (АО «НПО Дальней Радиолокации»); Акционерное Общество «Концерн «Радиотехнические и Информационные Системы» (АО «Концерн «РТИ Системы»),"RTI Systems; Joint Stock Company ""Scientific and Production Associ",,,
Rapart Services LLC,,Rapart Services LLC,entity,出口管制·军工实体(Annex IV),Export control · military end-user (Annex IV),俄罗斯,Russia,2022-02-25,"Local name: Общество с Ограниченной ответственностью «РАпарт Сервисез» (ООО «РАпарт Сервисез») ｜ Address(es): 141580, Moscow Oblast, Khimki, Dubrovki District, Aeroportskaya Str., 2/2, ""Sherland"" Business Centre, Russian Federation; 141580, Moscow Oblast, Khimki, Dubrovki Dist",Общество с Ограниченной ответственностью «РАпарт Сервисез» (ООО «РАпарт Сервисез»),,"141580, Moscow Oblast, Khimki, Dubrovki District, Aeroportskaya Str., 2/2, ""Sherland"" Business Centre, Russian Federation; 141580, Moscow Oblast, Khimki, Dubrovki Dist",,
Rosoboronexport OJSC (ROE),Rosoboronexport OJSC,ROE,entity,出口管制·军工实体(Annex IV),Export control · military end-user (Annex IV),俄罗斯,Russia,2022-02-25,"Local name: Акционерное Общество «Рособоронэкспорт» (АО «Рособоронэкспорт») ｜ Address(es): 107076, Moscow, Stromynka Str., 272, Russian Federation Telephone: + 7 (495) 534 61 83 Website: https://roe.ru/ Email: roe@roe.ru Registration number: 7718852163 (Tax ",Акционерное Общество «Рособоронэкспорт» (АО «Рособоронэкспорт»),,"107076, Moscow, Stromynka Str., 272, Russian Federation",7718852163 (Tax,https://roe.ru/
Rostec (Russian Technologies State Corporation),Rostec,Russian Technologies State Corporation,entity,出口管制·军工实体(Annex IV),Export control · military end-user (Annex IV),俄罗斯,Russia,2022-02-25,"Local name: Государственная Корпорация по Содействию Разработке, Производству и Экспорту Высокотехнологичной Промышленной Продукции «Ростех» (Государственная Корпорация «Ростех»)；A.k.a: Rostekh; Russian Technologies; State Corporation for the Promotion of the Development, Manufacture, and Export of ","Государственная Корпорация по Содействию Разработке, Производству и Экспорту Высокотехнологичной Промышленной Продукции «Ростех» (Государственная Корпорация «Ростех»)","Rostekh; Russian Technologies; State Corporation for the Promotion of the Development, Manufacture, and Export of",,,
Rostekh – Azimuth,,Rostekh – Azimuth,entity,出口管制·军工实体(Annex IV),Export control · military end-user (Annex IV),俄罗斯,Russia,2022-02-25,"Local name: Акционерное Общество «Азимут» (АО «Азимут»)；A.k.a: Azimut JSC ｜ Address(es): 125167, Moscow, Naryshkinskaya Alleya, 5, Building 2, Floor 2, Premises X, Room 15, Russian Federation Telephone: + 7 495 926 37 69 Website: https://azimut.ru/ Email: ",Акционерное Общество «Азимут» (АО «Азимут»),Azimut JSC,"125167, Moscow, Naryshkinskaya Alleya, 5, Building 2, Floor 2, Premises X, Room 15, Russian Federation",,https://azimut.ru/
Russian Aircraft Corporation MiG,,Russian Aircraft Corporation MiG,entity,出口管制·军工实体(Annex IV),Export control · military end-user (Annex IV),俄罗斯,Russia,2022-02-25,"Local name: Акционерное Общество «Российская Самолетостроительная Корпорация «МиГ» (АО «РСК «МиГ»)；A.k.a: JSC ""RAC MiG""; Mikoyan ｜ Address(es): 125171, Moscow, Leningradskoe Shosse, 6, Building 1, Russian Federation Telephone: + 7(495) 721-81-00 Website: http://www.migavia.ru/ Email: inbox@rsk-mig.r",Акционерное Общество «Российская Самолетостроительная Корпорация «МиГ» (АО «РСК «МиГ»),"JSC ""RAC MiG""; Mikoyan","125171, Moscow, Leningradskoe Shosse, 6, Building 1, Russian Federation",,http://www.migavia.ru/
Russian Helicopters JSC,,Russian Helicopters JSC,entity,出口管制·军工实体(Annex IV),Export control · military end-user (Annex IV),俄罗斯,Russia,2022-02-25,"Local name: Акционерное Общество «Вертолеты России» (АО «Вертолеты России»)；A.k.a: AO Vertolety Rossii ｜ Address(es): 123610, Moscow, Bolshaya Pionerskaya, 1, Russian Federation; 123557, Moscow, Presnensky Val, 14, Russian Federation Telephone: + 7 (495) 660-5560 Website: https://www.",Акционерное Общество «Вертолеты России» (АО «Вертолеты России»),AO Vertolety Rossii,"123610, Moscow, Bolshaya Pionerskaya, 1, Russian Federation; 123557, Moscow, Presnensky Val, 14, Russian Federation",,
SP KVANT (Sovmestnoe Predpriyatie Kvantovye Tekhnologii),SP KVANT,Sovmestnoe Predpriyatie Kvantovye Tekhnologii,entity,出口管制·军工实体(Annex IV),Export control · military end-user (Annex IV),俄罗斯,Russia,2022-02-25,"Local name: Общество с Ограниченной Ответственностью «Совместное Предприятие «Квантовые Технологии» (ООО «СП «Квант»)；A.k.a: Joint Venture Quantum Technologies ｜ Address(es): 121205, Moscow, Territory of the Skolkovo Innovation Centre, Nobelya Str., 1, Russian Federation; 115230, Moscow, Varshavskoe",Общество с Ограниченной Ответственностью «Совместное Предприятие «Квантовые Технологии» (ООО «СП «Квант»),Joint Venture Quantum Technologies,"121205, Moscow, Territory of the Skolkovo Innovation Centre, Nobelya Str., 1, Russian Federation; 115230, Moscow, Varshavskoe",,
Sukhoi Aviation JSC,,Sukhoi Aviation JSC,entity,出口管制·军工实体(Annex IV),Export control · military end-user (Annex IV),俄罗斯,Russia,2022-02-25,"Local name: Акционерное Общество «Авиационная Холдинговая Компания «Сухой» (АО «Компания «Сухой»)；A.k.a: Joint Stock Company ""Aviation Holding Company ""Sukhoi"" ｜ Address(es): 125284, Moscow, Polikarpova Str., 23B, Russian Federation Telephone: + 7 (499) 550-01-06 Website: https://www.sukhoi.org/ Ema",Акционерное Общество «Авиационная Холдинговая Компания «Сухой» (АО «Компания «Сухой»),"Joint Stock Company ""Aviation Holding Company ""Sukhoi""","125284, Moscow, Polikarpova Str., 23B, Russian Federation",,https://www.sukhoi.org/ Ema
Sukhoi Civil Aircraft,,Sukhoi Civil Aircraft,entity,出口管制·军工实体(Annex IV),Export control · military end-user (Annex IV),俄罗斯,Russia,2022-02-25,"Local name: Акционерное Общество «Гражданские Самолеты Сухого» (АО «ГСС»)；A.k.a: SACC; Sukhoi Civil Aircraft Company (SCAC); AO GSS ｜ Address(es): 115280, Moscow, Leninskaya Sloboda Str., 26, Floor 1, Premises IV, Room 54, Russian Federation; 125284, Moscow, Polikarpova Str., 23B, Building 2, Russia",Акционерное Общество «Гражданские Самолеты Сухого» (АО «ГСС»),SACC; Sukhoi Civil Aircraft Company (SCAC); AO GSS,"115280, Moscow, Leninskaya Sloboda Str., 26, Floor 1, Premises IV, Room 54, Russian Federation; 125284, Moscow, Polikarpova Str., 23B, Building 2, Russia",,
Tactical Missiles Corporation JSC,,Tactical Missiles Corporation JSC,entity,出口管制·军工实体(Annex IV),Export control · military end-user (Annex IV),俄罗斯,Russia,2022-02-25,"Local name: Акционерное Общество «Корпорация «Тактическое Ракетное Вооружение» (АО «Корпорация «Тактическое Ракетное Вооружение»)；A.k.a: KTRV ｜ Address(es): 141080, Moscow Oblast, Korolev, Ilycha Str., 7, Russian Federation Telephone: + 7 (495) 542-57-09 Website: https://ktrv.ru/ Email: kmo@ktrv.ru ",Акционерное Общество «Корпорация «Тактическое Ракетное Вооружение» (АО «Корпорация «Тактическое Ракетное Вооружение»),KTRV,"141080, Moscow Oblast, Korolev, Ilycha Str., 7, Russian Federation",,https://ktrv.ru/
Tupolev JSC,,Tupolev JSC,entity,出口管制·军工实体(Annex IV),Export control · military end-user (Annex IV),俄罗斯,Russia,2022-02-25,"Local name: Акционерное Общество «Туполев» (АО «Туполев») ｜ Address(es): 105005, Moscow, Akademika Tupoleva Embankment, 17, Russian Federation Telephone: + 7 (499) 263-77-77 Website: https://tupolev.ru/ Email: info@tupolev.ru Registration n",Акционерное Общество «Туполев» (АО «Туполев»),,"105005, Moscow, Akademika Tupoleva Embankment, 17, Russian Federation",,https://tupolev.ru/
UEC-Saturn,,UEC-Saturn,entity,出口管制·军工实体(Annex IV),Export control · military end-user (Annex IV),俄罗斯,Russia,2022-02-25,"Local name: Публичное Акционерное Общество «ОДК-Сатурн» (ПАО «ОДК-Сатурн»)；A.k.a: United Engine Corporation – Saturn; ODK-Saturn PAO; PJSC UEC-Saturn ｜ Address(es): 152903, Yaroslavl Oblast, Rybinsk, Lenina Prospekt, 163, Russian Federation Telephone: + 7 (4855) 329-000 Website: https://www.uecrus.c",Публичное Акционерное Общество «ОДК-Сатурн» (ПАО «ОДК-Сатурн»),United Engine Corporation – Saturn; ODK-Saturn PAO; PJSC UEC-Saturn,"152903, Yaroslavl Oblast, Rybinsk, Lenina Prospekt, 163, Russian Federation",,
JSC AeroKompozit,,JSC AeroKompozit,entity,出口管制·军工实体(Annex IV),Export control · military end-user (Annex IV),俄罗斯,Russia,2022-02-25,"Local name: Акционерное Общество «АэроКомпозит» (АО «АэроКомпозит»)；A.k.a: Joint Stock Company ""AeroComposit"" ｜ Address(es): 125284, Moscow, Polikarpova Str. 23B, Building 2, Russian Federation; 125167, Moscow, Leningradsky Prospekt, 47, Russian Federation Website: http://aerocomposit.ru (of",Акционерное Общество «АэроКомпозит» (АО «АэроКомпозит»),"Joint Stock Company ""AeroComposit""","125284, Moscow, Polikarpova Str. 23B, Building 2, Russian Federation; 125167, Moscow, Leningradsky Prospekt, 47, Russian Federation",,
United Engine Corporation,,United Engine Corporation,entity,出口管制·军工实体(Annex IV),Export control · military end-user (Annex IV),俄罗斯,Russia,2022-02-25,"Local name: Акционерное Общество «Объединенная Двигателестроительная Корпорация» (АО «ОДК»)；A.k.a: JSC UEC; AO ODK ｜ Address(es): 105118, Moscow, Budyonny Prospekt, 16, Russian Federation; 109147, Moscow, Mayakovsky Pereulok, 11, Russian Federation Telephone: + 7 495 232 55 02; + 7 (499) 558-16-9",Акционерное Общество «Объединенная Двигателестроительная Корпорация» (АО «ОДК»),JSC UEC; AO ODK,"105118, Moscow, Budyonny Prospekt, 16, Russian Federation; 109147, Moscow, Mayakovsky Pereulok, 11, Russian Federation",,
UEC-Aviadvigatel JSC,,UEC-Aviadvigatel JSC,entity,出口管制·军工实体(Annex IV),Export control · military end-user (Annex IV),俄罗斯,Russia,2022-02-25,"Local name: Акционерное Общество «ОДК-Авиадвигатель» (АО «ОДК-Авиадвигатель»)；A.k.a: AO ODK-Aviadvigatel ｜ Address(es): 614010, Perm Krai, Perm, Komsomolsky Prospekt, 93, Building 61, Russian Federation Telephone: + 7 (342) 240-97-86 Website: https://www.avid.ru/; https://uecrus.com/abo",Акционерное Общество «ОДК-Авиадвигатель» (АО «ОДК-Авиадвигатель»),AO ODK-Aviadvigatel,"614010, Perm Krai, Perm, Komsomolsky Prospekt, 93, Building 61, Russian Federation",,https://www.avid.ru/; https://uecrus.com/abo
United Instrument Manufacturing Corporation,,United Instrument Manufacturing Corporation,entity,出口管制·军工实体(Annex IV),Export control · military end-user (Annex IV),俄罗斯,Russia,2022-02-25,"Local name: Акционерное Общество «Объединенная Приборостроительная Корпорация» (АО «ОПК»)；A.k.a: AO OPK; UIMC ｜ Address(es): 121357, Moscow, Vereyskaya Str., 29, Building 141, Russian Federation Telephone: + 7 (495) 357-09-04 Website: http://rtopk.ru/ Email: info@opkrt.ru Registration number",Акционерное Общество «Объединенная Приборостроительная Корпорация» (АО «ОПК»),AO OPK; UIMC,"121357, Moscow, Vereyskaya Str., 29, Building 141, Russian Federation",,http://rtopk.ru/
United Shipbuilding Corporation,,United Shipbuilding Corporation,entity,出口管制·军工实体(Annex IV),Export control · military end-user (Annex IV),俄罗斯,Russia,2022-02-25,"Local name: Объединённая судостроительная корпорация, ОСК；A.k.a: USC; AO OSK ｜ Address(es): 191119, St. Petersburg, Marata Str., 90, Russian Federation; 115184, Moscow, Bolshaya Tatarskaya Str., 11, Building V, Russian Federation Telephone: + 7 495 617-33-00;","Объединённая судостроительная корпорация, ОСК",USC; AO OSK,"191119, St. Petersburg, Marata Str., 90, Russian Federation; 115184, Moscow, Bolshaya Tatarskaya Str., 11, Building V, Russian Federation",,
JSC PO Sevmash,,JSC PO Sevmash,entity,出口管制·军工实体(Annex IV),Export control · military end-user (Annex IV),俄罗斯,Russia,2022-02-25,"Local name: Акционерное Общество «Производственное Объединение «Северное Машиностроительное Предприятие» (АО «ПО «СевМаш»)；A.k.a: JSC ""Production Association ""Northern Machine Building Enterprise"" ｜ Address(es): 164500, Arkhangelsk Oblast, Severodvinsk, Arkhangelskoye Shosse, 58, Russian Federation ",Акционерное Общество «Производственное Объединение «Северное Машиностроительное Предприятие» (АО «ПО «СевМаш»),"JSC ""Production Association ""Northern Machine Building Enterprise""","164500, Arkhangelsk Oblast, Severodvinsk, Arkhangelskoye Shosse, 58, Russian Federation",,
Krasnoye Sormovo Shipyard,,Krasnoye Sormovo Shipyard,entity,出口管制·军工实体(Annex IV),Export control · military end-user (Annex IV),俄罗斯,Russia,2022-02-25,"Local name: Публичное Акционерное Общество «Завод «Красное Сормово» (ПАО «Завод «Красное Сормово»)；A.k.a: PJSC ""Zavod ""Krasnoye Sormovo"" ｜ Address(es): 603003, Nizhny Novgorod Oblast, Nizhny Novgorod, Barrikad Str., 1, Russian Federation Telephone: + 7 (831) 229-61-05; + 7 (831) 229-61-27 Website: h",Публичное Акционерное Общество «Завод «Красное Сормово» (ПАО «Завод «Красное Сормово»),"PJSC ""Zavod ""Krasnoye Sormovo""","603003, Nizhny Novgorod Oblast, Nizhny Novgorod, Barrikad Str., 1, Russian Federation",,
Severnaya Shipyard,,Severnaya Shipyard,entity,出口管制·军工实体(Annex IV),Export control · military end-user (Annex IV),俄罗斯,Russia,2022-02-25,"Local name: Публичное Акционерное Общество Судостроительный Завод «Северная Верфь» (ПАО СЗ «Северная Верфь»)；A.k.a: PJSC Shipbuilding Plant ""Severnaya Verf""; PAO SZ ""Severnaya Verf"" ｜ Address(es): 198096, St. Petersburg, Korabelnaya Str., 61, Russian Federation Telephone: + 7 (812) 600-52-60 Website",Публичное Акционерное Общество Судостроительный Завод «Северная Верфь» (ПАО СЗ «Северная Верфь»),"PJSC Shipbuilding Plant ""Severnaya Verf""; PAO SZ ""Severnaya Verf""","198096, St. Petersburg, Korabelnaya Str., 61, Russian Federation",,
Shipyard Yantar,,Shipyard Yantar,entity,出口管制·军工实体(Annex IV),Export control · military end-user (Annex IV),俄罗斯,Russia,2022-02-25,"Local name: Акционерное Общество «Прибалтийский Судостроительный Завод «Янтарь» (АО «ПСЗ «Янтарь»)；A.k.a: JSC ""Pribaltic Shipbuilding Factory ""Yantar""; AO PSZ Yantar ｜ Address(es): 236005, Kaliningrad Oblast, Kaliningrad, Guskova Square, 1, Russian Federation Telephone: + 7 (4012) 61 30 71; + 7 (401",Акционерное Общество «Прибалтийский Судостроительный Завод «Янтарь» (АО «ПСЗ «Янтарь»),"JSC ""Pribaltic Shipbuilding Factory ""Yantar""; AO PSZ Yantar","236005, Kaliningrad Oblast, Kaliningrad, Guskova Square, 1, Russian Federation",,
UralVagonZavod,,UralVagonZavod,entity,出口管制·军工实体(Annex IV),Export control · military end-user (Annex IV),俄罗斯,Russia,2022-02-25,"Local name: Акционерное Общество «Научно-Производственная Корпорация «Уралвагонзавод» имени Ф.Э. Дзержинского» (АО «Научно-Производственная Корпорация «Уралвагонзавод»)；A.k.a: JSC ""Scientific and Production Corporation ""Uralvagonzavod"" named after F. E. Dzerzhinsky""; Research and Production Corporat",Акционерное Общество «Научно-Производственная Корпорация «Уралвагонзавод» имени Ф.Э. Дзержинского» (АО «Научно-Производственная Корпорация «Уралвагонзавод»),"JSC ""Scientific and Production Corporation ""Uralvagonzavod"" named after F. E. Dzerzhinsky""; Research and Production Corporat",,,
Baikal Electronics,,Baikal Electronics,entity,出口管制·军工实体(Annex IV),Export control · military end-user (Annex IV),俄罗斯,Russia,2022-03-15,"Local name: Акционерноe Обществo «Байкал Электроникс» (АО «Байкал Электроникс»)；A.k.a: AO ""Baikal Elektroniks"" ｜ Address(es): 143421, Moscow Oblast, Krasnogorsk District, 26th Kilometer of the M9 ""Baltia"" Highway, 5 (RigaLand Business Centre), Building 1, Russian Federation; 123182, Moscow, M",Акционерноe Обществo «Байкал Электроникс» (АО «Байкал Электроникс»),"AO ""Baikal Elektroniks""","143421, Moscow Oblast, Krasnogorsk District, 26th Kilometer of the M9 ""Baltia"" Highway, 5 (RigaLand Business Centre), Building 1, Russian Federation; 123182, Moscow, M",,
Center for Technological Competencies in Radiophtonics,,Center for Technological Competencies in Radiophtonics,entity,出口管制·军工实体(Annex IV),Export control · military end-user (Annex IV),俄罗斯,Russia,2022-03-15,"Local name: Центр Технологических Компетенций в Области Радиофотоники ｜ Address(es): 127083, Moscow, 8th March Str., 10, Building 1, Russian Federation",Центр Технологических Компетенций в Области Радиофотоники,,"127083, Moscow, 8th March Str., 10, Building 1, Russian Federation",,
Central Research and Development Institute Tsiklon,,Central Research and Development Institute Tsiklon,entity,出口管制·军工实体(Annex IV),Export control · military end-user (Annex IV),俄罗斯,Russia,2022-03-15,"Local name: Акционерное Общество «Центральный Научно-Исследовательский Институт «Циклон» (АО ""ЦНИИ «Циклон»)；A.k.a: Cyclone TsNII; CRI Cyclone; Central Research Institute Cyclone JSC ｜ Address(es): 107497, Moscow, Golyanovo Municipal District, Shchelkovskoe Shosse, 77, Russian Federation Telephone: ","Акционерное Общество «Центральный Научно-Исследовательский Институт «Циклон» (АО ""ЦНИИ «Циклон»)",Cyclone TsNII; CRI Cyclone; Central Research Institute Cyclone JSC,"107497, Moscow, Golyanovo Municipal District, Shchelkovskoe Shosse, 77, Russian Federation",,
Crocus Nano Electronics,,Crocus Nano Electronics,entity,出口管制·军工实体(Annex IV),Export control · military end-user (Annex IV),俄罗斯,Russia,2022-03-15,"Local name: Общество С Ограниченной Ответственностью «Крокус Наноэлектроника» (ООО «Крокус Наноэлектроника»)；A.k.a: OOO Krokus Nanoelektronika; OOO Crocusnano ｜ Address(es): 109129, Moscow, Tekstilshschiki Municipal District, 8th Testilshchikov Str., 11, Building 2, Russian Federation; 109129, Mosco",Общество С Ограниченной Ответственностью «Крокус Наноэлектроника» (ООО «Крокус Наноэлектроника»),OOO Krokus Nanoelektronika; OOO Crocusnano,"109129, Moscow, Tekstilshschiki Municipal District, 8th Testilshchikov Str., 11, Building 2, Russian Federation; 109129, Mosco",,
Dalzavod Ship-Repair Center,,Dalzavod Ship-Repair Center,entity,出口管制·军工实体(Annex IV),Export control · military end-user (Annex IV),俄罗斯,Russia,2022-03-15,"Local name: Акционерное Общество «Центр Судоремонта «Дальзавод» (АО «ЦСД»)；A.k.a: AO TsSD; DCSS; AO Tsentr Sudoremonta Dalzavod; JSC CSD ｜ Address(es): 690950, Vladivostok, Svetlanskaya Str., 72, Russian Federation; 690001, Primorsky Krai, Vladivostok, Dalzavodskaya Str., 2, Premises 22, Room 2-27, ",Акционерное Общество «Центр Судоремонта «Дальзавод» (АО «ЦСД»),AO TsSD; DCSS; AO Tsentr Sudoremonta Dalzavod; JSC CSD,"690950, Vladivostok, Svetlanskaya Str., 72, Russian Federation; 690001, Primorsky Krai, Vladivostok, Dalzavodskaya Str., 2, Premises 22, Room 2-27",,
Elara,,Elara,entity,出口管制·军工实体(Annex IV),Export control · military end-user (Annex IV),俄罗斯,Russia,2022-03-15,"Local name: Акционерное Общество «Научно-Производственный Комплекс «Элара» имени Г.А. Ильенко» (АО «Элара»)；A.k.a: JSC Scientific and Production Complex Elara named after G.A. Illienko; The Ilyenko Elara Research and Production Complex, Joint-Stock Company ｜ Address(es): 428034, Chuvash Republic, Ch",Акционерное Общество «Научно-Производственный Комплекс «Элара» имени Г.А. Ильенко» (АО «Элара»),"JSC Scientific and Production Complex Elara named after G.A. Illienko; The Ilyenko Elara Research and Production Complex, Joint-Stock Company","428034, Chuvash Republic, Ch",,
Electronic Computing and Information Systems,,Electronic Computing and Information Systems,entity,出口管制·军工实体(Annex IV),Export control · military end-user (Annex IV),俄罗斯,Russia,2022-03-15,"Local name: Акционерное Общество Научно-Производственный Центр «Электронные Вычислительно-Информационные Системы» (АО НПЦ «Элвис»)；A.k.a: ELVIS, JSC Research and Development Center ELVEES; Scientific Production Center Elvis ｜ Address(es): 124460, Moscow, Solino Municipal District, Zelenograd, Konstr",Акционерное Общество Научно-Производственный Центр «Электронные Вычислительно-Информационные Системы» (АО НПЦ «Элвис»),"ELVIS, JSC Research and Development Center ELVEES; Scientific Production Center Elvis","124460, Moscow, Solino Municipal District, Zelenograd, Konstr",,
ELPROM,,ELPROM,entity,出口管制·军工实体(Annex IV),Export control · military end-user (Annex IV),俄罗斯,Russia,2022-03-15,"Local name: Общество с Ограниченной Ответственностью «Элпром» (ООО «Элпром»)；A.k.a: OOO Elprom; Elprom LLC ｜ Address(es): 196142, St. Petersburg, Zvezdoe Municipal District, Pulkovskaya Str., 2, Building 1, Letter A; 198095, St. Petersburg, Marshala Govorova Str., 40, Letter A, Premises 2",Общество с Ограниченной Ответственностью «Элпром» (ООО «Элпром»),OOO Elprom; Elprom LLC,"196142, St. Petersburg, Zvezdoe Municipal District, Pulkovskaya Str., 2, Building 1, Letter A; 198095, St. Petersburg, Marshala Govorova Str., 40, Letter A, Premises 2",,
Engineering Center Ltd.,,Engineering Center Ltd.,entity,出口管制·军工实体(Annex IV),Export control · military end-user (Annex IV),俄罗斯,Russia,2022-03-15,"Local name: Общество с Ограниченной Ответственностью «Инжиниринговый Центр» (ООО «Инжиниринговый Центр»)；A.k.a: OOO Engineering Center; LCEC; EC ｜ Address(es): 125367, Moscow, Pokrovskoye-Streshnevo Municipal District, Gabricheskogo Str., 4, Room 124, Russian Federation; 125424, Moscow, Volokolamsko",Общество с Ограниченной Ответственностью «Инжиниринговый Центр» (ООО «Инжиниринговый Центр»),OOO Engineering Center; LCEC; EC,"125367, Moscow, Pokrovskoye-Streshnevo Municipal District, Gabricheskogo Str., 4, Room 124, Russian Federation; 125424, Moscow, Volokolamsko",,
Forss Technology Ltd.,,Forss Technology Ltd.,entity,出口管制·军工实体(Annex IV),Export control · military end-user (Annex IV),俄罗斯,Russia,2022-03-15,"Local name: Общество с Ограниченной Ответственностью «Форсс Технологии» (ООО «ФТ»)；A.k.a: OOO FT ｜ Address(es): 190013, St. Petersburg, Semenovsky Municipal District, Bronnitskaya Str., 44, Letter 1, Premises 1N, Russian Federation Telephone: 8 (812) 363-14-67, 8 (812) 363-14-68",Общество с Ограниченной Ответственностью «Форсс Технологии» (ООО «ФТ»),OOO FT,"190013, St. Petersburg, Semenovsky Municipal District, Bronnitskaya Str., 44, Letter 1, Premises 1N, Russian Federation",,
Integral SPB,,Integral SPB,entity,出口管制·军工实体(Annex IV),Export control · military end-user (Annex IV),俄罗斯,Russia,2022-03-15,"Local name: Совместное Предприятие Акционерное Общество «Интеграл СПБ» (СП АО «Интеграл СПБ»)；A.k.a: Joint Venture JSC Integral SPB ｜ Address(es): 195279, St. Petersburg, Irinovsky Prospekt, 21, Building 1, Russian Federation Telephone: + 7 (812) 527-78-90; + 7 (812) 527-78-87 Website: http://integr",Совместное Предприятие Акционерное Общество «Интеграл СПБ» (СП АО «Интеграл СПБ»),Joint Venture JSC Integral SPB,"195279, St. Petersburg, Irinovsky Prospekt, 21, Building 1, Russian Federation",,
JSC Element,,JSC Element,entity,出口管制·军工实体(Annex IV),Export control · military end-user (Annex IV),俄罗斯,Russia,2022-03-15,"Local name: Акционерное Общество «Элемент» (АО «Элемент»)；A.k.a: GK ""Element""; Element Group of Companies ｜ Address(es): 123112, Moscow, Presnensky Municipal District, Presnenskaya Embankment, 12, Floor 20, Office 2024, Russian Federation; 123112, Moscow, Presnenskaya Embankment, 12, Fed",Акционерное Общество «Элемент» (АО «Элемент»),"GK ""Element""; Element Group of Companies","123112, Moscow, Presnensky Municipal District, Presnenskaya Embankment, 12, Floor 20, Office 2024, Russian Federation; 123112, Moscow, Presnenskaya Embankment, 12, Fed",,
JSC Pella-Mash,,JSC Pella-Mash,entity,出口管制·军工实体(Annex IV),Export control · military end-user (Annex IV),俄罗斯,Russia,2022-03-15,"Local name: Общество с Ограниченной Ответственностью «Пелла-Маш» (ООО «Пелла-Маш»)；A.k.a: Machine-Building Company Pella-Mash LLC ｜ Address(es): 187330, Leningrad Oblast, Kirovsky District, Otradnoye, Tsentralnaya Str., 4, Russian Federation Telephone: + 7 (812) 312-67-49 Website: http://www.pellama",Общество с Ограниченной Ответственностью «Пелла-Маш» (ООО «Пелла-Маш»),Machine-Building Company Pella-Mash LLC,"187330, Leningrad Oblast, Kirovsky District, Otradnoye, Tsentralnaya Str., 4, Russian Federation",,http://www.pellama
JSC Shipyard Vympel,,JSC Shipyard Vympel,entity,出口管制·军工实体(Annex IV),Export control · military end-user (Annex IV),俄罗斯,Russia,2022-03-15,"Local name: Публичное Акционерное Общество «Судостроительный Завод «Вымпел» (ПАО «ССЗ «Вымпел»)；A.k.a: PAO SSZ ""Vympel""; Shipbuilding Plant ""Vympel"" ｜ Address(es): 152912, Yaroslavl Oblast, Rybinsk, Novaya Str., 4, Russian Federation Telephone: + 7 (4855) 20-24-42 Website: https://www.vympel-rybinsk",Публичное Акционерное Общество «Судостроительный Завод «Вымпел» (ПАО «ССЗ «Вымпел»),"PAO SSZ ""Vympel""; Shipbuilding Plant ""Vympel""","152912, Yaroslavl Oblast, Rybinsk, Novaya Str., 4, Russian Federation",,
Kranark LLC,,Kranark LLC,entity,出口管制·军工实体(Annex IV),Export control · military end-user (Annex IV),俄罗斯,Russia,2022-03-15,"Local name: Общество с Ограниченной Ответственностью «Кранарк» (ООО «Кранарк»)；A.k.a: OOO Kranark Technika ｜ Address(es): 192919, St. Petersburg, Professora Kachalova Str., 14, Letter A, Russian Federation Telephone: + 7 (812) 365-50-50; + 7 (964) 349 71 63; + 7 (965) 046 52 90 Website: h",Общество с Ограниченной Ответственностью «Кранарк» (ООО «Кранарк»),OOO Kranark Technika,"192919, St. Petersburg, Professora Kachalova Str., 14, Letter A, Russian Federation",,
Lev Anatolyevich Yershov (Ershov),Lev Anatolyevich Yershov,Ershov,entity,出口管制·军工实体(Annex IV),Export control · military end-user (Annex IV),俄罗斯,Russia,2022-03-15,"Local name: Лев Анатольевич Ершов ｜ Address(es): 196006, St. Petersburg, Tvetochnaya Str., 25, Building 3, Russian Federation Registration number: 781106099658 (Tax ID/INN)",Лев Анатольевич Ершов,,"196006, St. Petersburg, Tvetochnaya Str., 25, Building 3, Russian Federation",781106099658 (Tax ID/INN),
LLC Center,,LLC Center,entity,出口管制·军工实体(Annex IV),Export control · military end-user (Annex IV),俄罗斯,Russia,2022-03-15,"Local name: Общество с Ограниченной Ответственностью «Центр» (ООО «Центр»)；A.k.a: OOO Tsentr ｜ Address(es): 127322, Moscow, Butyrsky Municipal District, Yablochkova Str., 21, Building 3, Floor 3, Premises VIII, Room 1L, Russian Federation Telephone: + 7 (495) 961-00-71; + 7 ",Общество с Ограниченной Ответственностью «Центр» (ООО «Центр»),OOO Tsentr,"127322, Moscow, Butyrsky Municipal District, Yablochkova Str., 21, Building 3, Floor 3, Premises VIII, Room 1L, Russian Federation",,
MCST Lebedev,,MCST Lebedev,entity,出口管制·军工实体(Annex IV),Export control · military end-user (Annex IV),俄罗斯,Russia,2022-03-15,"Local name: Акционерное Общество «МЦСТ» (АО «МЦСТ»)；A.k.a: MTsST Elbrus; Moscow Center of SPARC Technologies ｜ Address(es): 119991, Moscow, Leninsky Prospekt, 51, Russian Federation; 117437, Moscow, Profsoyuznaya Str., 108, Russian Federation; 117105, Moscow, Nagatinskaya Str. 1, Building 2",Акционерное Общество «МЦСТ» (АО «МЦСТ»),MTsST Elbrus; Moscow Center of SPARC Technologies,"119991, Moscow, Leninsky Prospekt, 51, Russian Federation; 117437, Moscow, Profsoyuznaya Str., 108, Russian Federation; 117105, Moscow, Nagatinskaya Str. 1, Building 2",,
Miass Machine-Building Factory,,Miass Machine-Building Factory,entity,出口管制·军工实体(Annex IV),Export control · military end-user (Annex IV),俄罗斯,Russia,2022-03-15,"Local name: Акционерное Общество «Миасский Машиностроительный Завод» (АО «ММЗ»)；A.k.a: AO MMZ ｜ Address(es): 456320, Chelyabinsk Oblast, Miass, Trugoyakskoye Shosse, 1, Russian Federation Telephone: + 7 (3513) 298-271, + 7 (3513) 298-222 Website: http://www.mmz.ru/ Email: inf",Акционерное Общество «Миасский Машиностроительный Завод» (АО «ММЗ»),AO MMZ,"456320, Chelyabinsk Oblast, Miass, Trugoyakskoye Shosse, 1, Russian Federation",,http://www.mmz.ru/
Microelectronic Research and Development Center Novosibirsk,,Microelectronic Research and Development Center Novosibirsk,entity,出口管制·军工实体(Annex IV),Export control · military end-user (Annex IV),俄罗斯,Russia,2022-03-15,Local name: Новосибирский Филиал Федерального Государственного Бюджетного Учреждения Науки Института Физики Полупроводников имени А. В. Ржанова СО РАН «Конструкторско-Технологический Институт Прикладной Микроэлектроники»；(КТИПМ СО РАН)；A.k.a: KTIPM; IFP KTIPM SO RAN; Novosibirsk Branch of the Federa,Новосибирский Филиал Федерального Государственного Бюджетного Учреждения Науки Института Физики Полупроводников имени А. В. Ржанова СО РАН «Конструкторско-Технологический Институт Прикладной Микроэлектроники»,KTIPM; IFP KTIPM SO RAN; Novosibirsk Branch of the Federa,,,
MPI Volna,,MPI Volna,entity,出口管制·军工实体(Annex IV),Export control · military end-user (Annex IV),俄罗斯,Russia,2022-03-15,"Local name: Общество с Ограниченной Ответственностью «Машприборинторг-Волна» (ООО «Машприборинторг-Волна»)；A.k.a: ""Mashpriborintorg - Volna"" Ltd.; Mashpriborintorg Wave ｜ Address(es): 111123, Moscow, Plekhanova Str., 4a, Floor 2, Business Centre ""YUNIKON"", Russian Federation; 113184, Moscow, 1st Spa",Общество с Ограниченной Ответственностью «Машприборинторг-Волна» (ООО «Машприборинторг-Волна»),"""Mashpriborintorg - Volna"" Ltd.; Mashpriborintorg Wave","111123, Moscow, Plekhanova Str., 4a, Floor 2, Business Centre ""YUNIKON"", Russian Federation; 113184, Moscow, 1st Spa",,
N.A. Dollezhal Order of Lenin Research and Design Institute of Power Engineering,,N.A. Dollezhal Order of Lenin Research and Design Institute of Power Engineering,entity,出口管制·军工实体(Annex IV),Export control · military end-user (Annex IV),俄罗斯,Russia,2022-03-15,"Local name: Акционерное Общество «Ордена Ленина Научно-Исследовательский и Конструкторский Институт Энерготехники имени Н.А. Доллежаля» (АО «НИКИЭТ»)；A.k.a: AO NIKIET; JSC ""Lenin Order Research and Design Institute of Power Engineering named after N.A. Dollezhal"" ｜ Address(es): 107140, Moscow, Krasn",Акционерное Общество «Ордена Ленина Научно-Исследовательский и Конструкторский Институт Энерготехники имени Н.А. Доллежаля» (АО «НИКИЭТ»),"AO NIKIET; JSC ""Lenin Order Research and Design Institute of Power Engineering named after N.A. Dollezhal""","107140, Moscow, Krasn",,
Nerpa Shipyard,,Nerpa Shipyard,entity,出口管制·军工实体(Annex IV),Export control · military end-user (Annex IV),俄罗斯,Russia,2022-03-15,"Local name: Филиал «Судоремонтный Завод «Нерпа» – Акционерное Общество «Центр Судоремонта «Звёздочка» (ФЛ «СРЗ «Нерпа» – АО «ЦС «Звёздочка»)；A.k.a: SRZ Nerpa; Branch Nerpa Shipyard - JSC ""Ship Repair Centre Zvyozdochka"" ｜ Address(es): 184682, Murmansk Oblast, Snezhnogorsk, Russian Federation; 164509",Филиал «Судоремонтный Завод «Нерпа» – Акционерное Общество «Центр Судоремонта «Звёздочка» (ФЛ «СРЗ «Нерпа» – АО «ЦС «Звёздочка»),"SRZ Nerpa; Branch Nerpa Shipyard - JSC ""Ship Repair Centre Zvyozdochka""","184682, Murmansk Oblast, Snezhnogorsk, Russian Federation; 164509",,
NM-Tekh,,NM-Tekh,entity,出口管制·军工实体(Annex IV),Export control · military end-user (Annex IV),俄罗斯,Russia,2022-03-15,"Local name: Общество с Ограниченной Ответственностью «НМ-Тех» (ООО «НМ-Тех»)；A.k.a: NM-Tech LLC; HM-TEX ｜ Address(es): 124527, Moscow, Zelenograd, Solnechnaya Alleya, 6, Floor 1, Premises XII, Office 4, 4A, Russian Federation Telephone: + 7 (499) 995-00-70 Website: https://nm-tech.org/",Общество с Ограниченной Ответственностью «НМ-Тех» (ООО «НМ-Тех»),NM-Tech LLC; HM-TEX,"124527, Moscow, Zelenograd, Solnechnaya Alleya, 6, Floor 1, Premises XII, Office 4, 4A, Russian Federation",,https://nm-tech.org/
Novorossiysk Shipyard JSC,,Novorossiysk Shipyard JSC,entity,出口管制·军工实体(Annex IV),Export control · military end-user (Annex IV),俄罗斯,Russia,2022-03-15,"Local name: Акционерное Общество «Новороссийский Судоремонтный Завод» (АО «НСРЗ»)；A.k.a: OA Novosrossiyskiy Sudoremontnyy Zavod; JSC NSRZ ｜ Address(es): 353902, Krasnodar Krai, Novorossiysk, Sukhumskoye Shosse, Russian Federation Telephone: + 8 (8617) 27-97-87 Website: nsrz@nsrz.ru Email: nsrz@nsrz.",Акционерное Общество «Новороссийский Судоремонтный Завод» (АО «НСРЗ»),OA Novosrossiyskiy Sudoremontnyy Zavod; JSC NSRZ,"353902, Krasnodar Krai, Novorossiysk, Sukhumskoye Shosse, Russian Federation",,http://nsrz@nsrz.ru
NPO Electronic Systems,,NPO Electronic Systems,entity,出口管制·军工实体(Annex IV),Export control · military end-user (Annex IV),俄罗斯,Russia,2022-03-15,"Local name: Общество с Ограниченной Ответственностью «НПО Электронные Системы» (ООО «НПО Электронные Системы»)；A.k.a: NPO Electric Systems; NPO Elektronnye Sistemy; NPO E-Systems ｜ Address(es): 196006, St. Petersburg, Moskovskaya Zastava Municipal District, Tashkentskaya Str., 4, Building 2, Letter ",Общество с Ограниченной Ответственностью «НПО Электронные Системы» (ООО «НПО Электронные Системы»),NPO Electric Systems; NPO Elektronnye Sistemy; NPO E-Systems,"196006, St. Petersburg, Moskovskaya Zastava Municipal District, Tashkentskaya Str., 4, Building 2, Letter",,
NPP Istok,,NPP Istok,entity,出口管制·军工实体(Annex IV),Export control · military end-user (Annex IV),俄罗斯,Russia,2022-03-15,"Local name: Акционерное Общество «Научно-Производственное Предприятие «Исток» имени А. И. Шокина» (АО «Исток» им. Шокина»)；A.k.a: JSC Scientific and Production Enterprise Istok named after A. I. Shokin; JSC Istok A. I. Shokin; Research and Production Corporation ""Istok"" ｜ Address(es): 141190, Moscow",Акционерное Общество «Научно-Производственное Предприятие «Исток» имени А. И. Шокина» (АО «Исток» им. Шокина»),"JSC Scientific and Production Enterprise Istok named after A. I. Shokin; JSC Istok A. I. Shokin; Research and Production Corporation ""Istok""","141190, Moscow",,
NTC Metrotek,,NTC Metrotek,entity,出口管制·军工实体(Annex IV),Export control · military end-user (Annex IV),俄罗斯,Russia,2022-03-15,"Local name: Общество с Ограниченной Ответственностью «Научно-Технический Центр Метротек» (ООО «НТЦ Метротек»)；A.k.a: Metrotek Inzhiniring; OOO Nauchno-Tekhnicheskii Tsentr Metrotek; NTTs Metrotek; Metrotek Science and Technology Center ｜ Address(es): 127322, Moscow, Yablochka Str., 21, Building 3, R",Общество с Ограниченной Ответственностью «Научно-Технический Центр Метротек» (ООО «НТЦ Метротек»),Metrotek Inzhiniring; OOO Nauchno-Tekhnicheskii Tsentr Metrotek; NTTs Metrotek; Metrotek Science and Technology Center,"127322, Moscow, Yablochka Str., 21, Building 3, R",,
OAO GosNIIKhimanalit,,OAO GosNIIKhimanalit,entity,出口管制·军工实体(Annex IV),Export control · military end-user (Annex IV),俄罗斯,Russia,2022-03-15,"Local name: Акционерное Общество «Государственный Научно-Исследовательский Химико-Аналитический Институт» (АО «ГосНИИХимАналит»)；A.k.a: State Research Chemical-Analytical Institute; HIMANALIT ｜ Address(es): 190020, St. Petersburg, Bumazhnaya Str., 17, Russian Federation Telephone: + 7 (812) 786-61-5",Акционерное Общество «Государственный Научно-Исследовательский Химико-Аналитический Институт» (АО «ГосНИИХимАналит»),State Research Chemical-Analytical Institute; HIMANALIT,"190020, St. Petersburg, Bumazhnaya Str., 17, Russian Federation",,
OAO Svetlovskoye Predpriyatiye Era,,OAO Svetlovskoye Predpriyatiye Era,entity,出口管制·军工实体(Annex IV),Export control · military end-user (Annex IV),俄罗斯,Russia,2022-03-15,"Local name: Акционерное Общество «Светловское Предприятие «Эра» (АО «СП «Эра»)；A.k.a: AO SP Era; Svetlovsky Enterprise ERA ｜ Address(es): 238340, Kaliningrad Oblast, Svetly, Lizy Chaikinoy Str., 1, Russian Federation Telephone: + 7 (40152) 2-22-46; + 7 (4012) 60-76-50; 8 (40152) 3-52-46 Website: htt",Акционерное Общество «Светловское Предприятие «Эра» (АО «СП «Эра»),AO SP Era; Svetlovsky Enterprise ERA,"238340, Kaliningrad Oblast, Svetly, Lizy Chaikinoy Str., 1, Russian Federation",,
OJSC TSRY,,OJSC TSRY,entity,出口管制·军工实体(Annex IV),Export control · military end-user (Annex IV),俄罗斯,Russia,2022-03-15,Local name: Открытое Акционерное Общество «Туапсинский Судоремонтный Завод» (ОАО «Туапсинский Судоремонтный Завод»); Акционерное Общество «Туапсинский Морской Торговый Порт» (АО «ТМТП»)；A.k.a: OJSC Tuapse Ship Repair Plant; OJSC Tuapse Shipyard; JSC Tuapse Sea Commercial Port; OA TMTP ｜ Address(es):,Открытое Акционерное Общество «Туапсинский Судоремонтный Завод» (ОАО «Туапсинский Судоремонтный Завод»); Акционерное Общество «Туапсинский Морской Торговый Порт» (АО «ТМТП»),OJSC Tuapse Ship Repair Plant; OJSC Tuapse Shipyard; JSC Tuapse Sea Commercial Port; OA TMTP,,,
OOO Elkomtekh (Elkomtex),OOO Elkomtekh,Elkomtex,entity,出口管制·军工实体(Annex IV),Export control · military end-user (Annex IV),俄罗斯,Russia,2022-03-15,"Local name: Общество с Ограниченной Ответственностью «Элкомтех» (ООО «Элкомтех») ｜ Address(es): 197229, St. Petersburg, Lakhta, Lakhtinsky Prospekt, 54, Russian Federation; 198095, St. Petersburg, Shkapina Str., 32-34, Letter A, Russian Federation Telephone: + 7 ",Общество с Ограниченной Ответственностью «Элкомтех» (ООО «Элкомтех»),,"197229, St. Petersburg, Lakhta, Lakhtinsky Prospekt, 54, Russian Federation; 198095, St. Petersburg, Shkapina Str., 32-34, Letter A, Russian Federation",,
OOO Planar,,OOO Planar,entity,出口管制·军工实体(Annex IV),Export control · military end-user (Annex IV),俄罗斯,Russia,2022-03-15,"Local name: Общество с Ограниченной Ответственностью «Планар» (ООО «Планар»)；A.k.a: Planar Elements; The Planar Company ｜ Address(es): 426034, Udmurt Republic, Izhevsk, Bazisnaya Str., 19, Russian Federation; 426034, Udmurt Republic, Izhevsk, Likhvintseva Str., 76, Office 1, Russian Federation; 4260",Общество с Ограниченной Ответственностью «Планар» (ООО «Планар»),Planar Elements; The Planar Company,"426034, Udmurt Republic, Izhevsk, Bazisnaya Str., 19, Russian Federation; 426034, Udmurt Republic, Izhevsk, Likhvintseva Str., 76, Office 1, Russian Federation; 4260",,
OOO Sertal,,OOO Sertal,entity,出口管制·军工实体(Annex IV),Export control · military end-user (Annex IV),俄罗斯,Russia,2022-03-15,"Local name: Общество с Ограниченной Ответственностью «Сертал» (ООО «Сертал»)；A.k.a: Sertal LLC ｜ Address(es): 127322, Moscow, Yablochkova Str., 21, Building 3, Floor 3, Premises VIII, Room 1I, Russian Federation; 109369, Moscow, Novocherkassky Boulevard, 47, Russian Federation",Общество с Ограниченной Ответственностью «Сертал» (ООО «Сертал»),Sertal LLC,"127322, Moscow, Yablochkova Str., 21, Building 3, Floor 3, Premises VIII, Room 1I, Russian Federation; 109369, Moscow, Novocherkassky Boulevard, 47, Russian Federation",,
Photon Pro LLC,,Photon Pro LLC,entity,出口管制·军工实体(Annex IV),Export control · military end-user (Annex IV),俄罗斯,Russia,2022-03-15,"Local name: Общество с Ограниченной Ответственностью «Фотон ПРО» (ООО «Фотон ПРО»)；A.k.a: OOO Foton PRO ｜ Address(es): 430034, Mordovia Republic, Saransk, Lodygina Str., 3, Main Building, Floor 2, Premises 206, Russian Federation; 430032, Mordovia Republic, Saransk, R. Luxemburg Str., ",Общество с Ограниченной Ответственностью «Фотон ПРО» (ООО «Фотон ПРО»),OOO Foton PRO,"430034, Mordovia Republic, Saransk, Lodygina Str., 3, Main Building, Floor 2, Premises 206, Russian Federation; 430032, Mordovia Republic, Saransk, R. Luxemburg Str",,
PJSC Zvezda,,PJSC Zvezda,entity,出口管制·军工实体(Annex IV),Export control · military end-user (Annex IV),俄罗斯,Russia,2022-03-15,"Local name: Публичное Акционерное Общество «Звезда» (ПАО «Звезда») ｜ Address(es): 192012, St. Petersburg, Babushkina Str., 123, Russian Federation Telephone: + 7 (812) 703-00-70; + 7 (812) 703-00-74; + 7 (812) 362-07-47 Website: http://www.zvezda.sp",Публичное Акционерное Общество «Звезда» (ПАО «Звезда»),,"192012, St. Petersburg, Babushkina Str., 123, Russian Federation",,http://www.zvezda.sp
Amur Shipbuilding Factory PJSC,,Amur Shipbuilding Factory PJSC,entity,出口管制·军工实体(Annex IV),Export control · military end-user (Annex IV),俄罗斯,Russia,2022-03-15,"Local name: Публичноe Акционерноe Обществo «Амурский судостроительный завод» (ПАО «АСЗ»)；A.k.a: PAO Amurskiy Sudostroitelnyy Zavod, PJSC ASZ; Amursky Shipbuilding Plant PJSC ｜ Address(es): 681000, Khabarovsk Krai, Komsomolsk-on-Amur, Alleya Truda Str.,1, Russian Federation; 115184, Moscow, Bolshaya ",Публичноe Акционерноe Обществo «Амурский судостроительный завод» (ПАО «АСЗ»),"PAO Amurskiy Sudostroitelnyy Zavod, PJSC ASZ; Amursky Shipbuilding Plant PJSC","681000, Khabarovsk Krai, Komsomolsk-on-Amur, Alleya Truda Str.,1, Russian Federation; 115184, Moscow, Bolshaya",,
AO Center of Shipbuilding and Ship Repairing JSC,,AO Center of Shipbuilding and Ship Repairing JSC,entity,出口管制·军工实体(Annex IV),Export control · military end-user (Annex IV),俄罗斯,Russia,2022-03-15,"Local name: Акционерноe Обществo «Центр Технологии Судостроения и Судоремонта» (AO «ЦTCC»)；A.k.a: AO Tsentr Tekhnologii Sudostroyeniya i Sudoremonta; AO TsSS; Joint Stock Corporation Shipbuilding and Ship Repair Technology Center; JSC ""SSTC"" ｜ Address(es): 198095, St. Petersburg, Promyshlennaya Str.",Акционерноe Обществo «Центр Технологии Судостроения и Судоремонта» (AO «ЦTCC»),"AO Tsentr Tekhnologii Sudostroyeniya i Sudoremonta; AO TsSS; Joint Stock Corporation Shipbuilding and Ship Repair Technology Center; JSC ""SSTC""","198095, St. Petersburg, Promyshlennaya Str",,
AO Kronshtadt,,AO Kronshtadt,entity,出口管制·军工实体(Annex IV),Export control · military end-user (Annex IV),俄罗斯,Russia,2022-03-15,"Local name: Акционерноe Обществo «Кронштадт» (AО «Кронштадт»)；A.k.a: Kronshtadt Group, Kronde Group, ZAO Kronshtadt, Kronshtadt ｜ Address(es): 192019, St. Petersburg, Obuchovskoy Oborony Prospekt, 21/2, Russian Federation; 123060, Moscow, Shukino Municipal District, Proezd 1st Volokolamskiy, 10, Bui",Акционерноe Обществo «Кронштадт» (AО «Кронштадт»),"Kronshtadt Group, Kronde Group, ZAO Kronshtadt, Kronshtadt","192019, St. Petersburg, Obuchovskoy Oborony Prospekt, 21/2, Russian Federation; 123060, Moscow, Shukino Municipal District, Proezd 1st Volokolamskiy, 10, Bui",,
Avant Space LLC,,Avant Space LLC,entity,出口管制·军工实体(Annex IV),Export control · military end-user (Annex IV),俄罗斯,Russia,2022-03-15,"Local name: Общество с Ограниченной Ответственностью «Авант - Спэйс» (ООО «Авант - Спэйс»)；A.k.a: Avant Space Systems, Avant Space Propulsion Systems, OOO Avant-Spejs ｜ Address(es): 121205, Moscow, Skolkovo Innovation Center, Bolshoi Boulevard, 42, Building 1, Floor 4, Room 1434, 1431, Russian Feder",Общество с Ограниченной Ответственностью «Авант - Спэйс» (ООО «Авант - Спэйс»),"Avant Space Systems, Avant Space Propulsion Systems, OOO Avant-Spejs","121205, Moscow, Skolkovo Innovation Center, Bolshoi Boulevard, 42, Building 1, Floor 4, Room 1434, 1431, Russian Feder",,
Production Association Strela,,Production Association Strela,entity,出口管制·军工实体(Annex IV),Export control · military end-user (Annex IV),俄罗斯,Russia,2022-03-15,"Local name: Акционерное Общество «Производственное Объединение «Стрела» (АО «ПО «Стрела»)；A.k.a: JSC ""PA ""STRELA""; Strela Manufacturing Association JSC; AO Proizvodstvennoye Obyedineniye Strela ｜ Address(es): 460005, Orenburg Oblast, Orenburg, Shevchenko Str., 26, Russian Federation Website: http://",Акционерное Общество «Производственное Объединение «Стрела» (АО «ПО «Стрела»),"JSC ""PA ""STRELA""; Strela Manufacturing Association JSC; AO Proizvodstvennoye Obyedineniye Strela","460005, Orenburg Oblast, Orenburg, Shevchenko Str., 26, Russian Federation",,
Radioavtomatika,,Radioavtomatika,entity,出口管制·军工实体(Annex IV),Export control · military end-user (Annex IV),俄罗斯,Russia,2022-03-15,"Local name: Общество с Ограниченной Ответственностью «Радиоавтоматика» (ООО «Радиоавтоматика»)；A.k.a: Testprecision LLC; Radioautomatic LLC ｜ Address(es): 119602, Moscow, Municipal District Troparevo-Nikulino, Akademika Anokhina Str., 2, Building 7, Russian Federation; 101033, Moscow, Zolotorozhsky ",Общество с Ограниченной Ответственностью «Радиоавтоматика» (ООО «Радиоавтоматика»),Testprecision LLC; Radioautomatic LLC,"119602, Moscow, Municipal District Troparevo-Nikulino, Akademika Anokhina Str., 2, Building 7, Russian Federation; 101033, Moscow, Zolotorozhsky",,
Research Center Module,,Research Center Module,entity,出口管制·军工实体(Annex IV),Export control · military end-user (Annex IV),俄罗斯,Russia,2022-03-15,"Local name: Акционерное Общество Научно-Технический Центр «Модуль» (АО НТЦ «Модуль»)；A.k.a: NTTs Science and Technology Research Center Module; JSC STC Module; AO NTTs ""Modul""; RC Module ｜ Address(es): 125167, Moscow, 4th 8 Marta Str., 3, Russian Federation; 125190, Moscow, P.O. Box 166, Russian Fed",Акционерное Общество Научно-Технический Центр «Модуль» (АО НТЦ «Модуль»),"NTTs Science and Technology Research Center Module; JSC STC Module; AO NTTs ""Modul""; RC Module","125167, Moscow, 4th 8 Marta Str., 3, Russian Federation; 125190, Moscow, P.O. Box 166, Russian Fed",,
Robin Trade Limited,,Robin Trade Limited,entity,出口管制·军工实体(Annex IV),Export control · military end-user (Annex IV),俄罗斯,Russia,2022-03-15,"Local name: Общество с Ограниченной Ответственностью «Робин Трейд» (ООО «Робин Трейд»)；A.k.a: OOO Robin Treid; Robin Trade LLC ｜ Address(es): 127322, Moscow, Yablochkova Str., 21, Building 3, Premises VIII, Russian Federation Website: https://robin-trade.ru/ Email: a.zibyrov@robin-trade.ru Registrat",Общество с Ограниченной Ответственностью «Робин Трейд» (ООО «Робин Трейд»),OOO Robin Treid; Robin Trade LLC,"127322, Moscow, Yablochkova Str., 21, Building 3, Premises VIII, Russian Federation",,https://robin-trade.ru/
R.Ye. Alekseyev Central Design Bureau for Hydrofoil Ships,,R.Ye. Alekseyev Central Design Bureau for Hydrofoil Ships,entity,出口管制·军工实体(Annex IV),Export control · military end-user (Annex IV),俄罗斯,Russia,2022-03-15,Local name: Акционерное Общество «Центральное Конструкторское Бюро по Судам на Подводных Крыльях имени Р. Е. Алексеева» (АО «ЦКБ ПО СПК им. Р. Е. Алексеева»)；A.k.a: OA Tsentralnoye Konstructorskoye Byuro po Sudam na Podvodnykh Krylyakh imeni R.E. Alekseyeva; JSC Alexeev's Hydrofoil Design Bureau; R.,Акционерное Общество «Центральное Конструкторское Бюро по Судам на Подводных Крыльях имени Р. Е. Алексеева» (АО «ЦКБ ПО СПК им. Р. Е. Алексеева»),OA Tsentralnoye Konstructorskoye Byuro po Sudam na Podvodnykh Krylyakh imeni R.E. Alekseyeva; JSC Alexeev's Hydrofoil Design Bureau; R,,,
Rubin Sever Design Bureau,,Rubin Sever Design Bureau,entity,出口管制·军工实体(Annex IV),Export control · military end-user (Annex IV),俄罗斯,Russia,2022-03-15,"Local name: Акционерное Общество «Конструкторское Бюро «Рубин-Север» (АО «КБ «Рубин-Север»)；A.k.a: Rubin Sever AO; Konstruktorskoe Byuro Rubin-Sever, PAO; Aktsionernoe Obshchestvo ""Konstruktorskoe Byuro ""Rubin-Sever""; JSC KB Rubin-Sever ｜ Address(es): 164500, Archangelsk Oblast, Severodvinsk, Archan",Акционерное Общество «Конструкторское Бюро «Рубин-Север» (АО «КБ «Рубин-Север»),"Rubin Sever AO; Konstruktorskoe Byuro Rubin-Sever, PAO; Aktsionernoe Obshchestvo ""Konstruktorskoe Byuro ""Rubin-Sever""; JSC KB Rubin-Sever","164500, Archangelsk Oblast, Severodvinsk, Archan",,
Russian Space Systems,,Russian Space Systems,entity,出口管制·军工实体(Annex IV),Export control · military end-user (Annex IV),俄罗斯,Russia,2022-03-15,"Local name: Акционерное Общество «Российская Корпорация Ракетно-Космического Приборостроения и Информационных Систем» (АО «Российские Космические Системы»)；A.k.a: RKS; Joint Stock Company Russian Corporation of Rocket and Space Instrumentation and Information Systems; RSS ｜ Address(es): 111250, Mosc",Акционерное Общество «Российская Корпорация Ракетно-Космического Приборостроения и Информационных Систем» (АО «Российские Космические Системы»),RKS; Joint Stock Company Russian Corporation of Rocket and Space Instrumentation and Information Systems; RSS,"111250, Mosc",,
Rybinsk Shipyard Engineering,,Rybinsk Shipyard Engineering,entity,出口管制·军工实体(Annex IV),Export control · military end-user (Annex IV),俄罗斯,Russia,2022-03-15,"Local name: Общество с Ограниченной Ответственностью «Рыбинская Верфь» (ООО «РВ»)；A.k.a: Rybinsk Shipyard; OOO Rybinskaya Verf; OOO ""RV"" ｜ Address(es): 152978, Yaroslavl Oblast, Rybinsk District, Sudoverf, Sudostroitelnaya Str.,1A, Russian Federation Telephone: + 7 (4855) 29-56-77; + 7 (4855) 29-56-",Общество с Ограниченной Ответственностью «Рыбинская Верфь» (ООО «РВ»),"Rybinsk Shipyard; OOO Rybinskaya Verf; OOO ""RV""","152978, Yaroslavl Oblast, Rybinsk District, Sudoverf, Sudostroitelnaya Str.,1A, Russian Federation",,
Scientific Research Institute of Applied Chemistry,,Scientific Research Institute of Applied Chemistry,entity,出口管制·军工实体(Annex IV),Export control · military end-user (Annex IV),俄罗斯,Russia,2022-03-15,Local name: Акционерное Общество «Федеральный Научно-Производственный Центр «Научно-Исследовательский Институт Прикладной Химии» (АО «ФНПЦ «НИИ Прикладной Химии»)；A.k.a: Federal Research and Production Center Research Institute of Applied Chemistry; NIIPH; AO FNPTs NII Prikladnoy Khimii; JSC FNPC Re,Акционерное Общество «Федеральный Научно-Производственный Центр «Научно-Исследовательский Институт Прикладной Химии» (АО «ФНПЦ «НИИ Прикладной Химии»),Federal Research and Production Center Research Institute of Applied Chemistry; NIIPH; AO FNPTs NII Prikladnoy Khimii; JSC FNPC Re,,,
Scientific-Research Institute of Electronics,,Scientific-Research Institute of Electronics,entity,出口管制·军工实体(Annex IV),Export control · military end-user (Annex IV),俄罗斯,Russia,2022-03-15,Local name: Акционерное Общество «Научно-Исследовательский Институт Электронной Техники» (АО «НИИЭТ»)；A.k.a: AO Scientific Research Institute of Electronics; NIIET; AO Scientific Research Institute of Electronic Technology; Joint Stock Company Institute for Scientific Research Elektronnoy Tekhniki ｜,Акционерное Общество «Научно-Исследовательский Институт Электронной Техники» (АО «НИИЭТ»),AO Scientific Research Institute of Electronics; NIIET; AO Scientific Research Institute of Electronic Technology; Joint Stock Company Institute for Scientific Research Elektronnoy Tekhniki,,,
Scientific Research Institute of Hypersonic Systems,,Scientific Research Institute of Hypersonic Systems,entity,出口管制·军工实体(Annex IV),Export control · military end-user (Annex IV),俄罗斯,Russia,2022-03-15,"Local name: «Научно-Исследовательское Предприятие Гиперзвуковых Систем» (ОАО «НИПГС»)；A.k.a: OJSC Scientific Research Enterprise Hypersonic Systems; Hypersonic Systems Research Institute; OAO NIPGS; HSRI; Hypersonic Systems Research Institute of ""Leninetz"" Holding Company ｜ Address(es): 196066, St. ",«Научно-Исследовательское Предприятие Гиперзвуковых Систем» (ОАО «НИПГС»),"OJSC Scientific Research Enterprise Hypersonic Systems; Hypersonic Systems Research Institute; OAO NIPGS; HSRI; Hypersonic Systems Research Institute of ""Leninetz"" Holding Company","196066, St",,
Scientific Research Institute NII Submikron,,Scientific Research Institute NII Submikron,entity,出口管制·军工实体(Annex IV),Export control · military end-user (Annex IV),俄罗斯,Russia,2022-03-15,"Local name: Акционерное Общество «Научно-Исследовательский Институт «Субмикрон» (АО «НИИ «Субмикрон»)；A.k.a: Submicron; AO NII Submikron ｜ Address(es): 124460, Moscow, Zelenograd, Georgievsky Prospekt, 5, Building 2, Floor 4, Premises I, Room 50, Russian Federation Telephone: + 7 (499) 731-89-31 Web",Акционерное Общество «Научно-Исследовательский Институт «Субмикрон» (АО «НИИ «Субмикрон»),Submicron; AO NII Submikron,"124460, Moscow, Zelenograd, Georgievsky Prospekt, 5, Building 2, Floor 4, Premises I, Room 50, Russian Federation",,
Sergey IONOV,,Sergey IONOV,entity,出口管制·军工实体(Annex IV),Export control · military end-user (Annex IV),俄罗斯,Russia,2022-03-15,"Local name: Сергей Ионов ｜ Address(es): 198095, St. Petersburg, Marshala Govorova Str., 40, Letter A, Office 34, Russian Federation",Сергей Ионов,,"198095, St. Petersburg, Marshala Govorova Str., 40, Letter A, Office 34, Russian Federation",,
Serniya Engineering,,Serniya Engineering,entity,出口管制·军工实体(Annex IV),Export control · military end-user (Annex IV),俄罗斯,Russia,2022-03-15,"Local name: Общество с Ограниченной Ответственностью «Серния Инжиниринг» (ООО «Серния Инжиниринг»)；A.k.a: Sernia Engineering ｜ Address(es): 117292, Moscow, Vavilova Str., 57A, Floor 2, Premises 211, Room 211-3, Russian Federation; 127322, Moscow, Ogorodnyy Proezd, 27, Floor 6, Office 8, Russian Fede",Общество с Ограниченной Ответственностью «Серния Инжиниринг» (ООО «Серния Инжиниринг»),Sernia Engineering,"117292, Moscow, Vavilova Str., 57A, Floor 2, Premises 211, Room 211-3, Russian Federation; 127322, Moscow, Ogorodnyy Proezd, 27, Floor 6, Office 8, Russian Fede",,
Ship Maintenance Center Zvezdochka,,Ship Maintenance Center Zvezdochka,entity,出口管制·军工实体(Annex IV),Export control · military end-user (Annex IV),俄罗斯,Russia,2022-03-15,"Local name: Акционерное Общество «Центр Судоремонта «Звёздочка» (АО «ЦС «Звёздочка»)；A.k.a: JSC Ship Repair Center ""Zvezdochka""; Zvezdochka Shipyard; AO TsS Zvyozdochka; JSC Center Sudoremonta Zvezdochka; JSC SC ""Zvyozdochka"" ｜ Address(es): 164509, Archangelsk Oblast, Severodvinsk, Proezd Mashinostr",Акционерное Общество «Центр Судоремонта «Звёздочка» (АО «ЦС «Звёздочка»),"JSC Ship Repair Center ""Zvezdochka""; Zvezdochka Shipyard; AO TsS Zvyozdochka; JSC Center Sudoremonta Zvezdochka; JSC SC ""Zvyozdochka""","164509, Archangelsk Oblast, Severodvinsk, Proezd Mashinostr",,
State Governmental Scientific Testing Area of Aircraft Systems (GkNIPAS),State Governmental Scientific Testing Area of Aircraft Systems,GkNIPAS,entity,出口管制·军工实体(Annex IV),Export control · military end-user (Annex IV),俄罗斯,Russia,2022-03-15,Local name: Федеральное Казенное Предприятие «Государственный Казенный Научно-Испытательный Полигон Авиационных Систем имени Л. К. Сафронова» (ФКП «ГКНИПАС имени Л. К. Сафронова»)；A.k.a: Federal State Enterprise State Research and Testing Ground for Aviation Systems named after L. K. Safronov ｜ Addr,Федеральное Казенное Предприятие «Государственный Казенный Научно-Испытательный Полигон Авиационных Систем имени Л. К. Сафронова» (ФКП «ГКНИПАС имени Л. К. Сафронова»),Federal State Enterprise State Research and Testing Ground for Aviation Systems named after L. K. Safronov,,,
State Machine Building Design Bureau Raduga Bereznya,,State Machine Building Design Bureau Raduga Bereznya,entity,出口管制·军工实体(Annex IV),Export control · military end-user (Annex IV),俄罗斯,Russia,2022-03-15,"Local name: Акционерное Общество «Государственное Машиностроительное Конструкторское Бюро «Радуга» имени А.Я. Березняка» (АО «ГосМКБ «Радуга» им. А.Я. Березняка»)；A.k.a: JSC State Machine-Building Design Bureau Raduga named after A.Ya. Bereznyak; AO ""GosMKB ""Raduga"" IM. A.Ya.Bereznyaka""; Joint Stock",Акционерное Общество «Государственное Машиностроительное Конструкторское Бюро «Радуга» имени А.Я. Березняка» (АО «ГосМКБ «Радуга» им. А.Я. Березняка»),"JSC State Machine-Building Design Bureau Raduga named after A.Ya. Bereznyak; AO ""GosMKB ""Raduga"" IM. A.Ya.Bereznyaka""; Joint Stock",,,
State Scientific Center AO GNTs RF—FEI A.I. Leypunskiy Physico-Energy Institute,,State Scientific Center AO GNTs RF—FEI A.I. Leypunskiy Physico-Energy Institute,entity,出口管制·军工实体(Annex IV),Export control · military end-user (Annex IV),俄罗斯,Russia,2022-03-15,"Local name: Акционерное Общество «Государственный Научный Центр Российской Федерации - Физико - Энергетический Институт имени А. И. Лейпунского» (АО «ГНЦ РФ – ФЭИ»)；A.k.a: Leypunsky Institute of Physics and Power Engineering; IPPE; Joint Stock Company ""State Scientific Centre of the Russian Federati",Акционерное Общество «Государственный Научный Центр Российской Федерации - Физико - Энергетический Институт имени А. И. Лейпунского» (АО «ГНЦ РФ – ФЭИ»),"Leypunsky Institute of Physics and Power Engineering; IPPE; Joint Stock Company ""State Scientific Centre of the Russian Federati",,,
State Scientific Research Institute of Machine Building Bakhirev (GosNIImash),State Scientific Research Institute of Machine Building Bakhirev,GosNIImash,entity,出口管制·军工实体(Annex IV),Export control · military end-user (Annex IV),俄罗斯,Russia,2022-03-15,"Local name: Акционерное Общество «Государственный Научно-Исследовательский Институт Машиностроения им. В.В. Бахирева» (АО «ГосНИИмаш»)；A.k.a: State Scientific Research Institute of Machine Building Bakhirev (GosNIImash); JSC ""State Scientific Research Institute of Mechanical Engineering named after ",Акционерное Общество «Государственный Научно-Исследовательский Институт Машиностроения им. В.В. Бахирева» (АО «ГосНИИмаш»),"State Scientific Research Institute of Machine Building Bakhirev (GosNIImash); JSC ""State Scientific Research Institute of Mechanical Engineering named after",,,
Tomsk Microwave and Photonic Integrated Circuits and Modules Collective Design Center,,Tomsk Microwave and Photonic Integrated Circuits and Modules Collective Design Center,entity,出口管制·军工实体(Annex IV),Export control · military end-user (Annex IV),俄罗斯,Russia,2022-03-15,"Local name: Общество с Ограниченной Ответственностью «ТУСУР-Электроника» (ООО «ТУСУР-Электроника»)；A.k.a: TUSUR-Electronica Research Company; TUSUR-Electronics LLC ｜ Address(es): 634045, Tomsk Oblast, Tomsk, 19 Gvardeyskoy Divizii Str., 15, Apartment 64, Russian Federation; 634045, Tomsk Oblast; Tom",Общество с Ограниченной Ответственностью «ТУСУР-Электроника» (ООО «ТУСУР-Электроника»),TUSUR-Electronica Research Company; TUSUR-Electronics LLC,"634045, Tomsk Oblast, Tomsk, 19 Gvardeyskoy Divizii Str., 15, Apartment 64, Russian Federation; 634045, Tomsk Oblast; Tom",,
UAB Pella-Fjord,,UAB Pella-Fjord,entity,出口管制·军工实体(Annex IV),Export control · military end-user (Annex IV),俄罗斯,Russia,2022-03-15,"Local name: Закрытое Акционерное Общество «Пелла-Фиорд» (ЗАО «Пелла-Фиорд»)；A.k.a: Pella-Fjord CJSC; Pella-Fiord Shipbuilding Company ｜ Address(es): 187330, Leningrad Oblast, Kirovsky District, Otradnoe, Tsentralnaya Str., 4, Russian Federation Telephone: + 7 (81362) 4-30-07; + 7 (812) 380-40-91 Web",Закрытое Акционерное Общество «Пелла-Фиорд» (ЗАО «Пелла-Фиорд»),Pella-Fjord CJSC; Pella-Fiord Shipbuilding Company,"187330, Leningrad Oblast, Kirovsky District, Otradnoe, Tsentralnaya Str., 4, Russian Federation",,
"United Shipbuilding Corporation JSC ""35th Shipyard""",,"United Shipbuilding Corporation JSC ""35th Shipyard""",entity,出口管制·军工实体(Annex IV),Export control · military end-user (Annex IV),俄罗斯,Russia,2022-03-15,"Local name: Филиал «35 Судоремонтный Завод» – Акционерное Общество «Центр Судоремонта «Звёздочка» (ФЛ «35 СРЗ» – АО «ЦС «Звёздочка»)；A.k.a: SRZ-35; Branch ""35 SRZ"" – Joint Stock Company ""Ship Repair Center Zvyozdochka""; 35-y SRZ; 35th Ship Repair Plant ｜ Address(es): 183017, Murmansk Oblast, Murmans",Филиал «35 Судоремонтный Завод» – Акционерное Общество «Центр Судоремонта «Звёздочка» (ФЛ «35 СРЗ» – АО «ЦС «Звёздочка»),"SRZ-35; Branch ""35 SRZ"" – Joint Stock Company ""Ship Repair Center Zvyozdochka""; 35-y SRZ; 35th Ship Repair Plant","183017, Murmansk Oblast, Murmans",,
"United Shipbuilding Corporation JSC ""Astrakhan Shipyard""",,"United Shipbuilding Corporation JSC ""Astrakhan Shipyard""",entity,出口管制·军工实体(Annex IV),Export control · military end-user (Annex IV),俄罗斯,Russia,2022-03-15,"Local name: Филиал «Астраханский Судоремонтный Завод» – Акционерное Общество «Центр Судоремонта «Звёздочка» (ФЛ «Астраханский Судоремонтный Завод» – АО «ЦС «Звёздочка»)；A.k.a: Astrahansky Shipyard; Astrahanskiy SRZ; Astrakhan Ship Repair Plant; Branch ""Astrakhansky Sudoremontny Zavod"" – Joint Stock ",Филиал «Астраханский Судоремонтный Завод» – Акционерное Общество «Центр Судоремонта «Звёздочка» (ФЛ «Астраханский Судоремонтный Завод» – АО «ЦС «Звёздочка»),"Astrahansky Shipyard; Astrahanskiy SRZ; Astrakhan Ship Repair Plant; Branch ""Astrakhansky Sudoremontny Zavod"" – Joint Stock",,,
"United Shipbuilding Corporation JSC ""Aysberg Central Design Bureau""",,"United Shipbuilding Corporation JSC ""Aysberg Central Design Bureau""",entity,出口管制·军工实体(Annex IV),Export control · military end-user (Annex IV),俄罗斯,Russia,2022-03-15,"Local name: Акционерное Общество «Центральное Конструкторское Бюро «Айсберг» (АО «ЦКБ «Айсберг»)；A.k.a: Iceberg Central Design Bureau; AO TsKB Aysberg ｜ Address(es): 199034, St. Petersburg, V.O., Bolshoy Prospekt, 36, Russian Federation Telephone: + 7 (812) 677-36-09; + 7 (812) 677-12-31 Website: ht",Акционерное Общество «Центральное Конструкторское Бюро «Айсберг» (АО «ЦКБ «Айсберг»),Iceberg Central Design Bureau; AO TsKB Aysberg,"199034, St. Petersburg, V.O., Bolshoy Prospekt, 36, Russian Federation",,
"United Shipbuilding Corporation JSC ""Baltic Shipbuilding Factory""",,"United Shipbuilding Corporation JSC ""Baltic Shipbuilding Factory""",entity,出口管制·军工实体(Annex IV),Export control · military end-user (Annex IV),俄罗斯,Russia,2022-03-15,"Local name: Акционерное Общество «Балтийский Завод» (АО «Балтийский Завод»)；A.k.a: JSC Baltiski Zavod; Baltic Shipyard, JSC ｜ Address(es): 199106, St. Petersburg, Kosaya Liniya Str., 16, Russian Federation Telephone: + 8 (812) 324-94-35; + 8 (812) 324-93-70 Website: https://www.bz.ru/ Email: zavod@b",Акционерное Общество «Балтийский Завод» (АО «Балтийский Завод»),"JSC Baltiski Zavod; Baltic Shipyard, JSC","199106, St. Petersburg, Kosaya Liniya Str., 16, Russian Federation",,https://www.bz.ru/
"United Shipbuilding Corporation ""Scientific Research Design Technological Bureau Onega""",,"United Shipbuilding Corporation ""Scientific Research Design Technological Bureau Onega""",entity,出口管制·军工实体(Annex IV),Export control · military end-user (Annex IV),俄罗斯,Russia,2022-03-15,"Local name: Акционерное Общество «Научно-Исследовательское Проектно-Технологическое Бюро «Онега» (AO «НИПТБ «Онега»)；A.k.a: Nauchno-Issledovatelskoe Proektno-Teknnologicheskoe Byuro Onega PJSC; SC NIPTB Onega ｜ Address(es): 164509, Archangelsk Oblast, Severodvinsk, Proezd Mashinostroiteley., 12, Rus",Акционерное Общество «Научно-Исследовательское Проектно-Технологическое Бюро «Онега» (AO «НИПТБ «Онега»),Nauchno-Issledovatelskoe Proektno-Teknnologicheskoe Byuro Onega PJSC; SC NIPTB Onega,"164509, Archangelsk Oblast, Severodvinsk, Proezd Mashinostroiteley., 12, Rus",,
"United Shipbuilding Corporation ""Sredne-Nevsky Shipyard""",,"United Shipbuilding Corporation ""Sredne-Nevsky Shipyard""",entity,出口管制·军工实体(Annex IV),Export control · military end-user (Annex IV),俄罗斯,Russia,2022-03-15,"Local name: Акционерное Общество «Средне-Невский Судостроительный Завод» (АО «СНСЗ»)；A.k.a: JSC SNSZ; Aktcionernoe Obshestvo ""Sredne-Nevsky Sudostroyelny Plant""; Middle Neva Shipbuilding Plant; Federal State Unitary Enterprise ""Sredne-Nevsky Shipbuilding Plant"" ｜ Address(es): 196643, St. Petersburg,",Акционерное Общество «Средне-Невский Судостроительный Завод» (АО «СНСЗ»),"JSC SNSZ; Aktcionernoe Obshestvo ""Sredne-Nevsky Sudostroyelny Plant""; Middle Neva Shipbuilding Plant; Federal State Unitary Enterprise ""Sredne-Nevsky Shipbuilding Plant""","196643, St. Petersburg",,
Ural Scientific Research Institute for Composite Materials,,Ural Scientific Research Institute for Composite Materials,entity,出口管制·军工实体(Annex IV),Export control · military end-user (Annex IV),俄罗斯,Russia,2022-03-15,"Local name: Акционерное Общество «Уральский Научно-Исследовательский Институт Композиционных Материалов» (АО «УНИИКМ»)；A.k.a: UNIIKM; JSC ""Ural Research Institute of Composite Materials"" ｜ Address(es): 614014, Perm Krai, Perm, Novozvyaginskaya Str., 57, Russian Federation Telephone: + 7 (342) 267-07",Акционерное Общество «Уральский Научно-Исследовательский Институт Композиционных Материалов» (АО «УНИИКМ»),"UNIIKM; JSC ""Ural Research Institute of Composite Materials""","614014, Perm Krai, Perm, Novozvyaginskaya Str., 57, Russian Federation",,
Urals Project Design Bureau Detal,,Urals Project Design Bureau Detal,entity,出口管制·军工实体(Annex IV),Export control · military end-user (Annex IV),俄罗斯,Russia,2022-03-15,"Local name: Акционерное Общество «Уральское Проектно-Конструкторское Бюро «Деталь» (АО «УПКБ «Деталь»)；A.k.a: Joint-Stock Company Ural Design Bureau ""Detal""; JSC Ural Design and Construction Bureau ""Detal""; Aktsionernoe Obshchestvo Uralskoe Proektno Konstruktorskoe Byuro ""Detal""; AO UPKB ""Detal"" ｜ A",Акционерное Общество «Уральское Проектно-Конструкторское Бюро «Деталь» (АО «УПКБ «Деталь»),"Joint-Stock Company Ural Design Bureau ""Detal""; JSC Ural Design and Construction Bureau ""Detal""; Aktsionernoe Obshchestvo Uralskoe Proektno Konstruktorskoe Byuro ""Detal""; AO UPKB ""Detal""",,,
Vega Pilot Plant,,Vega Pilot Plant,entity,出口管制·军工实体(Annex IV),Export control · military end-user (Annex IV),俄罗斯,Russia,2022-03-15,Local name: «Опытный Завод «Вега» – Филиал Акционерного Общества «Центр Судоремонта «Звездочка» («ОЗ «Вега» – Филиал АО «ЦС «Звездочка»)；A.k.a: Experimental Plant Vega – Branch of Joint Stock Company Zvezdochka Ship Repair Centre; OZ Vega – Filial AO TSS Zvezdochka; Experimental Plant Vega ｜ Address,«Опытный Завод «Вега» – Филиал Акционерного Общества «Центр Судоремонта «Звездочка» («ОЗ «Вега» – Филиал АО «ЦС «Звездочка»),Experimental Plant Vega – Branch of Joint Stock Company Zvezdochka Ship Repair Centre; OZ Vega – Filial AO TSS Zvezdochka; Experimental Plant Vega,,,
Vertikal LLC,,Vertikal LLC,entity,出口管制·军工实体(Annex IV),Export control · military end-user (Annex IV),俄罗斯,Russia,2022-03-15,"Local name: Общество с Ограниченной Ответственностью «Вертикаль» (ООО «Вертикаль»)；A.k.a: OOO ""Vertikal"" ｜ Address(es): 196006, St. Petersburg, Moskovskaya Zastava Municipal District, Moskovsky Prospekt, 148, Letter D, Premises 8, Russian Federation Telephone: + 7 (812) 425-38-85 Websit",Общество с Ограниченной Ответственностью «Вертикаль» (ООО «Вертикаль»),"OOO ""Vertikal""","196006, St. Petersburg, Moskovskaya Zastava Municipal District, Moskovsky Prospekt, 148, Letter D, Premises 8, Russian Federation",,
Vladislav Vladimirovich Fedorenko,,Vladislav Vladimirovich Fedorenko,entity,出口管制·军工实体(Annex IV),Export control · military end-user (Annex IV),俄罗斯,Russia,2022-03-15,"Local name: Федоренко Владислав Владимирович ｜ Address(es): 191014, St. Petersburg, Artilleriyskaya Str., 1, Letter А, Premises 26-N, Russian Federation Registration number: 781706521543 (Tax ID/INN)",Федоренко Владислав Владимирович,,"191014, St. Petersburg, Artilleriyskaya Str., 1, Letter А, Premises 26-N, Russian Federation",781706521543 (Tax ID/INN),
VTK Ltd,,VTK Ltd,entity,出口管制·军工实体(Annex IV),Export control · military end-user (Annex IV),俄罗斯,Russia,2022-03-15,"Local name: Общество с Ограниченной Ответственностью «Ваша Топливная Компания» (ООО «ВТК»)；A.k.a: Limited Liability Company ""Your Fuel Company"", LLC ""VTK"" ｜ Address(es): 192019, St. Petersburg, Professora Kachalova Str., 14, Letter A, Russian Federation; 198207, St. Petersburg, Tramvaynyy Prospekt, ",Общество с Ограниченной Ответственностью «Ваша Топливная Компания» (ООО «ВТК»),"Limited Liability Company ""Your Fuel Company"", LLC ""VTK""","192019, St. Petersburg, Professora Kachalova Str., 14, Letter A, Russian Federation; 198207, St. Petersburg, Tramvaynyy Prospekt",,
Yaroslavl Shipbuilding Factory,,Yaroslavl Shipbuilding Factory,entity,出口管制·军工实体(Annex IV),Export control · military end-user (Annex IV),俄罗斯,Russia,2022-03-15,"Local name: Публичное Акционерное Общество «Ярославский Судостроительный Завод» (ПАО «ЯСЗ»)；A.k.a: PAO Yaroslavskiy Sudostroitelnyy Zavod; PAO YaSZ; Yaroslavsky Shipyard ｜ Address(es): 150006, Yaroslavl Oblast, Yaroslavl, Korabelnaya Str., 1, Russian Federation; 196084, St. Petersburg, Izmailovskoye",Публичное Акционерное Общество «Ярославский Судостроительный Завод» (ПАО «ЯСЗ»),PAO Yaroslavskiy Sudostroitelnyy Zavod; PAO YaSZ; Yaroslavsky Shipyard,"150006, Yaroslavl Oblast, Yaroslavl, Korabelnaya Str., 1, Russian Federation; 196084, St. Petersburg, Izmailovskoye",,
ZAO Elmiks-VS,,ZAO Elmiks-VS,entity,出口管制·军工实体(Annex IV),Export control · military end-user (Annex IV),俄罗斯,Russia,2022-03-15,"Local name: Закрытое Акционерное Общество «Элмикс-ВС» (ЗАО «Элмикс-ВС»)；A.k.a: CJSC Elmiks-VS ｜ Address(es): 191014, St. Petersburg, Artilleriyskaya Str., 1, Letter А, Premises 26-N, Russian Federation Telephone: + 8 (812) 332-69-92; + 7 (812) 275-47-27; + 7 (812) 252-62-82 W",Закрытое Акционерное Общество «Элмикс-ВС» (ЗАО «Элмикс-ВС»),CJSC Elmiks-VS,"191014, St. Petersburg, Artilleriyskaya Str., 1, Letter А, Premises 26-N, Russian Federation",,
ZAO Sparta,,ZAO Sparta,entity,出口管制·军工实体(Annex IV),Export control · military end-user (Annex IV),俄罗斯,Russia,2022-03-15,"Local name: Акционерное Общество «Спарта» (АО «Спарта»)；A.k.a: AO Sparta ｜ Address(es): 191028, St. Petersburg, Mokhovaya Str., 18, Letter A, Premises 7N, Russian Federation; 196084, St. Petersburg, Izmailovskoye Municipal District, Krasutskogo Str., 4b, ",Акционерное Общество «Спарта» (АО «Спарта»),AO Sparta,"191028, St. Petersburg, Mokhovaya Str., 18, Letter A, Premises 7N, Russian Federation; 196084, St. Petersburg, Izmailovskoye Municipal District, Krasutskogo Str., 4b",,
ZAO Svyaz Inzhiniring,,ZAO Svyaz Inzhiniring,entity,出口管制·军工实体(Annex IV),Export control · military end-user (Annex IV),俄罗斯,Russia,2022-03-15,"Local name: Акционерное Общество «Связь Инжиниринг» (АО «Связь Инжиниринг»)；A.k.a: Svyaz Engineering ｜ Address(es): 115404, Moscow, 6th Radialnaya Str., 9, Russian Federation; 127083, Moscow, 8 Marta Str., 10, Building 3, Russian Federation Telephone: + 7 (910) 404-23-24; + 7 (495) ",Акционерное Общество «Связь Инжиниринг» (АО «Связь Инжиниринг»),Svyaz Engineering,"115404, Moscow, 6th Radialnaya Str., 9, Russian Federation; 127083, Moscow, 8 Marta Str., 10, Building 3, Russian Federation",,
46th TSNII Central Scientific Research Institute,,46th TSNII Central Scientific Research Institute,entity,出口管制·军工实体(Annex IV),Export control · military end-user (Annex IV),俄罗斯,Russia,2022-06-03,"Local name: Федеральное Государственное Бюджетное Учреждение «46 Центральный Научно-Исследовательский Институт» Министерства Обороны Российской Федерации (ФГБУ «46 ЦНИИ» Минобороны России)；A.k.a: 46 TsNII; 46 TsNII MO RF ｜ Address(es): 129327, Moscow, Chukotskiy Proezd, 10, Russian Federation Teleph",Федеральное Государственное Бюджетное Учреждение «46 Центральный Научно-Исследовательский Институт» Министерства Обороны Российской Федерации (ФГБУ «46 ЦНИИ» Минобороны России),46 TsNII; 46 TsNII MO RF,"129327, Moscow, Chukotskiy Proezd, 10, Russian Federation Teleph",,
Alagir Resistor Factory,,Alagir Resistor Factory,entity,出口管制·军工实体(Annex IV),Export control · military end-user (Annex IV),俄罗斯,Russia,2022-06-03,"Local name: Открытое Акционерное Общество «Алагирский Завод Сопротивлений» (ОАО «АЗС»)；A.k.a: Alagirsky Resistor Factory; OJSC ""AZS"" ｜ Address(es): 363240, Republic of North Ossetia - Alania, Alagir, L. Tolstoy Str., 202, Russian Federation Telephone: + 7 (86731) 2-22-25, + 7 (928) 863-80-77 Website",Открытое Акционерное Общество «Алагирский Завод Сопротивлений» (ОАО «АЗС»),"Alagirsky Resistor Factory; OJSC ""AZS""","363240, Republic of North Ossetia - Alania, Alagir, L. Tolstoy Str., 202, Russian Federation",,
All-Russian Research Institute of Optical and Physical Measurements,,All-Russian Research Institute of Optical and Physical Measurements,entity,出口管制·军工实体(Annex IV),Export control · military end-user (Annex IV),俄罗斯,Russia,2022-06-03,Local name: Федеральное Государственное Бюджетное Учреждение «Всероссийский Научно-Исследовательский Институт Оптико-Физических Измерений» (ФГБУ «ВНИИОФИ»)；A.k.a: All-Russian Research Institute for Optical and Physical Measurements Federal State Budgetary Institution; FGBU VNIIOFI; FSUE VNIIOFI ｜ Ad,Федеральное Государственное Бюджетное Учреждение «Всероссийский Научно-Исследовательский Институт Оптико-Физических Измерений» (ФГБУ «ВНИИОФИ»),All-Russian Research Institute for Optical and Physical Measurements Federal State Budgetary Institution; FGBU VNIIOFI; FSUE VNIIOFI,,,
All-Russian Scientific-Research Institute Etalon JSC,,All-Russian Scientific-Research Institute Etalon JSC,entity,出口管制·军工实体(Annex IV),Export control · military end-user (Annex IV),俄罗斯,Russia,2022-06-03,"Local name: Акционерное Общество «Всероссийский Научно-Исследовательский Институт «Эталон» (АО «ВНИИ «Эталон»)；A.k.a: VNII Etalon JSC ｜ Address(es): 125040, Moscow, 1st Yamskogo Polya Str., 19, Russian Federation Telephone: 8 (499) 251-37-71 Website: http://vnii-etalon.ru/ Email: info@vnii-etalon.ru",Акционерное Общество «Всероссийский Научно-Исследовательский Институт «Эталон» (АО «ВНИИ «Эталон»),VNII Etalon JSC,"125040, Moscow, 1st Yamskogo Polya Str., 19, Russian Federation",,http://vnii-etalon.ru/
"Almaz, JSC",,"Almaz, JSC",entity,出口管制·军工实体(Annex IV),Export control · military end-user (Annex IV),俄罗斯,Russia,2022-06-03,"Local name: Акционерное Общество «Алмаз» (АО «Алмаз»)；A.k.a: Almaz ｜ Address(es): 344093, Rostov Oblast, Rostov-on-Don, Tupolev Str., 16, Russian Federation Telephone: + 7 (863) 252-60-00 Website: http://almazrostov.ru/ Email: info@almazrostov.ru Re",Акционерное Общество «Алмаз» (АО «Алмаз»),Almaz,"344093, Rostov Oblast, Rostov-on-Don, Tupolev Str., 16, Russian Federation",,http://almazrostov.ru/
Arzam Scientific Production Enterprise Temp Avia,,Arzam Scientific Production Enterprise Temp Avia,entity,出口管制·军工实体(Annex IV),Export control · military end-user (Annex IV),俄罗斯,Russia,2022-06-03,"Local name: Акционерное Общество «Арзамасское Научно-Производственное Предприятие «Темп-Авиа» (АО АНПП «Темп-Авиа»)；A.k.a: Temp-Avia Arzamas Research and Production Association JSC; OKB Temp; ANPP Temp-Avia ｜ Address(es): 607220, Nizhny Novgorod Oblast, Arzamas, Kirov Str., 26, Russian Federation Te",Акционерное Общество «Арзамасское Научно-Производственное Предприятие «Темп-Авиа» (АО АНПП «Темп-Авиа»),Temp-Avia Arzamas Research and Production Association JSC; OKB Temp; ANPP Temp-Avia,"607220, Nizhny Novgorod Oblast, Arzamas, Kirov Str., 26, Russian Federation Te",,
"Automated Procurement System for State Defense Orders, LLC",,"Automated Procurement System for State Defense Orders, LLC",entity,出口管制·军工实体(Annex IV),Export control · military end-user (Annex IV),俄罗斯,Russia,2022-06-03,"Local name: Общество с Ограниченной Ответственностью «Автоматизированная Система Торгов Государственного Оборонного Заказа» (ООО «АСТ ГОЗ»)；A.k.a: AST GOZ LLC ｜ Address(es): 117393, Moscow, Profsoyuznaya Str., 78, Building 1, Russian Federation Telephone: + 7 (495) 811-18-18 Website: http://www.astg",Общество с Ограниченной Ответственностью «Автоматизированная Система Торгов Государственного Оборонного Заказа» (ООО «АСТ ГОЗ»),AST GOZ LLC,"117393, Moscow, Profsoyuznaya Str., 78, Building 1, Russian Federation",,http://www.astg
Dolgoprudniy Design Bureau of Automatics (DDBA JSC),Dolgoprudniy Design Bureau of Automatics,DDBA JSC,entity,出口管制·军工实体(Annex IV),Export control · military end-user (Annex IV),俄罗斯,Russia,2022-06-03,"Local name: Акционерное Общество «Долгопрудненское Конструкторское Бюро Автоматики» (АО «ДКБА»)；A.k.a: DKBA JSC; Dolgoprudno Design Bureau of Automation; Joint Stock Company ""Dolgoprudnenskoe Design Bureau of Automatics"" ｜ Address(es): 141700, Moscow Oblast, Dolgoprudny, Letnaya Str., 1, Russian Fed",Акционерное Общество «Долгопрудненское Конструкторское Бюро Автоматики» (АО «ДКБА»),"DKBA JSC; Dolgoprudno Design Bureau of Automation; Joint Stock Company ""Dolgoprudnenskoe Design Bureau of Automatics""","141700, Moscow Oblast, Dolgoprudny, Letnaya Str., 1, Russian Fed",,
Electronic Computing Technology Scientific-Research Center JSC,,Electronic Computing Technology Scientific-Research Center JSC,entity,出口管制·军工实体(Annex IV),Export control · military end-user (Annex IV),俄罗斯,Russia,2022-06-03,"Local name: Акционерное Общество «Научно - Исследовательский Центр Электронной Вычислительной Техники» (АО «НИЦЭВТ»)；A.k.a: NICEVEY; NICEVT ｜ Address(es): 117587, Moscow, Varshavskoye Shosse, 125, Russian Federation Telephone: + 7 (495) 319-17-90 Website: http://nicevt.ru/ Email: info@nicevt.ru Regi",Акционерное Общество «Научно - Исследовательский Центр Электронной Вычислительной Техники» (АО «НИЦЭВТ»),NICEVEY; NICEVT,"117587, Moscow, Varshavskoye Shosse, 125, Russian Federation",,http://nicevt.ru/
"Electrosignal, JSC",,"Electrosignal, JSC",entity,出口管制·军工实体(Annex IV),Export control · military end-user (Annex IV),俄罗斯,Russia,2022-06-03,"Local name: Акционерное Общество «Электросигнал» (АО «Электросигнал») ｜ Address(es): 394026, Voronezh Oblast, Voronezh, Elektrosignalnaya Str., 1, Russian Federation Telephone: + 7 (473) 246-10-51; + 7 (473) 221-04-94 Website: http://elektrosignal.ru/ ",Акционерное Общество «Электросигнал» (АО «Электросигнал»),,"394026, Voronezh Oblast, Voronezh, Elektrosignalnaya Str., 1, Russian Federation",,http://elektrosignal.ru/
JSC Energiya,,JSC Energiya,entity,出口管制·军工实体(Annex IV),Export control · military end-user (Annex IV),俄罗斯,Russia,2022-06-03,"Local name: Публичное Акционерное Общество «Энергия» (ПАО «Энергия»)；A.k.a: PAO ""Energiya"" ｜ Address(es): 399775, Lipetsk Oblast, Yelets, Elektrik Settlement, 1, Russian Federation jsc-energiya.com/ Telephone: + 7 (47467) 4-02-17 Website: https://jsc-energiya.com/ Email: m",Публичное Акционерное Общество «Энергия» (ПАО «Энергия»),"PAO ""Energiya""","399775, Lipetsk Oblast, Yelets, Elektrik Settlement, 1, Russian Federation jsc-energiya.com/",,https://jsc-energiya.com/
Engineering Center Moselectronproekt,,Engineering Center Moselectronproekt,entity,出口管制·军工实体(Annex IV),Export control · military end-user (Annex IV),俄罗斯,Russia,2022-06-03,"Local name: Акционерное Общество «МосЭлектронПроект» (АО «МосЭП»)；A.k.a: Moselectronproekt (JSC); MosEP JSC ｜ Address(es): 127299, Moscow, Kosmonavta Volkova Str., 12, Russian Federation Telephone: + 7 (495) 225-15-22 Website: https://mosep.ru/ Email: info@mosep.ru Registration number: 771",Акционерное Общество «МосЭлектронПроект» (АО «МосЭП»),Moselectronproekt (JSC); MosEP JSC,"127299, Moscow, Kosmonavta Volkova Str., 12, Russian Federation",771,https://mosep.ru/
Etalon Scientific and Production Association,,Etalon Scientific and Production Association,entity,出口管制·军工实体(Annex IV),Export control · military end-user (Annex IV),俄罗斯,Russia,2022-06-03,"Local name: Общество с Ограниченной Ответственностью «Научно-Производственное Объединение «Эталон» (ООО «НПО «Эталон»)；A.k.a: NPO Etalon LLC ｜ Address(es): 618740, Perm Krai, Dobryanka, Proezd Tsentralny, 3, Russian Federation Telephone: + 7 (34265) 2-29-13; + 7 (34265) 2-27-46; + 7 (342) 294-39-45 ",Общество с Ограниченной Ответственностью «Научно-Производственное Объединение «Эталон» (ООО «НПО «Эталон»),NPO Etalon LLC,"618740, Perm Krai, Dobryanka, Proezd Tsentralny, 3, Russian Federation",,
Evgeny Krayushin,,Evgeny Krayushin,entity,出口管制·军工实体(Annex IV),Export control · military end-user (Annex IV),俄罗斯,Russia,2022-06-03,"Local name: Евгений Краюшин ｜ Address(es): Moscow Oblast, Dmitrov, Zheleznodorozhniy Pereulok, 3, Building 41, Russian Federation; 117403, Moscow, Melitopolskaya Str., 9, Building 3, Russian Federation",Евгений Краюшин,,"Moscow Oblast, Dmitrov, Zheleznodorozhniy Pereulok, 3, Building 41, Russian Federation; 117403, Moscow, Melitopolskaya Str., 9, Building 3, Russian Federation",,
Foreign Trade Association Mashpriborintorg,,Foreign Trade Association Mashpriborintorg,entity,出口管制·军工实体(Annex IV),Export control · military end-user (Annex IV),俄罗斯,Russia,2022-06-03,"Local name: Акционерное Общество «Внешнеэкономическое Объединение «Машприборинторг» (АО «ВО «Машприборинторг»)；A.k.a: FTA Mashpriborintorg JSC; Joint Stock Company ""Foreign Economic Association ""Mashpriborintorg"" ｜ Address(es):105318, Moscow, Shcherbakovskaya Str., 3, Russian Federation; 105318, Mos",Акционерное Общество «Внешнеэкономическое Объединение «Машприборинторг» (АО «ВО «Машприборинторг»),"FTA Mashpriborintorg JSC; Joint Stock Company ""Foreign Economic Association ""Mashpriborintorg""","105318, Moscow, Shcherbakovskaya Str., 3, Russian Federation; 105318, Mos",,
Ineko LLC,,Ineko LLC,entity,出口管制·军工实体(Annex IV),Export control · military end-user (Annex IV),俄罗斯,Russia,2022-06-03,"Local name: Общество с Ограниченной Ответственностью «Инеко» (ООО «Инеко)；A.k.a: OO Ineko ｜ Address(es): 141800, Moscow Oblast, Dmitrov, Zheleznodorozhny Pereulok, 3, Premises 41, Russian Federation Telephone: + 7 985 507 31 52 Website: https://www.inekocom.ru/ Email: ine",Общество с Ограниченной Ответственностью «Инеко» (ООО «Инеко),OO Ineko,"141800, Moscow Oblast, Dmitrov, Zheleznodorozhny Pereulok, 3, Premises 41, Russian Federation",,https://www.inekocom.ru/
Informakustika JSC,,Informakustika JSC,entity,出口管制·军工实体(Annex IV),Export control · military end-user (Annex IV),俄罗斯,Russia,2022-06-03,"Local name: Акционерное Общество «Информакустика» (АО «Информакустика»)；A.k.a: Joint Stock Company ""Informacoustics"" ｜ Address(es): 194021, St. Petersburg, Politekhnicheskaya Str., 22, Letter A, Russian Federation; 197376, St. Petersburg, R. Krestovki Embankment, 3, Russian Federation Telephone: + ",Акционерное Общество «Информакустика» (АО «Информакустика»),"Joint Stock Company ""Informacoustics""","194021, St. Petersburg, Politekhnicheskaya Str., 22, Letter A, Russian Federation; 197376, St. Petersburg, R. Krestovki Embankment, 3, Russian Federation",,
Institute of High Energy Physics,,Institute of High Energy Physics,entity,出口管制·军工实体(Annex IV),Export control · military end-user (Annex IV),俄罗斯,Russia,2022-06-03,"Local name: Федеральное Государственное Бюджетное Учреждение «Институт Физики Высоких Энергий имени А.А. Логунова Национального Исследовательского Центра «Курчатовский Институт» (НИЦ «Курчатовский Институт» – ИФВЭ)；A.k.a: IHEP; NITs Kurchatovsky Institute IFVE; Federal State Budgetary Institution ""I",Федеральное Государственное Бюджетное Учреждение «Институт Физики Высоких Энергий имени А.А. Логунова Национального Исследовательского Центра «Курчатовский Институт» (НИЦ «Курчатовский Институт» – ИФВЭ),"IHEP; NITs Kurchatovsky Institute IFVE; Federal State Budgetary Institution ""I",,,
Institute of Theoretical and Experimental Physics,,Institute of Theoretical and Experimental Physics,entity,出口管制·军工实体(Annex IV),Export control · military end-user (Annex IV),俄罗斯,Russia,2022-06-03,"Local name: Национальный Исследовательский Центр «Курчатовский Институт» – Курчатовский Комплекс Теоретической и Экспериментальной Физики (НИЦ «Курчатовский Институт» – ИТЭФ)；A.k.a: ITEP; ITEF; Kurchatovsky Institute ITEF; Federal State Budgetary Institution ""Institute of Theoretical and Experimenta",Национальный Исследовательский Центр «Курчатовский Институт» – Курчатовский Комплекс Теоретической и Экспериментальной Физики (НИЦ «Курчатовский Институт» – ИТЭФ),"ITEP; ITEF; Kurchatovsky Institute ITEF; Federal State Budgetary Institution ""Institute of Theoretical and Experimenta",,,
Inteltech PJSC,,Inteltech PJSC,entity,出口管制·军工实体(Annex IV),Export control · military end-user (Annex IV),俄罗斯,Russia,2022-06-03,"Local name: Публичное Акционерное Общество «Информационные Телекоммуникационные Технологии» (ПАО «Интелтех»)；A.k.a: Information Telecommunications Technology PJSC; Inteltekh ｜ Address(es): 197342, St. Petersburg, Kantemirovskaya Str., 8, Russian Federation; 194100, St. Petersburg, Kantemirovskaya St",Публичное Акционерное Общество «Информационные Телекоммуникационные Технологии» (ПАО «Интелтех»),Information Telecommunications Technology PJSC; Inteltekh,"197342, St. Petersburg, Kantemirovskaya Str., 8, Russian Federation; 194100, St. Petersburg, Kantemirovskaya St",,
ISE SO RAN Institute of High-Current Electronics,,ISE SO RAN Institute of High-Current Electronics,entity,出口管制·军工实体(Annex IV),Export control · military end-user (Annex IV),俄罗斯,Russia,2022-06-03,"Local name: Федеральное Государственное Бюджетное Учреждение Науки Институт Сильноточной Электроники Сибирского Отделения Российской Академии Наук (ИСЭ СО РАН)；A.k.a: Institute of High Current Electronics of the Siberian Branch of the Russian Academy of Sciences; IHE SB RAS ｜ Address(es): 634055, To",Федеральное Государственное Бюджетное Учреждение Науки Институт Сильноточной Электроники Сибирского Отделения Российской Академии Наук (ИСЭ СО РАН),Institute of High Current Electronics of the Siberian Branch of the Russian Academy of Sciences; IHE SB RAS,"634055, To",,
Kaluga Scientific-Research Institute of Telemechanical Devices JSC,,Kaluga Scientific-Research Institute of Telemechanical Devices JSC,entity,出口管制·军工实体(Annex IV),Export control · military end-user (Annex IV),俄罗斯,Russia,2022-06-03,"Local name: Акционерное Общество «Калужский Научно-Исследовательский Институт Телемеханических Устройств» (АО «КНИИТМУ»)；A.k.a: KNIITMU JSC ｜ Address(es): 248650, Kaluga Oblast, Kaluga, Pushkina Str., 19, Russian Federation; 248000, Kaluga Oblast, Kaluga, Karla Marksa Str., 4, Russian Federation Tel",Акционерное Общество «Калужский Научно-Исследовательский Институт Телемеханических Устройств» (АО «КНИИТМУ»),KNIITMU JSC,"248650, Kaluga Oblast, Kaluga, Pushkina Str., 19, Russian Federation; 248000, Kaluga Oblast, Kaluga, Karla Marksa Str., 4, Russian Federation Tel",,
Kulon Scientific-Research Institute JSC,,Kulon Scientific-Research Institute JSC,entity,出口管制·军工实体(Annex IV),Export control · military end-user (Annex IV),俄罗斯,Russia,2022-06-03,"Local name: Акционерное Общество «Научно-Исследовательский Институт «Кулон» (АО «НИИ «Кулон»)；A.k.a: NII Kulon JSC ｜ Address(es): 129075, Moscow, Ostankinsky Municipal District, Murmansky Proezd, 14, Russian Federation Telephone: + 7 (495) 966-05-66 Website: https://niikulon.ru/ Email: mail@niiku",Акционерное Общество «Научно-Исследовательский Институт «Кулон» (АО «НИИ «Кулон»),NII Kulon JSC,"129075, Moscow, Ostankinsky Municipal District, Murmansky Proezd, 14, Russian Federation",,https://niikulon.ru/
Lutch Design Office JSC,,Lutch Design Office JSC,entity,出口管制·军工实体(Annex IV),Export control · military end-user (Annex IV),俄罗斯,Russia,2022-06-03,"Local name: Акционерное Общество «Конструкторское бюро «Луч» (АО «КБ «Луч»)；A.k.a: Lutch Design Bureau JCS; Lutch JSC; KB-Lutch ｜ Address(es): 152920, Yaroslavl Oblast, Rybinsk, Pobedy Boulevard, 25, Russian Federation Telephone: + 8 (4855) 28-58-22 Website: https://kb-lutch.ru/ Email: kb@kb-lutch.r",Акционерное Общество «Конструкторское бюро «Луч» (АО «КБ «Луч»),Lutch Design Bureau JCS; Lutch JSC; KB-Lutch,"152920, Yaroslavl Oblast, Rybinsk, Pobedy Boulevard, 25, Russian Federation",,https://kb-lutch.ru/
Meteor Plant JSC,,Meteor Plant JSC,entity,出口管制·军工实体(Annex IV),Export control · military end-user (Annex IV),俄罗斯,Russia,2022-06-03,"Local name: Акционерное Общество «Завод «Метеор» (АО «Завод «Метеор»)；A.k.a: AO Zavod Meteor ｜ Address(es): 404130, Volgograd Oblast, Volzhsky, Loginova Str., 23, Russian Federation; 404122, Volgograd Oblast, Volzhsky, Gorkogo Str., 1, Russian Federation Telephone: + 7 (8443",Акционерное Общество «Завод «Метеор» (АО «Завод «Метеор»),AO Zavod Meteor,"404130, Volgograd Oblast, Volzhsky, Loginova Str., 23, Russian Federation; 404122, Volgograd Oblast, Volzhsky, Gorkogo Str., 1, Russian Federation",,
Moscow Communications Research Institute JSC,,Moscow Communications Research Institute JSC,entity,出口管制·军工实体(Annex IV),Export control · military end-user (Annex IV),俄罗斯,Russia,2022-06-03,"Local name: Акционерное Общество «Московский Научно-Исследовательский Институт Связи» (АО «МНИИС»)；A.k.a: MNIIS JSC ｜ Address(es): 117534, Moscow, Kirovogradsky Proezd, 3, Building 2, Russian Federation; 121170, Moscow Kutuzovsky Prospekt, 34, Russian Federation Telephone: + 7 (499) 249 40 88 Webs",Акционерное Общество «Московский Научно-Исследовательский Институт Связи» (АО «МНИИС»),MNIIS JSC,"117534, Moscow, Kirovogradsky Proezd, 3, Building 2, Russian Federation; 121170, Moscow Kutuzovsky Prospekt, 34, Russian Federation",,
Moscow Order of the Red Banner of Labor Research Radio Engineering Institute JSC,,Moscow Order of the Red Banner of Labor Research Radio Engineering Institute JSC,entity,出口管制·军工实体(Annex IV),Export control · military end-user (Annex IV),俄罗斯,Russia,2022-06-03,"Local name: Акционерное Общество «Московский Ордена Трудового Красного Знамени Научно-Исследовательский Радиотехнический Институт» (АО «МНИРТИ»)；A.k.a: MNIRTI JSC. ｜ Address(es): 103028, Moscow, Bolshoi Trekhsvyatitelsky Pereulok, 2/1, Russian Federation Telephone: + 7 (495) 626-23-44 Website: https",Акционерное Общество «Московский Ордена Трудового Красного Знамени Научно-Исследовательский Радиотехнический Институт» (АО «МНИРТИ»),MNIRTI JSC,"103028, Moscow, Bolshoi Trekhsvyatitelsky Pereulok, 2/1, Russian Federation",,
Joint Stock Company NPO Elektromechaniki,,Joint Stock Company NPO Elektromechaniki,entity,出口管制·军工实体(Annex IV),Export control · military end-user (Annex IV),俄罗斯,Russia,2022-06-03,"Local name: Акционерное Общество «Научно-Производственное Объединение Электромеханики» (АО «НПО Электромеханики»)；A.k.a: NPO Elektromechaniki JSC; Scientific and Production Association ""Electromechanics"" JSC ｜ Address(es): 45630, Chelyabinsk Oblast, Miass, Mendeleeva Str., 31, Russian Federation Tel",Акционерное Общество «Научно-Производственное Объединение Электромеханики» (АО «НПО Электромеханики»),"NPO Elektromechaniki JSC; Scientific and Production Association ""Electromechanics"" JSC","45630, Chelyabinsk Oblast, Miass, Mendeleeva Str., 31, Russian Federation Tel",,
Omsk Production Union Irtysh JSC,,Omsk Production Union Irtysh JSC,entity,出口管制·军工实体(Annex IV),Export control · military end-user (Annex IV),俄罗斯,Russia,2022-06-03,"Local name: Акционерное Общество «Омское Производственное Объединение «Иртыш» (АО «ОмПО «Иртыш»)；A.k.a: OmPO Irtysh ｜ Address(es): 644060, Omsk Oblast, Omsk, Gurteva Str., 18, Russian Federation; Telephone: + 7 (3812) 44-87-05 Website: https://irtysh.ru/ Email: irtysh@irtysh.com.ru",Акционерное Общество «Омское Производственное Объединение «Иртыш» (АО «ОмПО «Иртыш»),OmPO Irtysh,"644060, Omsk Oblast, Omsk, Gurteva Str., 18, Russian Federation",,https://irtysh.ru/
Omsk Scientific-Research Institute of Instrument Engineering JSC,,Omsk Scientific-Research Institute of Instrument Engineering JSC,entity,出口管制·军工实体(Annex IV),Export control · military end-user (Annex IV),俄罗斯,Russia,2022-06-03,"Local name: Акционерное общество «Омский Научно-Исследовательский Институт Приборостроения» (АО «ОНИИП»)；A.k.a: JSC Omsk Research Institute of Instrument Engineering; AO ONIIP ｜ Address(es): 644071, Omsk Oblast, Omsk, Maslennikova Str., 231, Russian Federation Telephone: + 7 (3812) 44-85-45 Website:",Акционерное общество «Омский Научно-Исследовательский Институт Приборостроения» (АО «ОНИИП»),JSC Omsk Research Institute of Instrument Engineering; AO ONIIP,"644071, Omsk Oblast, Omsk, Maslennikova Str., 231, Russian Federation",,
"Optron, JSC",,"Optron, JSC",entity,出口管制·军工实体(Annex IV),Export control · military end-user (Annex IV),俄罗斯,Russia,2022-06-03,"Local name: Акционерное общество «Оптрон» (АО «Оптрон») ｜ Address(es): 105318, Moscow, Shcherbakovskaya Str., 53, Russian Federation Telephone: + 8 (495) 366-22-66 Website: https://www.optron.ru/ Email: main@optron.ru Registration number:",Акционерное общество «Оптрон» (АО «Оптрон»),,"105318, Moscow, Shcherbakovskaya Str., 53, Russian Federation",,https://www.optron.ru/
Pella Shipyard OJSC,,Pella Shipyard OJSC,entity,出口管制·军工实体(Annex IV),Export control · military end-user (Annex IV),俄罗斯,Russia,2022-06-03,"Local name: Акционерное общество «Ленинградский Судостроительный Завод «Пелла» (АО «Пелла»)；A.k.a: JSC Leningrad Shipyard Pella; AO ""Leningradsky Sudostroitelny Zavod ""Pella""; AO ""Pella"" ｜ Address(es): 187330, Leningrad Oblast, Kirovsky District, Otradnoe, Tsentralnaya Str., 4, Russian Federation Te",Акционерное общество «Ленинградский Судостроительный Завод «Пелла» (АО «Пелла»),"JSC Leningrad Shipyard Pella; AO ""Leningradsky Sudostroitelny Zavod ""Pella""; AO ""Pella""","187330, Leningrad Oblast, Kirovsky District, Otradnoe, Tsentralnaya Str., 4, Russian Federation Te",,
Polyot Chelyabinsk Radio Plant JSC,,Polyot Chelyabinsk Radio Plant JSC,entity,出口管制·军工实体(Annex IV),Export control · military end-user (Annex IV),俄罗斯,Russia,2022-06-03,"Local name: Акционерное Общество «Челябинский Радиозавод «Полёт» (АО «ЧРЗ «Полет»)；A.k.a: AO ""ChRZ ""Polyot""; Chelyabinsk Radio Plant Polet; ChRP ""Polet"" ｜ Address(es): 454080, Chelyabinsk Oblast, Chelyabinsk, Terponolskaya Str., 6, Russian Federation Telephone: + 7 (351) 267-02-20 Website: https://w",Акционерное Общество «Челябинский Радиозавод «Полёт» (АО «ЧРЗ «Полет»),"AO ""ChRZ ""Polyot""; Chelyabinsk Radio Plant Polet; ChRP ""Polet""","454080, Chelyabinsk Oblast, Chelyabinsk, Terponolskaya Str., 6, Russian Federation",,
Pskov Distance Communications Equipment Plant,,Pskov Distance Communications Equipment Plant,entity,出口管制·军工实体(Annex IV),Export control · military end-user (Annex IV),俄罗斯,Russia,2022-06-03,"Local name: Акционерное Общество «Псковский Завод Аппаратуры Дальней Связи» (АО «Псковский Завод АДС»)；A.k.a: Pskov Plant ADS JSC; Pskov Distance Communications Equipment (ADS) ｜ Address(es): 180004, Pskov Oblast, Pskov, Gagarina Str., 4, Russian Federation Telephone: + 8 (8112) 79-41-12; + 8 (8112)",Акционерное Общество «Псковский Завод Аппаратуры Дальней Связи» (АО «Псковский Завод АДС»),Pskov Plant ADS JSC; Pskov Distance Communications Equipment (ADS),"180004, Pskov Oblast, Pskov, Gagarina Str., 4, Russian Federation",,
"Radiozavod, JSC",,"Radiozavod, JSC",entity,出口管制·军工实体(Annex IV),Export control · military end-user (Annex IV),俄罗斯,Russia,2022-06-03,"Local name: Акционерное Общество «Радиозавод» (АО «Радиозавод») ｜ Address(es): 440039, Penza Oblast, Penza, Baydukova Str., 1, Russian Federation Telephone: + 7 (8412) 92-80-96 Website: https://www.penza-radiozavod.ru/ Email: radio@rf58.ru Regist",Акционерное Общество «Радиозавод» (АО «Радиозавод»),,"440039, Penza Oblast, Penza, Baydukova Str., 1, Russian Federation",,https://www.penza-radiozavod.ru/
Razryad JSC,,Razryad JSC,entity,出口管制·军工实体(Annex IV),Export control · military end-user (Annex IV),俄罗斯,Russia,2022-06-03,"Local name: Акционерное Общество «Разряд» (АО «Разряд»)；A.k.a: Zavod Razryad ｜ Address(es): 362031, Republic of North Ossetia – Alania, Vladikavkaz, Kosta Prospekt, 233, Russian Federation Telephone: + 8 (8672) 51-52-94; + 8 (8672) 51-61-82; + 8 (8672) 51-81-",Акционерное Общество «Разряд» (АО «Разряд»),Zavod Razryad,"362031, Republic of North Ossetia – Alania, Vladikavkaz, Kosta Prospekt, 233, Russian Federation",,
Research Production Association Mars,,Research Production Association Mars,entity,出口管制·军工实体(Annex IV),Export control · military end-user (Annex IV),俄罗斯,Russia,2022-06-03,"Local name: Федеральный Научно-Производственный Центр Акционерное Общество «Научно-Производственное Объединение «Марс» (ФНПЦ АО «НПО «Марс»)；A.k.a: RPA Mars; NPO Mars; Federal Research and Development Center JSC Scientific Production Association ""Mars""; FNPTs AO ""NPO ""MARS"" ｜ Address(es): 432022, Ul",Федеральный Научно-Производственный Центр Акционерное Общество «Научно-Производственное Объединение «Марс» (ФНПЦ АО «НПО «Марс»),"RPA Mars; NPO Mars; Federal Research and Development Center JSC Scientific Production Association ""Mars""; FNPTs AO ""NPO ""MARS""","432022, Ul",,
Ryazan Radio-Plant,,Ryazan Radio-Plant,entity,出口管制·军工实体(Annex IV),Export control · military end-user (Annex IV),俄罗斯,Russia,2022-06-03,"Local name: Акционерное Общество «Рязанский Радиозавод» (АО «Рязанский Радиозавод») ｜ Address(es): 390023, Ryazan Oblast, Ryazan Lermontova Str., 11, Russian Federation Telephone: + 7 (4912) 29-27-33; + 7 (4912) 29-29-30 Website: https://radiozavod.ru/ Email: mail@r",Акционерное Общество «Рязанский Радиозавод» (АО «Рязанский Радиозавод»),,"390023, Ryazan Oblast, Ryazan Lermontova Str., 11, Russian Federation",,https://radiozavod.ru/
Scientific Production Center Vigstar JSC,,Scientific Production Center Vigstar JSC,entity,出口管制·军工实体(Annex IV),Export control · military end-user (Annex IV),俄罗斯,Russia,2022-06-03,"Local name: Акционерное Общество «Научно-Производственный Центр «Вигстар» (АО «НПЦ «Вигстар»)；A.k.a: AO Nauchno-Proizvodstvennyy Tsentr Vigstar; JSC SRC Vigstar; AO NPTs Vigstar ｜ Address(es): 117545, Moscow, 1st Dorozhny Proezd, 8, Russian Federation Telephone: + 7 (495) 276 5201; + 7 (495) 276 520",Акционерное Общество «Научно-Производственный Центр «Вигстар» (АО «НПЦ «Вигстар»),AO Nauchno-Proizvodstvennyy Tsentr Vigstar; JSC SRC Vigstar; AO NPTs Vigstar,"117545, Moscow, 1st Dorozhny Proezd, 8, Russian Federation",,
"Scientific Production Enterprise ""Radiosviaz""",,"Scientific Production Enterprise ""Radiosviaz""",entity,出口管制·军工实体(Annex IV),Export control · military end-user (Annex IV),俄罗斯,Russia,2022-06-03,"Local name: Акционерное Общество «Научно-Производственное Предприятие «Радиосвязь» (АО «НПП «Радиосвязь»)；A.k.a: AO NPP Radiosvyaz; Joint Stock Company ""Research and Production Enterprise ""Radiosvyaz"" ｜ Address(es): 660021, Krasnoyarsk Krai, Krasnoyarsk, Dekabristov Str., 19, Russian Federation Tele",Акционерное Общество «Научно-Производственное Предприятие «Радиосвязь» (АО «НПП «Радиосвязь»),"AO NPP Radiosvyaz; Joint Stock Company ""Research and Production Enterprise ""Radiosvyaz""","660021, Krasnoyarsk Krai, Krasnoyarsk, Dekabristov Str., 19, Russian Federation Tele",,
Scientific Research Institute Ferrite-Domen,,Scientific Research Institute Ferrite-Domen,entity,出口管制·军工实体(Annex IV),Export control · military end-user (Annex IV),俄罗斯,Russia,2022-06-03,"Local name: Акционерное Общество «Научно-Исследовательский Институт «Феррит-Домен» (АО «НИИ «Феррит-Домен»)；A.k.a: AO NII Ferrit-Domen ｜ Address(es): 196006, St. Petersburg, Zvetochnaya Str., 25, Building 3, Letter B, Room 417, Russian Federation Telephone: + 7 (812) 676-28-83 Website: https://www.d",Акционерное Общество «Научно-Исследовательский Институт «Феррит-Домен» (АО «НИИ «Феррит-Домен»),AO NII Ferrit-Domen,"196006, St. Petersburg, Zvetochnaya Str., 25, Building 3, Letter B, Room 417, Russian Federation",,
Scientific Research Institute of Communication Management Systems,,Scientific Research Institute of Communication Management Systems,entity,出口管制·军工实体(Annex IV),Export control · military end-user (Annex IV),俄罗斯,Russia,2022-06-03,"Local name: Акционерное Общество «Научно-Исследовательский Институт Систем Связи и Управления» (АО «НИИСУ»)；A.k.a: AO NIISU; Joint Stock Company ""Research and Development Institute of Communication and Management Systems"" ｜ Address(es): 117630, Moscow, Starokaluzhkoe Shosse, 58, Russian Federation T",Акционерное Общество «Научно-Исследовательский Институт Систем Связи и Управления» (АО «НИИСУ»),"AO NIISU; Joint Stock Company ""Research and Development Institute of Communication and Management Systems""","117630, Moscow, Starokaluzhkoe Shosse, 58, Russian Federation T",,
Scientific-Production Association and Scientific-Research Institute of Radio-Components,,Scientific-Production Association and Scientific-Research Institute of Radio-Components,entity,出口管制·军工实体(Annex IV),Export control · military end-user (Annex IV),俄罗斯,Russia,2022-06-03,"Local name: Общество с Ограниченной Ответственностью «Научно-Производственное Объединение НИИРК» (ООО «НПО НИИРК»)；A.k.a: NIIRK; Limited Liability Company ""Research and Production Association NIIRK""; OOO NPO NIIRK ｜ Address(es): 119049, Moscow, Krymsky Val Str., 3, Building 1, Office 1, Russian Fede",Общество с Ограниченной Ответственностью «Научно-Производственное Объединение НИИРК» (ООО «НПО НИИРК»),"NIIRK; Limited Liability Company ""Research and Production Association NIIRK""; OOO NPO NIIRK","119049, Moscow, Krymsky Val Str., 3, Building 1, Office 1, Russian Fede",,
"Scientific-Production Enterprise ""Kant""",,"Scientific-Production Enterprise ""Kant""",entity,出口管制·军工实体(Annex IV),Export control · military end-user (Annex IV),俄罗斯,Russia,2022-06-03,"Local name: Акционерное Общество «Научно-Производственное Предприятие «Кант» (АО «НПП «Кант»)；A.k.a: AO NPP Kant; Joint Stock Company ""Research and Production Enterprise ""Kant"" ｜ Address(es): 109316, Moscow, Talalikhina Str., 12, Building 7, Russian Federation; 129626, Moscow, 3rd Mytishchinskaya St",Акционерное Общество «Научно-Производственное Предприятие «Кант» (АО «НПП «Кант»),"AO NPP Kant; Joint Stock Company ""Research and Production Enterprise ""Kant""","109316, Moscow, Talalikhina Str., 12, Building 7, Russian Federation; 129626, Moscow, 3rd Mytishchinskaya St",,
"Scientific-Production Enterprise ""Svyaz""",,"Scientific-Production Enterprise ""Svyaz""",entity,出口管制·军工实体(Annex IV),Export control · military end-user (Annex IV),俄罗斯,Russia,2022-06-03,"Local name: Акционерное Общество «Научно-Производственное Предприятие «Связь» (АО «НПП «Связь»)；A.k.a: AO NPP Svyaz; Joint Stock Company ""Research and Production Enterprise ""Svyaz"" ｜ Address(es): 301214, Tula Oblast, Shekinsky District, Yasnaya Polyana Village, Shkolnaya Str., 19, Russian Federation",Акционерное Общество «Научно-Производственное Предприятие «Связь» (АО «НПП «Связь»),"AO NPP Svyaz; Joint Stock Company ""Research and Production Enterprise ""Svyaz""","301214, Tula Oblast, Shekinsky District, Yasnaya Polyana Village, Shkolnaya Str., 19, Russian Federation",,
Scientific-Production Enterprise Almaz JSC,,Scientific-Production Enterprise Almaz JSC,entity,出口管制·军工实体(Annex IV),Export control · military end-user (Annex IV),俄罗斯,Russia,2022-06-03,"Local name: Акционерное Общество «Научно-Производственное Предприятие «Алмаз» (АО «НПП «Алмаз»)；A.k.a: AO NPP Almaz; Joint Stock Company ""Research and Production Enterprise ""Almaz""; Almaz Research and Production Enterprise; RPE Almaz ｜ Address(es): 410033, Saratov Oblast, Saratov, Panfilov I.V. Str.",Акционерное Общество «Научно-Производственное Предприятие «Алмаз» (АО «НПП «Алмаз»),"AO NPP Almaz; Joint Stock Company ""Research and Production Enterprise ""Almaz""; Almaz Research and Production Enterprise; RPE Almaz","410033, Saratov Oblast, Saratov, Panfilov I.V. Str",,
Scientific-Production Enterprise Salyut JSC,,Scientific-Production Enterprise Salyut JSC,entity,出口管制·军工实体(Annex IV),Export control · military end-user (Annex IV),俄罗斯,Russia,2022-06-03,"Local name: Акционерное Общество «Научно-Производственное Предприятие «Салют» (АО «НПП «Салют»)；A.k.a: AO NPP Salyut; Joint Stock Company ""Research and Production Enterprise ""Salute"" ｜ Address(es): 603107, Nizhny Novgorod Oblast, Nizhny Novgorod, Larina Str., 7, Building 4, Office 4264, Russian Fede",Акционерное Общество «Научно-Производственное Предприятие «Салют» (АО «НПП «Салют»),"AO NPP Salyut; Joint Stock Company ""Research and Production Enterprise ""Salute""","603107, Nizhny Novgorod Oblast, Nizhny Novgorod, Larina Str., 7, Building 4, Office 4264, Russian Fede",,
Scientific-Production Enterprise Volna,,Scientific-Production Enterprise Volna,entity,出口管制·军工实体(Annex IV),Export control · military end-user (Annex IV),俄罗斯,Russia,2022-06-03,"Local name: Акционерное Общество «Научно-Производственное Предприятие «Волна» (АО «НПП «Волна»)；A.k.a: AO NPP Volna; Joint Stock Company ""Research and Production Enterprise ""Wave"" ｜ Address(es): 117105, Moscow, Varshavskoe Shosse, 26, Russian Federation Telephone: + 8 (499) 611-31-00; + 8 (499) 782 ",Акционерное Общество «Научно-Производственное Предприятие «Волна» (АО «НПП «Волна»),"AO NPP Volna; Joint Stock Company ""Research and Production Enterprise ""Wave""","117105, Moscow, Varshavskoe Shosse, 26, Russian Federation",,
Scientific-Production Enterprise Vostok JSC,,Scientific-Production Enterprise Vostok JSC,entity,出口管制·军工实体(Annex IV),Export control · military end-user (Annex IV),俄罗斯,Russia,2022-06-03,"Local name: Акционерное Общество «Научно-Производственное Предприятие «Восток» (АО «НПП «Восток»)；A.k.a: AO NPP Vostok; Joint Stock Company ""Research and Production Enterprise ""Wave"" ｜ Address(es): 630049, Novosibirsk Oblast, Novosibirsk, Dusi Kovalchuk Str. 276, Russian Federation Telephone: + 7 (3",Акционерное Общество «Научно-Производственное Предприятие «Восток» (АО «НПП «Восток»),"AO NPP Vostok; Joint Stock Company ""Research and Production Enterprise ""Wave""","630049, Novosibirsk Oblast, Novosibirsk, Dusi Kovalchuk Str. 276, Russian Federation",,
"Scientific-Research Institute ""Argon""",,"Scientific-Research Institute ""Argon""",entity,出口管制·军工实体(Annex IV),Export control · military end-user (Annex IV),俄罗斯,Russia,2022-06-03,"Local name: Акционерное Общество «Научно-Исследовательский Институт «Аргон» (АО «НИИ «Аргон»)；A.k.a: AO NII Argon; Joint Stock Company ""Scientific Research Institute ""Argon"" ｜ Address(es): 117587, Moscow, Varshavskoe Shosse, 125, Building 1, Russian Federation Telephone: + 7 (495) 319-78-67 Website:",Акционерное Общество «Научно-Исследовательский Институт «Аргон» (АО «НИИ «Аргон»),"AO NII Argon; Joint Stock Company ""Scientific Research Institute ""Argon""","117587, Moscow, Varshavskoe Shosse, 125, Building 1, Russian Federation",,
Scientific-Research Institute and Factory Platan,,Scientific-Research Institute and Factory Platan,entity,出口管制·军工实体(Annex IV),Export control · military end-user (Annex IV),俄罗斯,Russia,2022-06-03,"Local name: Акционерное Общество «Научно-Исследовательский Институт «Платан» с Заводом при НИИ» (АО «НИИ «Платан» с Заводом при НИИ»)；A.k.a: AO NII Platan s Zavodom pri NIII; Joint Stock Company ""Scientific Research Institute ""Platan""; Joint Stock Company ""Scientific Research Institute ""Platan"" with",Акционерное Общество «Научно-Исследовательский Институт «Платан» с Заводом при НИИ» (АО «НИИ «Платан» с Заводом при НИИ»),"AO NII Platan s Zavodom pri NIII; Joint Stock Company ""Scientific Research Institute ""Platan""; Joint Stock Company ""Scientific Research Institute ""Platan"" with",,,
Scientific-Research Institute of Automated Systems and Communications Complexes Neptune JSC,,Scientific-Research Institute of Automated Systems and Communications Complexes Neptune JSC,entity,出口管制·军工实体(Annex IV),Export control · military end-user (Annex IV),俄罗斯,Russia,2022-06-03,"Local name: Акционерное Общество «Научно-Исследовательский Институт Автоматизированных Систем и Комплексов Связи «Нептун» (АО «НИИ «Нептун»)；A.k.a: AO NII Neptun ｜ Address(es): 199178, St. Petersburg, Vasilyevsky Island, 7th Line, 80, Building 1, Letter A, Russian Federation Telephone: + 7 (812) 327",Акционерное Общество «Научно-Исследовательский Институт Автоматизированных Систем и Комплексов Связи «Нептун» (АО «НИИ «Нептун»),AO NII Neptun,"199178, St. Petersburg, Vasilyevsky Island, 7th Line, 80, Building 1, Letter A, Russian Federation",,
Special Design and Technical Bureau for Relay Technology,,Special Design and Technical Bureau for Relay Technology,entity,出口管制·军工实体(Annex IV),Export control · military end-user (Annex IV),俄罗斯,Russia,2022-06-03,"Local name: Акционерное Общество «Специальное Конструкторско-Технологическое Бюро по Релейной Технике» (АО «СКТБ РТ»)；A.k.a: Relay Technology Bureau JSC; AO SKTB RT; Joint Stock Company Special Relay System Design and Engineering Bureau ｜ Address(es): 173021, Novgorod Oblast, Veliky Novgorod, Nekhin",Акционерное Общество «Специальное Конструкторско-Технологическое Бюро по Релейной Технике» (АО «СКТБ РТ»),Relay Technology Bureau JSC; AO SKTB RT; Joint Stock Company Special Relay System Design and Engineering Bureau,"173021, Novgorod Oblast, Veliky Novgorod, Nekhin",,
Special Design Bureau Salute JSC,,Special Design Bureau Salute JSC,entity,出口管制·军工实体(Annex IV),Export control · military end-user (Annex IV),俄罗斯,Russia,2022-06-03,"Local name: Акционерное общество «Особое Конструкторское Бюро «Салют» (АО «ОКБ «Салют»)；A.k.a: AO OKB Salyut ｜ Address(es): 630049, Novosibirsk Oblast, Novosibirsk, Krasny Prospekt, 153, Russian Federation Telephone: + 7 (383) 226-57-19 Website: http://okb-salyut.ru/ Email: info@okb-salyut.",Акционерное общество «Особое Конструкторское Бюро «Салют» (АО «ОКБ «Салют»),AO OKB Salyut,"630049, Novosibirsk Oblast, Novosibirsk, Krasny Prospekt, 153, Russian Federation",,http://okb-salyut.ru/
"Tactical Missile Company, Joint Stock Company ""Salute""",,"Tactical Missile Company, Joint Stock Company ""Salute""",entity,出口管制·军工实体(Annex IV),Export control · military end-user (Annex IV),俄罗斯,Russia,2022-06-03,"Local name: АО «Салют»；A.k.a: AO Salyut; Zavod ""Salyut""; Kuibyshev Mechanical Plant ｜ Address(es): 443028, Samara Oblast, Samara, Moskovskoe Shosse, 20, Russian Federation Telephone: + 7 (846) 957-01-01 Website: https://www.ao-salut.ru/; https://www.salut-samara.ru/",АО «Салют»,"AO Salyut; Zavod ""Salyut""; Kuibyshev Mechanical Plant","443028, Samara Oblast, Samara, Moskovskoe Shosse, 20, Russian Federation",,https://www.ao-salut.ru/; https://www.salut-samara.ru/
"Tactical Missile Company, Joint Stock Company ""State Machine Building Design Bureau ""Vympel"" named after I.I.Toropov""",,"Tactical Missile Company, Joint Stock Company ""State Machine Building Design Bureau ""Vympel"" named after I.I.Toropov""",entity,出口管制·军工实体(Annex IV),Export control · military end-user (Annex IV),俄罗斯,Russia,2022-06-03,"Local name: Акционерное Общество «Государственное Машиностроительное Конструкторское Бюро «Вымпел» им. И.И.Торопова» (АО «Гос МКБ «Вымпел» им. И.И. Торопова»)；A.k.a: AO Gos MKB ""Vympel"" im. I.I. Toropova; NPO Vympel; JSC State Machine-Building Construction Bureau ""Vympel"" named after I.I. Toropov JS",Акционерное Общество «Государственное Машиностроительное Конструкторское Бюро «Вымпел» им. И.И.Торопова» (АО «Гос МКБ «Вымпел» им. И.И. Торопова»),"AO Gos MKB ""Vympel"" im. I.I. Toropova; NPO Vympel; JSC State Machine-Building Construction Bureau ""Vympel"" named after I.I. Toropov JS",,,
"Tactical Missile Company, Joint Stock Company ""Uralelement""",,"Tactical Missile Company, Joint Stock Company ""Uralelement""",entity,出口管制·军工实体(Annex IV),Export control · military end-user (Annex IV),俄罗斯,Russia,2022-06-03,"Local name: Акционерное Общество «Верхнеуфалейский Завод «Уралэлемент» (АО «Уралэлемент»)；A.k.a: Joint Stock Company ""Verkhneufaleysky Plant ""Uralelement""; Aktsionernoe Obshchestvo Verkhneufaleysky Zavod Uralelement; AO Uralelement ｜ Address(es): 456800, Chelyabinsk Oblast, Verkhny Ufaley, Dmitrieva",Акционерное Общество «Верхнеуфалейский Завод «Уралэлемент» (АО «Уралэлемент»),"Joint Stock Company ""Verkhneufaleysky Plant ""Uralelement""; Aktsionernoe Obshchestvo Verkhneufaleysky Zavod Uralelement; AO Uralelement","456800, Chelyabinsk Oblast, Verkhny Ufaley, Dmitrieva",,
"Tactical Missile Company, Joint Stock Company ""Plant Dagdiesel""",,"Tactical Missile Company, Joint Stock Company ""Plant Dagdiesel""",entity,出口管制·军工实体(Annex IV),Export control · military end-user (Annex IV),俄罗斯,Russia,2022-06-03,"Local name: Акционерное Общество «Завод «Дагдизель» (АО «Завод «Дагдизель»)；A.k.a: Dagdizel Plant JSC; Factory Dagdizel; AO Zavod ""Dagdizel"" ｜ Address(es): 368399, Republic of Dagestan, Kaspiysk, Lenina Str., 1, Russian Federation Telephone: + 8 (872) 465-27-34 Website: http://dagdizel.ru/ Email: in",Акционерное Общество «Завод «Дагдизель» (АО «Завод «Дагдизель»),"Dagdizel Plant JSC; Factory Dagdizel; AO Zavod ""Dagdizel""","368399, Republic of Dagestan, Kaspiysk, Lenina Str., 1, Russian Federation",,http://dagdizel.ru/
"Tactical Missile Company, Joint Stock Company ""Scientific Research Institute of Marine Heat Engineering""",,"Tactical Missile Company, Joint Stock Company ""Scientific Research Institute of Marine Heat Engineering""",entity,出口管制·军工实体(Annex IV),Export control · military end-user (Annex IV),俄罗斯,Russia,2022-06-03,"Local name: Акционерное Общество «Научно-Исследовательский Институт Морской Теплотехники» (АО «НИИ Мортеплотехники»)；A.k.a: Research Institute of Morteplotehniki; AO NII Morteplotekhniki; Joint Stock Company ""Scientific Research Institute of Marine Thermal Engineering"" ｜ Address(es): 198412, St. Pet",Акционерное Общество «Научно-Исследовательский Институт Морской Теплотехники» (АО «НИИ Мортеплотехники»),"Research Institute of Morteplotehniki; AO NII Morteplotekhniki; Joint Stock Company ""Scientific Research Institute of Marine Thermal Engineering""","198412, St. Pet",,
"Tactical Missile Company, Joint Stock Company Plant Kulakov",,"Tactical Missile Company, Joint Stock Company Plant Kulakov",entity,出口管制·军工实体(Annex IV),Export control · military end-user (Annex IV),俄罗斯,Russia,2022-06-03,"Local name: Акционерное Общество «Завод имени А.А.Кулакова» (AO «Завод им А.А. Кулакова»)；A.k.a: JSC Plant named after A.A. Kulakov; AO Zavod im. A.A. Kulakova; JSC Zavod Kulakova ｜ Address(es): 197198, St. Petersburg, Yablochkova Str., 12, Letter A, Russian Federation Telephone: + 7 (812) 233-29-02",Акционерное Общество «Завод имени А.А.Кулакова» (AO «Завод им А.А. Кулакова»),JSC Plant named after A.A. Kulakov; AO Zavod im. A.A. Kulakova; JSC Zavod Kulakova,"197198, St. Petersburg, Yablochkova Str., 12, Letter A, Russian Federation",,
"Tactical Missile Company, Joint Stock Company Ravenstvo",,"Tactical Missile Company, Joint Stock Company Ravenstvo",entity,出口管制·军工实体(Annex IV),Export control · military end-user (Annex IV),俄罗斯,Russia,2022-06-03,"Local name: Акционерное Общество «Равенство» (АО «Равенство»)；A.k.a: Joint Stock Company Rawenstvo; AO Ravenstvo ｜ Address(es): 198095, St. Petersburg, Promyshlennaya Str., 19, Russian Federation Telephone: + 7 (812) 252-93-33; + 7 (812) 252-93-42 Website: https://rawenstvo.ru/ru/ Email: rawens",Акционерное Общество «Равенство» (АО «Равенство»),Joint Stock Company Rawenstvo; AO Ravenstvo,"198095, St. Petersburg, Promyshlennaya Str., 19, Russian Federation",,https://rawenstvo.ru/ru/
"Tactical Missile Company, Joint Stock Company Ravenstvo-Service",,"Tactical Missile Company, Joint Stock Company Ravenstvo-Service",entity,出口管制·军工实体(Annex IV),Export control · military end-user (Annex IV),俄罗斯,Russia,2022-06-03,"Local name: Акционерное Общество «Равенство-Сервис» (АО «Равенство-Сервис»)；A.k.a: Joint Stock Company Rawenstvo-Service; AO Ravenstvo-Servis ｜ Address(es): 198095, St. Petersburg, Promyshlennaya Str., 19, Russian Federation Telephone: + 7 (812) 252-92-00 Website: https://ktrv.ru/about/structure/rav",Акционерное Общество «Равенство-Сервис» (АО «Равенство-Сервис»),Joint Stock Company Rawenstvo-Service; AO Ravenstvo-Servis,"198095, St. Petersburg, Promyshlennaya Str., 19, Russian Federation",,https://ktrv.ru/about/structure/rav
"Tactical Missile Company, Joint Stock Company Saratov Radio Instrument Plant",,"Tactical Missile Company, Joint Stock Company Saratov Radio Instrument Plant",entity,出口管制·军工实体(Annex IV),Export control · military end-user (Annex IV),俄罗斯,Russia,2022-06-03,"Local name: Акционерное Общество «Саратовский Радиоприборный Завод» (АО «СРЗ»)；A.k.a: Aktsionernoe Obshchestvo Saratovsky Radiopriborny Zavod; AO SRZ ｜ Address(es): 410040, Saratov Oblast, Saratov, Prospekt 50 Let Oktyabrya, 108, Russian Federation Telephone: + 7 (8452) 79-95-05 Website: http://gran",Акционерное Общество «Саратовский Радиоприборный Завод» (АО «СРЗ»),Aktsionernoe Obshchestvo Saratovsky Radiopriborny Zavod; AO SRZ,"410040, Saratov Oblast, Saratov, Prospekt 50 Let Oktyabrya, 108, Russian Federation",,
"Tactical Missile Company, Joint Stock Company Severny Press",,"Tactical Missile Company, Joint Stock Company Severny Press",entity,出口管制·军工实体(Annex IV),Export control · military end-user (Annex IV),俄罗斯,Russia,2022-06-03,"Local name: Акционерное Общество «Северный Пресс» (АО «Северный Пресс»)；A.k.a: Joint Stock Company ""Northern Press""; AO Severny Press ｜ Address(es): 195196, St. Petersburg, Tallinskaya Str., 7, Russian Federation Telephone: + 7 (812) 445-21-36 Website: http://new.nordpress.spb.su/; https://www.grani",Акционерное Общество «Северный Пресс» (АО «Северный Пресс»),"Joint Stock Company ""Northern Press""; AO Severny Press","195196, St. Petersburg, Tallinskaya Str., 7, Russian Federation",,http://new.nordpress.spb.su/; https://www.grani
"Tactical Missile Company, Joint-Stock Company ""Research Center for Automated Design""",,"Tactical Missile Company, Joint-Stock Company ""Research Center for Automated Design""",entity,出口管制·军工实体(Annex IV),Export control · military end-user (Annex IV),俄罗斯,Russia,2022-06-03,"Local name: Акционерное Общество «Научно-Исследовательский Центр Автоматизированных Систем Конструирования» (АО «НИЦ АСК»)；A.k.a: AO NITs ASK; Joint Stock Company ""Scientific Research Center for Automated Design Systems"" ｜ Address(es): 125167, Moscow, Leningradsky Prospekt, 37, Building 12, Russian ",Акционерное Общество «Научно-Исследовательский Центр Автоматизированных Систем Конструирования» (АО «НИЦ АСК»),"AO NITs ASK; Joint Stock Company ""Scientific Research Center for Automated Design Systems""","125167, Moscow, Leningradsky Prospekt, 37, Building 12, Russian",,
"Tactical Missile Company, KB Mashinostroeniya",,"Tactical Missile Company, KB Mashinostroeniya",entity,出口管制·军工实体(Annex IV),Export control · military end-user (Annex IV),俄罗斯,Russia,2022-06-03,"Local name: Акционерное Общество «Научно-Производственная Корпорация «Конструкторское Бюро Машиностроения» (АО «НПК «КБМ»)；A.k.a: Joint Stock Company ""Research and Production Corporation ""Design Bureau of Mechanical Engineering""; AO NPK KBM; Joint Stock Company ""Research and Production Corporation """,Акционерное Общество «Научно-Производственная Корпорация «Конструкторское Бюро Машиностроения» (АО «НПК «КБМ»),"Joint Stock Company ""Research and Production Corporation ""Design Bureau of Mechanical Engineering""; AO NPK KBM; Joint Stock Company ""Research and Production Corporation """,,,
"Tactical Missile Company, NPO Lightning",,"Tactical Missile Company, NPO Lightning",entity,出口管制·军工实体(Annex IV),Export control · military end-user (Annex IV),俄罗斯,Russia,2022-06-03,"Local name: Акционерное Общество «Научно-Производственное Объединение «Молния» (АО «НПО «Молния»)；A.k.a: Research and Production Association Lightning JSC; Molniya Research & Industrial Corporation JSC; JSC NPO Molniya ｜ Address(es): 125363, Moscow, Lodochnaya Str., 5, Building 1, Russian Federation",Акционерное Общество «Научно-Производственное Объединение «Молния» (АО «НПО «Молния»),Research and Production Association Lightning JSC; Molniya Research & Industrial Corporation JSC; JSC NPO Molniya,"125363, Moscow, Lodochnaya Str., 5, Building 1, Russian Federation",,
"Tactical Missile Company, Petrovsky Electromechanical Plant ""Molot""",,"Tactical Missile Company, Petrovsky Electromechanical Plant ""Molot""",entity,出口管制·军工实体(Annex IV),Export control · military end-user (Annex IV),俄罗斯,Russia,2022-06-03,"Local name: Акционерное Общество «Петровский Электромеханический Завод «Молот» (АО «ПЭМЗ «Молот»)；A.k.a: Aktsionernoe Obshchestvo Petrovskii Elektromekhanicheskii Zavod Molot; JSC Petrovsky Electromechanical Zavod Molot; AO PEMZ Molot ｜ Address(es): 412540, Saratov Oblast, Petrovsk, Gogolya Str., 40",Акционерное Общество «Петровский Электромеханический Завод «Молот» (АО «ПЭМЗ «Молот»),Aktsionernoe Obshchestvo Petrovskii Elektromekhanicheskii Zavod Molot; JSC Petrovsky Electromechanical Zavod Molot; AO PEMZ Molot,"412540, Saratov Oblast, Petrovsk, Gogolya Str., 40",,
"Tactical Missile Company, PJSC ""MBDB ""ISKRA""",,"Tactical Missile Company, PJSC ""MBDB ""ISKRA""",entity,出口管制·军工实体(Annex IV),Export control · military end-user (Annex IV),俄罗斯,Russia,2022-06-03,"Local name: Акционерное Общество «Машиностроительное Конструкторское Бюро «ИСКРА» имени Ивана Ивановича Картукова» (АО «МКБ «ИСКРА»)；A.k.a: JSC ""MDB ""Iskra""; Joint Stock Company Machine Building Design Bureau ""ISKRA""; Iskra Engineering Design Bureau JSC named after I.I. Kartukov; JSC MBDB ISKRA; Mac",Акционерное Общество «Машиностроительное Конструкторское Бюро «ИСКРА» имени Ивана Ивановича Картукова» (АО «МКБ «ИСКРА»),"JSC ""MDB ""Iskra""; Joint Stock Company Machine Building Design Bureau ""ISKRA""; Iskra Engineering Design Bureau JSC named after I.I. Kartukov; JSC MBDB ISKRA; Mac",,,
"Tactical Missile Corporation, ""Central Design Bureau of Automation""",,"Tactical Missile Corporation, ""Central Design Bureau of Automation""",entity,出口管制·军工实体(Annex IV),Export control · military end-user (Annex IV),俄罗斯,Russia,2022-06-03,"Local name: Акционерное Общество «Центральное Конструкторское Бюро Автоматики» (АО «ЦКБА»)；A.k.a: CDBA; TsKBA; Central Design Bureau for Automatics Engineering JSC ｜ Address(es): 644027, Omsk Oblast, Omsk, Kosmichesky Prospekt, 24A, Russian Federation Telephone: + 7 (3812) 53-98-30 Website: http://w",Акционерное Общество «Центральное Конструкторское Бюро Автоматики» (АО «ЦКБА»),CDBA; TsKBA; Central Design Bureau for Automatics Engineering JSC,"644027, Omsk Oblast, Omsk, Kosmichesky Prospekt, 24A, Russian Federation",,
"Tactical Missile Corporation, 711 Aircraft Repair Plant",,"Tactical Missile Corporation, 711 Aircraft Repair Plant",entity,出口管制·军工实体(Annex IV),Export control · military end-user (Annex IV),俄罗斯,Russia,2022-06-03,"Local name: Акционерное Общество «711 Авиационный Ремонтный Завод» (АО «711 АРЗ»)；A.k.a: 711 ARZ ｜ Address(es): 397171, Voronezh Oblast, Borisoglebsk, Chkalova Str., 18, Russian Federation Telephone: + 7 (47354) 6-69-73 Website: http://711arz.ru/ Email: arz@711arz.ru Registratio",Акционерное Общество «711 Авиационный Ремонтный Завод» (АО «711 АРЗ»),711 ARZ,"397171, Voronezh Oblast, Borisoglebsk, Chkalova Str., 18, Russian Federation",,http://711arz.ru/
"Tactical Missile Corporation, AO GNPP ""Region""",,"Tactical Missile Corporation, AO GNPP ""Region""",entity,出口管制·军工实体(Annex IV),Export control · military end-user (Annex IV),俄罗斯,Russia,2022-06-03,"Local name: Акционерное Общество «Государственное Научно-Производственное Предприятие «Регион» (АО «ГНПП «Регион»)；A.k.a: Aktsionernoe Obshchestvo Gosudarstvennoe Nauchno Proizvodstvennoe Predpriyatie Region; ""Region"" Scientific & Production Enterprise JSC; AO GNPP Region ｜ Address(es): 115230, Mosc",Акционерное Общество «Государственное Научно-Производственное Предприятие «Регион» (АО «ГНПП «Регион»),"Aktsionernoe Obshchestvo Gosudarstvennoe Nauchno Proizvodstvennoe Predpriyatie Region; ""Region"" Scientific & Production Enterprise JSC; AO GNPP Region","115230, Mosc",,
"Tactical Missile Corporation, AO TMKB ""Soyuz""",,"Tactical Missile Corporation, AO TMKB ""Soyuz""",entity,出口管制·军工实体(Annex IV),Export control · military end-user (Annex IV),俄罗斯,Russia,2022-06-03,"Local name: Акционерное Общество Тураевское Машиностроительное Конструкторское Бюро «Союз» (АО ТМКБ «Союз»)；A.k.a: TMBDB Soyuz PJSC, Aktsionernoe Obshchestvo Turaevskoe Mashinostroitelnoe Konstruktorskoe Byuro ""Soyuz"", JSC Turayev Machine-Building Design Bureau ""Soyuz"" ｜ Address(es): 140080, Moscow ",Акционерное Общество Тураевское Машиностроительное Конструкторское Бюро «Союз» (АО ТМКБ «Союз»),"TMBDB Soyuz PJSC, Aktsionernoe Obshchestvo Turaevskoe Mashinostroitelnoe Konstruktorskoe Byuro ""Soyuz"", JSC Turayev Machine-Building Design Bureau ""Soyuz""","140080, Moscow",,
"Tactical Missile Corporation, Azov Optical and Mechanical Plant",,"Tactical Missile Corporation, Azov Optical and Mechanical Plant",entity,出口管制·军工实体(Annex IV),Export control · military end-user (Annex IV),俄罗斯,Russia,2022-06-03,"Local name: Акционерное Общество «Азовский Оптико-Механический Завод» (АО «АОМЗ»)；A.k.a: Azovsky Optiko-Mechanichesky Zavod; JSC AOMZ; Azov Optomechanical Plant JSC ｜ Address(es): 346780, Rostov Oblast, Azov, Promyshlennaya Str., 5, Russian Federation, Telephone: + 7 863 424-07-67; + 8 (863-42) 4-07",Акционерное Общество «Азовский Оптико-Механический Завод» (АО «АОМЗ»),Azovsky Optiko-Mechanichesky Zavod; JSC AOMZ; Azov Optomechanical Plant JSC,"346780, Rostov Oblast, Azov, Promyshlennaya Str., 5, Russian Federation",,
"Tactical Missile Corporation, Concern ""MPO – Gidropribor""",,"Tactical Missile Corporation, Concern ""MPO – Gidropribor""",entity,出口管制·军工实体(Annex IV),Export control · military end-user (Annex IV),俄罗斯,Russia,2022-06-03,"Local name: Акционерное Общество «Концерн «Морское Подводное Оружие - Гидроприбор» (АО «Концерн «МПО - Гидроприбор»)；A.k.a: JSC Concern Sea Underwater Weapons Gidropribor; Central Research Institute ""Gidropribor""; AO Konstern Morskoe Podvonoe Oruzhie Gidropribor ｜ Address(es): 194044, St. Petersburg",Акционерное Общество «Концерн «Морское Подводное Оружие - Гидроприбор» (АО «Концерн «МПО - Гидроприбор»),"JSC Concern Sea Underwater Weapons Gidropribor; Central Research Institute ""Gidropribor""; AO Konstern Morskoe Podvonoe Oruzhie Gidropribor","194044, St. Petersburg",,
"Tactical Missile Corporation, Joint Stock Company ""Krasny Gidropress""",,"Tactical Missile Corporation, Joint Stock Company ""Krasny Gidropress""",entity,出口管制·军工实体(Annex IV),Export control · military end-user (Annex IV),俄罗斯,Russia,2022-06-03,"Local name: Акционерное Общество «Красный Гидропресс» (АО «Красный Гидропресс»)；A.k.a: Aktsionernoe Obshchestvo ""Krasny Gidropress,""; JSC Red Hydraulic Press ｜ Address(es): 347928, Rostov Oblast, Taganrog, Severnaya Square, 3, Russian Federation Telephone: + 7 (8634) 36-63-39; + 7 (8634) 366-338 Web",Акционерное Общество «Красный Гидропресс» (АО «Красный Гидропресс»),"Aktsionernoe Obshchestvo ""Krasny Gidropress,""; JSC Red Hydraulic Press","347928, Rostov Oblast, Taganrog, Severnaya Square, 3, Russian Federation",,
"Tactical Missile Corporation, Joint Stock Company Avangard",,"Tactical Missile Corporation, Joint Stock Company Avangard",entity,出口管制·军工实体(Annex IV),Export control · military end-user (Annex IV),俄罗斯,Russia,2022-06-03,"Local name: Акционерное Общество «Авангард» (АО «Авангард») ｜ Address(es): 215500, Smolensk Oblast, Safonovo, Oktyabrskaya Str., 78, Russian Federation Telephone: + 7 (48142) 3-42-45; + 7 (481) 226 86-05; + 7 (48142) 3-42-32 Website: https://",Акционерное Общество «Авангард» (АО «Авангард»),,"215500, Smolensk Oblast, Safonovo, Oktyabrskaya Str., 78, Russian Federation",,
"Tactical Missile Corporation, Joint Stock Company Concern Granit-Electron",,"Tactical Missile Corporation, Joint Stock Company Concern Granit-Electron",entity,出口管制·军工实体(Annex IV),Export control · military end-user (Annex IV),俄罗斯,Russia,2022-06-03,"Local name: Акционерное Общество «Концерн «Гранит-Электрон» (АО «Концерн «Гранит-Электрон»)；A.k.a: AO Konstern Granit Elektron ｜ Address(es): 191014, St. Petersburg, Gospitalnaya Str., 3, Russian Federation Telephone: + 7 (812) 271-45-85; + 7 (812) 578-94-17 Website: https://www.granit-electron.ru/ ",Акционерное Общество «Концерн «Гранит-Электрон» (АО «Концерн «Гранит-Электрон»),AO Konstern Granit Elektron,"191014, St. Petersburg, Gospitalnaya Str., 3, Russian Federation",,https://www.granit-electron.ru/
"Tactical Missile Corporation, Joint Stock Company Elektrotyaga",,"Tactical Missile Corporation, Joint Stock Company Elektrotyaga",entity,出口管制·军工实体(Annex IV),Export control · military end-user (Annex IV),俄罗斯,Russia,2022-06-03,"Local name: Акционерное Общество «Электротяга» (АО «Электротяга») ｜ Address(es): 198099, St. Petersburg, Kalinina Str., 50 A, Russian Federation Telephone: + 7 (812) 252-80-77; + 7 (812) 786-32-19; + 7 (812) 786-97-19; + 7 (812) 240-12-90 Website: ",Акционерное Общество «Электротяга» (АО «Электротяга»),,"198099, St. Petersburg, Kalinina Str., 50 A, Russian Federation",,
"Tactical Missile Corporation, RKB Globus",,"Tactical Missile Corporation, RKB Globus",entity,出口管制·军工实体(Annex IV),Export control · military end-user (Annex IV),俄罗斯,Russia,2022-06-03,"Local name: Акционерное Общество «Рязанское Конструкторское Бюро «Глобус» (АО «РКБ «Глобус»)；A.k.a: JSC Ryazan Design Bureau Globus ｜ Address(es): 390013, Ryazan Oblast, Ryazan, Vysokovoltnaya Str., 6, Russian Federation Telephone: + 7 (4912) 76-52-16; + 7 (4912) 22-80-02 Website: https://rkbglobus.",Акционерное Общество «Рязанское Конструкторское Бюро «Глобус» (АО «РКБ «Глобус»),JSC Ryazan Design Bureau Globus,"390013, Ryazan Oblast, Ryazan, Vysokovoltnaya Str., 6, Russian Federation",,
"Tactical Missile Corporation, Smolensk Aviation Plant",,"Tactical Missile Corporation, Smolensk Aviation Plant",entity,出口管制·军工实体(Annex IV),Export control · military end-user (Annex IV),俄罗斯,Russia,2022-06-03,"Local name: Акционерное Общество «Смоленский Авиационный Завод» (АО «СмАЗ»)；A.k.a: JSC ""SMAZ""; Smolensk Aircraft Plant JSC ｜ Address(es): 214006, Smolensk Oblast, Smolensk, Frunze Str., 74, Russian Federation Telephone: + 8 (4812) 29 93 07; + 7 (4812) 21-95-50; + 7 (4812) 21-82-58 Website: http://ww",Акционерное Общество «Смоленский Авиационный Завод» (АО «СмАЗ»),"JSC ""SMAZ""; Smolensk Aircraft Plant JSC","214006, Smolensk Oblast, Smolensk, Frunze Str., 74, Russian Federation",,
"Tactical Missile Corporation, TRV Engineering",,"Tactical Missile Corporation, TRV Engineering",entity,出口管制·军工实体(Annex IV),Export control · military end-user (Annex IV),俄罗斯,Russia,2022-06-03,"Local name: Акционерное Общество «ТРВ - Инжиниринг» (АО «ТРВ - Инжиниринг») ｜ Address(es): 141076, Moscow Oblast, Korolev, Ordzhonikidze Str., 2A, Russian Federation Telephone: + 7 495 245 5132; + 7 (498) 601-29-49 Website: https://trv-e.ru/ Email: trv-e@mai",Акционерное Общество «ТРВ - Инжиниринг» (АО «ТРВ - Инжиниринг»),,"141076, Moscow Oblast, Korolev, Ordzhonikidze Str., 2A, Russian Federation",,https://trv-e.ru/
"Tactical Missile Corporation, Zvezda-Strela Limited Liability Company",,"Tactical Missile Corporation, Zvezda-Strela Limited Liability Company",entity,出口管制·军工实体(Annex IV),Export control · military end-user (Annex IV),俄罗斯,Russia,2022-06-03,"Local name: Акционерное Общество «Звезда-Стрела» (АО «Звезда-Стрела»)；A.k.a: JSC Zvezda-Strela ｜ Address(es): 347904, Rostov Oblast, Taganrog, 18th Pereulok, 1, Building 1, Russian Federation Telephone: + 7 (8634) 366-359; + 7 (8634) 366-341 Website: https://tdzs.ru/ Email: ta",Акционерное Общество «Звезда-Стрела» (АО «Звезда-Стрела»),JSC Zvezda-Strela,"347904, Rostov Oblast, Taganrog, 18th Pereulok, 1, Building 1, Russian Federation",,https://tdzs.ru/
"Tambov Plant (TZ) ""October""",Tambov Plant,"""October""",entity,出口管制·军工实体(Annex IV),Export control · military end-user (Annex IV),俄罗斯,Russia,2022-06-03,"Local name: Акционерное Общество «Тамбовский Завод «Октябрь» (АО «ТЗ «Октябрь»)；A.k.a: Tambov AO ""TZ Oktyabr"" ｜ Address(es): 392029, Tambov Oblast, Tambov, Bastionnaya Str., 1, Russian Federation Telephone: + 7 (4752) 73-77-60; + 7 (4752) 78-13-52 Website: https://www.oktabr-tz.ru/ Email: ok",Акционерное Общество «Тамбовский Завод «Октябрь» (АО «ТЗ «Октябрь»),"Tambov AO ""TZ Oktyabr""","392029, Tambov Oblast, Tambov, Bastionnaya Str., 1, Russian Federation",,https://www.oktabr-tz.ru/
"United Shipbuilding Corporation ""5th Shipyard""",,"United Shipbuilding Corporation ""5th Shipyard""",entity,出口管制·军工实体(Annex IV),Export control · military end-user (Annex IV),俄罗斯,Russia,2022-06-03,"Local name: Головной Филиал «5 Судоремонтный Завод» Акционерного Общества «Центр Судоремонта «Звездочка» (ФЛ «5 Судоремонтный Завод – АО «ЦС «Звездочка»)；A.k.a: 5-y Sudoremontnyy Zavod; 5 SRZ; Head Branch ""5 Shipyard"" of Joint Stock Company ""Zvezdochka Shiprepair Centre""; FL ""5 Shipyard - JSC ""CS Zv",Головной Филиал «5 Судоремонтный Завод» Акционерного Общества «Центр Судоремонта «Звездочка» (ФЛ «5 Судоремонтный Завод – АО «ЦС «Звездочка»),"5-y Sudoremontnyy Zavod; 5 SRZ; Head Branch ""5 Shipyard"" of Joint Stock Company ""Zvezdochka Shiprepair Centre""; FL ""5 Shipyard - JSC ""CS Zv",,,
Federal Center for Dual-Use Technology (FTsDT) Soyuz,Federal Center for Dual-Use Technology,Soyuz,entity,出口管制·军工实体(Annex IV),Export control · military end-user (Annex IV),俄罗斯,Russia,2022-07-21,"Local name: Федеральное Государственное Унитарное Предприятие «Федеральный центр двойных технологий «Союз» (ФГУП «ФЦДТ «Союз»)；A.k.a: FGUP FTsDT ""Soyuz""; FSUE ""FCDT ""Soyuz"" ｜ Address(es): 140090, Moscow Oblast, Dzerzhinsky, Akademika Zhukova Str., 42, Russian Federation Telephone: + 7 (495) 551-76-0",Федеральное Государственное Унитарное Предприятие «Федеральный центр двойных технологий «Союз» (ФГУП «ФЦДТ «Союз»),"FGUP FTsDT ""Soyuz""; FSUE ""FCDT ""Soyuz""","140090, Moscow Oblast, Dzerzhinsky, Akademika Zhukova Str., 42, Russian Federation",,
Zhukovskiy Central Aerohydrodynamics Institute (TsAGI),Zhukovskiy Central Aerohydrodynamics Institute,TsAGI,entity,出口管制·军工实体(Annex IV),Export control · military end-user (Annex IV),俄罗斯,Russia,2022-07-21,"Local name: Федеральное Автономное Учреждение «Центральный Аэрогидродинамический Институт имени Профессора Н.Е. Жуковского» (ФАУ «ЦАГИ»)；A.k.a: Central Aerohydrodynamic Institute named after Professor N.E. Zhukovsky ｜ Address(es): 140180, Moscow Oblast, Zhukovsky, Zhukovsky Str., 1, Russian Federati",Федеральное Автономное Учреждение «Центральный Аэрогидродинамический Институт имени Профессора Н.Е. Жуковского» (ФАУ «ЦАГИ»),Central Aerohydrodynamic Institute named after Professor N.E. Zhukovsky,"140180, Moscow Oblast, Zhukovsky, Zhukovsky Str., 1, Russian Federati",,
Rosatomflot,,Rosatomflot,entity,出口管制·军工实体(Annex IV),Export control · military end-user (Annex IV),俄罗斯,Russia,2022-07-21,"Local name: Федеральное Государственное Унитарное Предприятие Атомного Флота (ФГУП «Атомфлот»)；A.k.a: FSUE Rosatomflot, Federal State Unitary Enterprise ""Atomflot""; Federal State Unitary Enterprise of the Atomic Fleet ｜ Address(es): 183038, Murmansk Oblast, Murmansk, Territory of Murmansk-17, 1, Rus",Федеральное Государственное Унитарное Предприятие Атомного Флота (ФГУП «Атомфлот»),"FSUE Rosatomflot, Federal State Unitary Enterprise ""Atomflot""; Federal State Unitary Enterprise of the Atomic Fleet","183038, Murmansk Oblast, Murmansk, Territory of Murmansk-17, 1, Rus",,
A. Lyulki Experimental-Design Bureau,,A. Lyulki Experimental-Design Bureau,entity,出口管制·军工实体(Annex IV),Export control · military end-user (Annex IV),俄罗斯,Russia,2022-12-16,Local name: Опытно-конструкторское Бюро имени А. Люльки — Филиал ОДК-Уфимского Моторостроительного Производственного Объединения («ОКБ им. А. Люльки» – Филиал ПАО «ОДК-УМПО»)；A.k.a: A. Lyulki OKB; Lyulki Experimental-Design Bureau Branch of UEC UMPO; Experimental Design Bureau named after A. Lyulka ,Опытно-конструкторское Бюро имени А. Люльки — Филиал ОДК-Уфимского Моторостроительного Производственного Объединения («ОКБ им. А. Люльки» – Филиал ПАО «ОДК-УМПО»),A. Lyulki OKB; Lyulki Experimental-Design Bureau Branch of UEC UMPO; Experimental Design Bureau named after A. Lyulka,,,
A. Lyulki Science and Technology Center,,A. Lyulki Science and Technology Center,entity,出口管制·军工实体(Annex IV),Export control · military end-user (Annex IV),俄罗斯,Russia,2022-12-16,"Local name: «Научно-Технический Центр им. А. Люльки» – Филиал ПАО «ОДК-Сатурн» (НТЦ им. А. Люльки)；A.k.a: NTTs A. Lyulki; A. Lyulka Research and Engineering Centre – Branch of ODK-Saturn PJSC ｜ Address(es): 129301 Moscow, Kasatkina Str., 13, Russian Federation Telephone: + 7 (495) 286-28-52",«Научно-Технический Центр им. А. Люльки» – Филиал ПАО «ОДК-Сатурн» (НТЦ им. А. Люльки),NTTs A. Lyulki; A. Lyulka Research and Engineering Centre – Branch of ODK-Saturn PJSC,"129301 Moscow, Kasatkina Str., 13, Russian Federation",,
AO Aviaagregat,,AO Aviaagregat,entity,出口管制·军工实体(Annex IV),Export control · military end-user (Annex IV),俄罗斯,Russia,2022-12-16,"Local name: Акционерное Общество «Авиаагрегат» (АО «Авиаагрегат»)；A.k.a: Aviaagregat JSC ｜ Address(es): 443009, Samara Oblast, Samara, Zavodskoye Shosse, 55, Russian Federation Telephone: + 7 (846) 207-00-01 Website: http://aviaagregat.net/ Email: mail@aviaagregat.net Re",Акционерное Общество «Авиаагрегат» (АО «Авиаагрегат»),Aviaagregat JSC,"443009, Samara Oblast, Samara, Zavodskoye Shosse, 55, Russian Federation",,http://aviaagregat.net/
Closed Joint Stock Company Turborus (Turborus),Closed Joint Stock Company Turborus,Turborus,entity,出口管制·军工实体(Annex IV),Export control · military end-user (Annex IV),俄罗斯,Russia,2022-12-16,"Local name: Акционерное Общество «Турборус» (АО «Турборус»)；A.k.a: Turborus ZAO ｜ Address(es): 152907, Yaroslavl Oblast, Rybinsk District, Rybinsk, Lenina Prospekt, 179, Russian Federation Telephone: + 7(4855) 32 0040; + 7(4855) 296-416 Website: https://www.turb",Акционерное Общество «Турборус» (АО «Турборус»),Turborus ZAO,"152907, Yaroslavl Oblast, Rybinsk District, Rybinsk, Lenina Prospekt, 179, Russian Federation",,https://www.turb
Federal Autonomous Institution Central Institute of Engine-Building N.A.P.I. Baranov; Central Institute of Aviation Motors (CIAM),Federal Autonomous Institution Central Institute of Engine-Building N.A.P.I. Baranov; Central Institute of Aviation Motors,CIAM,entity,出口管制·军工实体(Annex IV),Export control · military end-user (Annex IV),俄罗斯,Russia,2022-12-16,"Local name: Государственный Научный Центр, Федеральное Автономное Учреждение «Центральный Институт Авиационного Моторостроения имени П.И. Баранова» (ФАУ «ЦИАМ им. П.И. Баранова»)；A.k.a: Central Institute of Aviation Motors; CIAM ｜ Address(es): 111116, Moscow, Aviamotornaya Str., 2, Russian Federatio","Государственный Научный Центр, Федеральное Автономное Учреждение «Центральный Институт Авиационного Моторостроения имени П.И. Баранова» (ФАУ «ЦИАМ им. П.И. Баранова»)",Central Institute of Aviation Motors; CIAM,"111116, Moscow, Aviamotornaya Str., 2, Russian Federatio",,
Federal State Budgetary Institution National Research Center Institute N.A.N.E. Zhukovsky (Zhukovsky National Research Institute),Federal State Budgetary Institution National Research Center Institute N.A.N.E. Zhukovsky,Zhukovsky National Research Institute,entity,出口管制·军工实体(Annex IV),Export control · military end-user (Annex IV),俄罗斯,Russia,2022-12-16,"Local name: Федеральное Государственное Бюджетное Учреждение «Национальный Исследовательский Центр «Институт имени Н.Е. Жуковского» (ФГБУ «НИЦ «Институт имени Н.Е. Жуковского»)；A.k.a: NRCZH ｜ Address(es): 140180, Moscow Oblast, Zhukovsky, Zhukovskogo Str., 1, Russian Federation; 125319, Moscow, Vikt",Федеральное Государственное Бюджетное Учреждение «Национальный Исследовательский Центр «Институт имени Н.Е. Жуковского» (ФГБУ «НИЦ «Институт имени Н.Е. Жуковского»),NRCZH,"140180, Moscow Oblast, Zhukovsky, Zhukovskogo Str., 1, Russian Federation; 125319, Moscow, Vikt",,
"Federal State Unitary Enterprise ""State Scientific-Research Institute for Aviation Systems"" (GosNIIAS)","Federal State Unitary Enterprise ""State Scientific-Research Institute for Aviation Systems""",GosNIIAS,entity,出口管制·军工实体(Annex IV),Export control · military end-user (Annex IV),俄罗斯,Russia,2022-12-16,"Local name: Федеральное Автономное Учреждение «Государственный Научно-Исследовательский Институт Авиационных Систем» (ФАУ «ГосНИИАС»)；A.k.a: FAA GosNIIAS; State Research Institute of Aviation Systems ｜ Address(es): 125319, Moscow, Viktorenko Str., 7, Building 2, Russian Federation Telephone: + 7 (49",Федеральное Автономное Учреждение «Государственный Научно-Исследовательский Институт Авиационных Систем» (ФАУ «ГосНИИАС»),FAA GosNIIAS; State Research Institute of Aviation Systems,"125319, Moscow, Viktorenko Str., 7, Building 2, Russian Federation",,
Joint Stock Company 123 Aviation Repair Plant (123 ARZ),,Joint Stock Company 123 Aviation Repair Plant (123 ARZ),entity,出口管制·军工实体(Annex IV),Export control · military end-user (Annex IV),俄罗斯,Russia,2022-12-16,"Local name: Акционерное Общество «123 Авиационный Ремонтный Завод» (АО «123 АРЗ»)；A.k.a: JSC ""123 Aircraft Repair Plant"" ｜ Address(es): 175201, Novgorod Oblast, Staraya Russa, Starorussky District, Gorodok Microdistrict, Russian Federation Telephone: + 7 (816 52) 368-00; + 7 (816 52) 368-51 Website:",Акционерное Общество «123 Авиационный Ремонтный Завод» (АО «123 АРЗ»),"JSC ""123 Aircraft Repair Plant""","175201, Novgorod Oblast, Staraya Russa, Starorussky District, Gorodok Microdistrict, Russian Federation",,
Joint Stock Company 218 Aviation Repair Plant (218 ARZ),,Joint Stock Company 218 Aviation Repair Plant (218 ARZ),entity,出口管制·军工实体(Annex IV),Export control · military end-user (Annex IV),俄罗斯,Russia,2022-12-16,"Local name: Акционерное Общество «218 Авиационный Ремонтный Завод» (АО «218 АРЗ»); Акционерное Общество «ОДК-Сервис» (АО «ОДК-Сервис»)；A.k.a: United Engine Corporation-Service; Joint Stock Company ""UEC-Service""; ODK-Service ｜ Address(es): 188307, Leningrad Oblast, Gatchina, Grigorina Str., 7A, Russi",Акционерное Общество «218 Авиационный Ремонтный Завод» (АО «218 АРЗ»); Акционерное Общество «ОДК-Сервис» (АО «ОДК-Сервис»),"United Engine Corporation-Service; Joint Stock Company ""UEC-Service""; ODK-Service","188307, Leningrad Oblast, Gatchina, Grigorina Str., 7A, Russi",,
Joint Stock Company 360 Aviation Repair Plant (360 ARZ),,Joint Stock Company 360 Aviation Repair Plant (360 ARZ),entity,出口管制·军工实体(Annex IV),Export control · military end-user (Annex IV),俄罗斯,Russia,2022-12-16,"Local name: Акционерное Общество «360 Авиационный Ремонтный Завод» (АО «360 АРЗ»)；A.k.a: JSC ""360 Aircraft Repair Plant"" ｜ Address(es): 390015, Ryazan Oblast, Ryazan, Zabaikalskaya Str., 13V, Russian Federation Telephone: + 7 (4912) 392-509; + 7 (4912) 392-529 Website: http://www.360arz.ru/ Email: c",Акционерное Общество «360 Авиационный Ремонтный Завод» (АО «360 АРЗ»),"JSC ""360 Aircraft Repair Plant""","390015, Ryazan Oblast, Ryazan, Zabaikalskaya Str., 13V, Russian Federation",,http://www.360arz.ru/
Joint Stock Company 514 Aviation Repair Plant (514 ARZ),,Joint Stock Company 514 Aviation Repair Plant (514 ARZ),entity,出口管制·军工实体(Annex IV),Export control · military end-user (Annex IV),俄罗斯,Russia,2022-12-16,"Local name: Акционерное Общество «514 Авиационный Ремонтный Завод» (АО «514 АРЗ»)；A.k.a: JSC ""514 Aircraft Repair Plant"" ｜ Address(es): 172383, Tver Oblast, Rzhev, Chelyuskintsev Str., 121, Russian Federation Telephone: + 7 (48232) 6-02-01 Website: http://arz514.ru/ Email: info@arz514.ru Registratio",Акционерное Общество «514 Авиационный Ремонтный Завод» (АО «514 АРЗ»),"JSC ""514 Aircraft Repair Plant""","172383, Tver Oblast, Rzhev, Chelyuskintsev Str., 121, Russian Federation",,http://arz514.ru/
Joint Stock Company 766 UPTK,,Joint Stock Company 766 UPTK,entity,出口管制·军工实体(Annex IV),Export control · military end-user (Annex IV),俄罗斯,Russia,2022-12-16,"Local name: Акционерное Общество «766 Управление Производственно-Технологической Комплектации» (АО «766 УПТК»); Акционерное Общество «Специальное Конструкторское Бюро МО РФ» (АО «СКБ МО РФ»)；A.k.a: JSC 766 UPTK; JSC ""766 Management of Production and Technological Equipment""; Special Design Bureau of",Акционерное Общество «766 Управление Производственно-Технологической Комплектации» (АО «766 УПТК»); Акционерное Общество «Специальное Конструкторское Бюро МО РФ» (АО «СКБ МО РФ»),"JSC 766 UPTK; JSC ""766 Management of Production and Technological Equipment""; Special Design Bureau of",,,
Joint Stock Company Aramil Aviation Repair Plant (AARZ),Joint Stock Company Aramil Aviation Repair Plant,AARZ,entity,出口管制·军工实体(Annex IV),Export control · military end-user (Annex IV),俄罗斯,Russia,2022-12-16,"Local name: Филиал АО «ОДК-Сервис» «Арамиль»；A.k.a: Aramil Branch of ODK-Service JSC ｜ Address(es): 624003, Sverdlovsk Oblast, Aramil, Garnizon Str., 11a, Building 1, Russian Federation Telephone: + 7 (343) 383-15-17 Website: http://www.aarz.ru/ Email: info@aarz.ru",Филиал АО «ОДК-Сервис» «Арамиль»,Aramil Branch of ODK-Service JSC,"624003, Sverdlovsk Oblast, Aramil, Garnizon Str., 11a, Building 1, Russian Federation",,http://www.aarz.ru/
Joint Stock Company Aviaremont (Aviaremont),Joint Stock Company Aviaremont,Aviaremont,entity,出口管制·军工实体(Annex IV),Export control · military end-user (Annex IV),俄罗斯,Russia,2022-12-16,"Local name: Акционерное Общество «Авиаремонт» (АО «Авиаремонт») ｜ Address(es): 119021, Moscow, Rossolimo Str. 17, Building 2, Floor 4, Section V, Rooms 11-28, Russian Federation Telephone: + 7 (495) 911-69-02 Website: http://aviaremont.ru/ Email:",Акционерное Общество «Авиаремонт» (АО «Авиаремонт»),,"119021, Moscow, Rossolimo Str. 17, Building 2, Floor 4, Section V, Rooms 11-28, Russian Federation",,http://aviaremont.ru/
Joint Stock Company Flight Research Institute N.A. M.M. Gromov (FRI Gromov),Joint Stock Company Flight Research Institute N.A. M.M. Gromov,FRI Gromov,entity,出口管制·军工实体(Annex IV),Export control · military end-user (Annex IV),俄罗斯,Russia,2022-12-16,"Local name: Акционерное Общество «Летно-Исследовательский Институт имени М.М.Громова» (АО «ЛИИ им.М.М.Громова»)；A.k.a: Aktsionernoe Obshchestvo Letno-Issledovatelski Institut Imeni M. M. Gromova; JSC LII named after M. M. Gromov ｜ Address(es): 140180, Moscow Oblast, Zhukovsky, Garnaeva Str., 2A, Rus",Акционерное Общество «Летно-Исследовательский Институт имени М.М.Громова» (АО «ЛИИ им.М.М.Громова»),Aktsionernoe Obshchestvo Letno-Issledovatelski Institut Imeni M. M. Gromova; JSC LII named after M. M. Gromov,"140180, Moscow Oblast, Zhukovsky, Garnaeva Str., 2A, Rus",,
Joint Stock Company Metallist Samara (Metallist Samara),Joint Stock Company Metallist Samara,Metallist Samara,entity,出口管制·军工实体(Annex IV),Export control · military end-user (Annex IV),俄罗斯,Russia,2022-12-16,"Local name: Акционерное Общество «Металлист-Самара» (АО «Металлист-Самара»)；A.k.a: Metalist ｜ Address(es): 443023, Samara Oblast, Samara, Promyshlennosti Str., 278, Russian Federation Telephone: + 7 (846) 246-91-57 Website: http://metallist-s.ru/ Email: metallist@metallist-",Акционерное Общество «Металлист-Самара» (АО «Металлист-Самара»),Metalist,"443023, Samara Oblast, Samara, Promyshlennosti Str., 278, Russian Federation",,http://metallist-s.ru/
Joint Stock Company Moscow Machine-Building Enterprise named after V. V. Chernyshev (MMP V.V. Chernyshev),Joint Stock Company Moscow Machine-Building Enterprise named after V. V. Chernyshev,MMP V.V. Chernyshev,entity,出口管制·军工实体(Annex IV),Export control · military end-user (Annex IV),俄罗斯,Russia,2022-12-16,"Local name: Акционерное Общество «Московское Машиностроительное Предприятие имени В.В. Чернышева» (АО «ММП имени В.В. Чернышева»)；A.k.a: Chernyshev UEC ｜ Address(es): 125362, Moscow, Vishnevaya Str., 7, Russian Federation Telephone: + 7 (495) 491-57-44 Website: http://avia500.ru; https://www.uecrus.",Акционерное Общество «Московское Машиностроительное Предприятие имени В.В. Чернышева» (АО «ММП имени В.В. Чернышева»),Chernyshev UEC,"125362, Moscow, Vishnevaya Str., 7, Russian Federation",,
JSC NII Steel,,JSC NII Steel,entity,出口管制·军工实体(Annex IV),Export control · military end-user (Annex IV),俄罗斯,Russia,2022-12-16,"Local name: Акционерное Общество «Научно-Исследовательский Институт Стали» (АО «НИИ Стали»)；A.k.a: Scientific Research Institute of Steel; Research Institute of Steel; AO NII Stali ｜ Address(es): 127411, Moscow, Dubninskaya Str., 81A, Russian Federation Telephone: + 7 (495) 484-63-61 Website: https:",Акционерное Общество «Научно-Исследовательский Институт Стали» (АО «НИИ Стали»),Scientific Research Institute of Steel; Research Institute of Steel; AO NII Stali,"127411, Moscow, Dubninskaya Str., 81A, Russian Federation",,
Joint Stock Company Remdizel,,Joint Stock Company Remdizel,entity,出口管制·军工实体(Annex IV),Export control · military end-user (Annex IV),俄罗斯,Russia,2022-12-16,"Local name: Акционерное Общество «Ремдизель» (АО «Ремдизель»)；A.k.a: Remdiesel JSC ｜ Address(es): 423800, Republic of Tatarstan, Naberezhnye Chelny, Menzelinsky Trakt, 40, Russian Federation Telephone: + 7 (8552) 30-80-00 Website: http://remdizel.com/ Email: info@r",Акционерное Общество «Ремдизель» (АО «Ремдизель»),Remdiesel JSC,"423800, Republic of Tatarstan, Naberezhnye Chelny, Menzelinsky Trakt, 40, Russian Federation",,http://remdizel.com/
Joint Stock Company Special Industrial and Technical Base Zvezdochka (SPTB Zvezdochka),Joint Stock Company Special Industrial and Technical Base Zvezdochka,SPTB Zvezdochka,entity,出口管制·军工实体(Annex IV),Export control · military end-user (Annex IV),俄罗斯,Russia,2022-12-16,"Local name: Акционерное Общество «Специальная Производственно-Техническая База Звездочка» (АО «СПТБ Звездочка»)；A.k.a: JSC ""Special Production and Technical Base Zvezdochka""; SPTB Zvezdochka ｜ Address(es): 184650, Murmansk Oblast, Polyarny, Komsomolskaya Str., 2/7, Russian Federation Telephone: + 8 ",Акционерное Общество «Специальная Производственно-Техническая База Звездочка» (АО «СПТБ Звездочка»),"JSC ""Special Production and Technical Base Zvezdochka""; SPTB Zvezdochka","184650, Murmansk Oblast, Polyarny, Komsomolskaya Str., 2/7, Russian Federation",,
Joint Stock Company STAR,,Joint Stock Company STAR,entity,出口管制·军工实体(Annex IV),Export control · military end-user (Annex IV),俄罗斯,Russia,2022-12-16,"Local name: Акционерное Общество «ОДК-Стар» (AO «ОДК-Стар»)；A.k.a: AO ODK-Star; JSC UEC-Star ｜ Address(es): 614990, Perm Oblast, Perm, Kuybyshev Str., 140A, Russian Federation; 615990, Perm Oblast, Perm, Komsomol Prospekt, 93, Russian Federation Telephone: + 7 (342) 249-18-1",Акционерное Общество «ОДК-Стар» (AO «ОДК-Стар»),AO ODK-Star; JSC UEC-Star,"614990, Perm Oblast, Perm, Kuybyshev Str., 140A, Russian Federation; 615990, Perm Oblast, Perm, Komsomol Prospekt, 93, Russian Federation",,
Joint Stock Company Votkinsk Machine Building Plant,,Joint Stock Company Votkinsk Machine Building Plant,entity,出口管制·军工实体(Annex IV),Export control · military end-user (Annex IV),俄罗斯,Russia,2022-12-16,"Local name: Акционерное Общество «Воткинский Завод» (АО «Воткинский Завод»)；A.k.a: JSC ""Votkinsk Plant""; AO Votkinsky Zavod ｜ Address(es): 427430, Udmurt Republic, Votkinsk, Kirov Str., 2, Russian Federation Telephone: + 7 (34145) 6-53-53 Website: https://vzavod.ru/ Email: zavod@vzavod.ru Registrati",Акционерное Общество «Воткинский Завод» (АО «Воткинский Завод»),"JSC ""Votkinsk Plant""; AO Votkinsky Zavod","427430, Udmurt Republic, Votkinsk, Kirov Str., 2, Russian Federation",,https://vzavod.ru/
Joint Stock Company Yaroslav Radio Factory,,Joint Stock Company Yaroslav Radio Factory,entity,出口管制·军工实体(Annex IV),Export control · military end-user (Annex IV),俄罗斯,Russia,2022-12-16,"Local name: Акционерное Общество «Ярославский Радиозавод» (АО «Ярославский Радиозавод»)；A.k.a: PJSC ""Yaroslavl Radiozavod""; Aktsionernoe Obschestvo Yaroslavskiy Radiozavod; JSC Yaroslavl Radio Plant; YRZ; YARZ ｜ Address(es): 150010, Yaroslavl Oblast, Yaroslavl, Margolina Str., 13, Russian Federation",Акционерное Общество «Ярославский Радиозавод» (АО «Ярославский Радиозавод»),"PJSC ""Yaroslavl Radiozavod""; Aktsionernoe Obschestvo Yaroslavskiy Radiozavod; JSC Yaroslavl Radio Plant; YRZ; YARZ","150010, Yaroslavl Oblast, Yaroslavl, Margolina Str., 13, Russian Federation",,
Joint Stock Company Zlatoustovsky Machine Building Plant (JSC Zlatmash),Joint Stock Company Zlatoustovsky Machine Building Plant,JSC Zlatmash,entity,出口管制·军工实体(Annex IV),Export control · military end-user (Annex IV),俄罗斯,Russia,2022-12-16,"Local name: Акционерное Общество «Златоустовский Машиностроительный Завод» (АО «Златмаш»)；A.k.a: JSC Zlatoust Machine-Building Plant ｜ Address(es): 456227, Chelyabinsk Oblast, Zlatoust, Parkovy Proezd, 1, Russian Federation Telephone: + 7 (3513) 67-11-11 Website: http://zlatmash.ru/ Email: info@zlat",Акционерное Общество «Златоустовский Машиностроительный Завод» (АО «Златмаш»),JSC Zlatoust Machine-Building Plant,"456227, Chelyabinsk Oblast, Zlatoust, Parkovy Proezd, 1, Russian Federation",,http://zlatmash.ru/
Limited Liability Company Center for Specialized Production OSK Propulsion (OSK Propulsion),Limited Liability Company Center for Specialized Production OSK Propulsion,OSK Propulsion,entity,出口管制·军工实体(Annex IV),Export control · military end-user (Annex IV),俄罗斯,Russia,2022-12-16,"Local name: Общество с Ограниченной Ответственностью «Центр Продуктовой Специализации «ОСК-Движение» (ООО «ЦПС «ОСК-Движение»)；A.k.a: OOO ""Center for Product Specialization ""USC-Movement"" ｜ Address(es): 199226, Saint Petersburg, Municipal District Gavan, Galerny Passage, 3, Letter A, Room 75, Russia",Общество с Ограниченной Ответственностью «Центр Продуктовой Специализации «ОСК-Движение» (ООО «ЦПС «ОСК-Движение»),"OOO ""Center for Product Specialization ""USC-Movement""","199226, Saint Petersburg, Municipal District Gavan, Galerny Passage, 3, Letter A, Room 75, Russia",,
Lytkarino Machine-Building Plant,,Lytkarino Machine-Building Plant,entity,出口管制·军工实体(Annex IV),Export control · military end-user (Annex IV),俄罗斯,Russia,2022-12-16,"Local name: Лыткаринский Машиностроительный Завод – Филиал ПАО «ОДК-УМПО»；A.k.a: Branch of UEC-UMPO Lytkarino Machine-Building Plant ｜ Address(es): 140080, Moscow Oblast, Lytkarino, Turayevskaya Str., 9, Russian Federation Telephone: + 7 495 552-43-94",Лыткаринский Машиностроительный Завод – Филиал ПАО «ОДК-УМПО»,Branch of UEC-UMPO Lytkarino Machine-Building Plant,"140080, Moscow Oblast, Lytkarino, Turayevskaya Str., 9, Russian Federation",,
Moscow Aviation Institute,,Moscow Aviation Institute,entity,出口管制·军工实体(Annex IV),Export control · military end-user (Annex IV),俄罗斯,Russia,2022-12-16,"Local name: Федеральное Государственное Бюджетное Образовательное Учреждение Высшего Образования «Московский Авиационный Институт (Национальный Исследовательский Университет)»；A.k.a: MAI; Federal State Budgetary Establishment of Higher Education ""Moscow Aviation Institute (National Research Universi",Федеральное Государственное Бюджетное Образовательное Учреждение Высшего Образования «Московский Авиационный Институт (Национальный Исследовательский Университет)»,"MAI; Federal State Budgetary Establishment of Higher Education ""Moscow Aviation Institute (National Research Universi",,,
Moscow Institute of Thermal Technology,,Moscow Institute of Thermal Technology,entity,出口管制·军工实体(Annex IV),Export control · military end-user (Annex IV),俄罗斯,Russia,2022-12-16,"Local name: Акционерное Общество «Корпорация «Московский Институт Теплотехники» (АО «Корпорация «МИТ»)；A.k.a: AO Koporatsiya Moskovskiy Institut Teplotekhniki, JSC Corporation MIHT, Moscow Institute of Thermal Technology ｜ Address(es): 127273, Moscow, Berezovaya Alleya, 10, Russian Federation Teleph",Акционерное Общество «Корпорация «Московский Институт Теплотехники» (АО «Корпорация «МИТ»),"AO Koporatsiya Moskovskiy Institut Teplotekhniki, JSC Corporation MIHT, Moscow Institute of Thermal Technology","127273, Moscow, Berezovaya Alleya, 10, Russian Federation Teleph",,
Omsk Motor-Manufacturing Design Bureau,,Omsk Motor-Manufacturing Design Bureau,entity,出口管制·军工实体(Annex IV),Export control · military end-user (Annex IV),俄罗斯,Russia,2022-12-16,"Local name: Филиал ПАО «ОДК-Сатурн» - Омское Моторостроительное Конструкторское Бюро (ОМКБ)；A.k.a: FL UEC-Saturn – OMKB; Omsk Engine Design Bureau; Branch of PAO UEC-Saturn Omsk Motor-Manufacturing Design Bureau ｜ Address(es): 644021, Omsk, Okruzhnaya Road Str., 3, Russian Federation Telephone: + 7 ",Филиал ПАО «ОДК-Сатурн» - Омское Моторостроительное Конструкторское Бюро (ОМКБ),FL UEC-Saturn – OMKB; Omsk Engine Design Bureau; Branch of PAO UEC-Saturn Omsk Motor-Manufacturing Design Bureau,"644021, Omsk, Okruzhnaya Road Str., 3, Russian Federation",,
Open Joint Stock Company 170 Flight Support Equipment Repair Plant (170 RZ SOP),,Open Joint Stock Company 170 Flight Support Equipment Repair Plant (170 RZ SOP),entity,出口管制·军工实体(Annex IV),Export control · military end-user (Annex IV),俄罗斯,Russia,2022-12-16,"Local name: Акционерное Общество «170 Ремонтный Завод Средств Обеспечения Полетов» (АО «170 РЗ СОП»)；A.k.a: JSC «170 Repair Plant of Flight Support», OJSC ""170 Maintenance Works of Flights Support"" ｜ Address(es): 603104, Nizhny Novgorod, Meditsinskaya Str., 2, Russian Federation Telephone: + 7 (495)",Акционерное Общество «170 Ремонтный Завод Средств Обеспечения Полетов» (АО «170 РЗ СОП»),"JSC «170 Repair Plant of Flight Support», OJSC ""170 Maintenance Works of Flights Support""","603104, Nizhny Novgorod, Meditsinskaya Str., 2, Russian Federation",,
Open Joint Stock Company 20 Aviation Repair Plant (20 ARZ),,Open Joint Stock Company 20 Aviation Repair Plant (20 ARZ),entity,出口管制·军工实体(Annex IV),Export control · military end-user (Annex IV),俄罗斯,Russia,2022-12-16,"Local name: Акционерное Общество «20 Авиационный Ремонтный Завод» (АО «20 АРЗ») ｜ Address(es): 196603, St. Petersburg, Pushkin, Gatchinskoe Shosse, 11, Russian Federation Telephone: + 7 (495) 911-69-42 Website: http://www.aviaremont.ru/company/plants/20arz/ Emai",Акционерное Общество «20 Авиационный Ремонтный Завод» (АО «20 АРЗ»),,"196603, St. Petersburg, Pushkin, Gatchinskoe Shosse, 11, Russian Federation",,http://www.aviaremont.ru/company/plants/20arz/ Emai
Open Joint Stock Company 275 Aviation Repair Plant (275 ARZ),,Open Joint Stock Company 275 Aviation Repair Plant (275 ARZ),entity,出口管制·军工实体(Annex IV),Export control · military end-user (Annex IV),俄罗斯,Russia,2022-12-16,"Local name: Акционерное Общество «275 Авиационный Ремонтный Завод» (АО «275 АРЗ»)；A.k.a: PJSC ""275 Aircraft Repair Plant"" ｜ Address(es): 350090, Krasnodar, Dzerzhinsky Str., 141, Russian Federation Telephone: + 7 (495) 911-69-42 Website: http://www.aviaremont.ru/company/plants/275arz/; http://275arz",Акционерное Общество «275 Авиационный Ремонтный Завод» (АО «275 АРЗ»),"PJSC ""275 Aircraft Repair Plant""","350090, Krasnodar, Dzerzhinsky Str., 141, Russian Federation",,http://www.aviaremont.ru/company/plants/275arz/; http://275arz
Open Joint Stock Company 308 Aviation Repair Plant (308 ARZ),,Open Joint Stock Company 308 Aviation Repair Plant (308 ARZ),entity,出口管制·军工实体(Annex IV),Export control · military end-user (Annex IV),俄罗斯,Russia,2022-12-16,"Local name: Акционерное Общество «308 Авиационный Ремонтный Завод» (АО «308 АРЗ»)；A.k.a: AO 308 ARZ ｜ Address(es): 153035, Ivanovo, Lezhnevskaya Str., 118-B, Russian Federation Telephone: + 7 (495) 911-69-42; + 7 (4932)23-40-26 Website: http://308arf.ru/ Email: arf308@yandex.ru Reg",Акционерное Общество «308 Авиационный Ремонтный Завод» (АО «308 АРЗ»),AO 308 ARZ,"153035, Ivanovo, Lezhnevskaya Str., 118-B, Russian Federation",,http://308arf.ru/
Open Joint Stock Company 32 Repair Plant of Flight Support Equipment (32 RZ SOP),,Open Joint Stock Company 32 Repair Plant of Flight Support Equipment (32 RZ SOP),entity,出口管制·军工实体(Annex IV),Export control · military end-user (Annex IV),俄罗斯,Russia,2022-12-16,"Local name: Акционерное Общество «32 Ремонтный Завод Средств Обеспечения Полетов» (АО «32 РЗ СОП»)；A.k.a: OJSC 32 Repair Plant of Flight Support Equipment; JSC ""32 Flight Support Equipment Repair Plant""; JSC ""32 RZ SOP"" ｜ Address(es): 692243, Primorsky Krai, Spassk-Dalny, Hospitalnaya Str., 10, Russ",Акционерное Общество «32 Ремонтный Завод Средств Обеспечения Полетов» (АО «32 РЗ СОП»),"OJSC 32 Repair Plant of Flight Support Equipment; JSC ""32 Flight Support Equipment Repair Plant""; JSC ""32 RZ SOP""","692243, Primorsky Krai, Spassk-Dalny, Hospitalnaya Str., 10, Russ",,
Open Joint Stock Company 322 Aviation Repair Plant (322 ARZ),,Open Joint Stock Company 322 Aviation Repair Plant (322 ARZ),entity,出口管制·军工实体(Annex IV),Export control · military end-user (Annex IV),俄罗斯,Russia,2022-12-16,"Local name: Акционерное Общество «322 Авиационный Ремонтный Завод» (АО «322 АРЗ»)；A.k.a: JSC ""322 Aircraft Repair Plant""; JSC ""322 ARP"" ｜ Address(es): 692557, Primorsky Krai, Ussuriysky District, Vozdvizhenka Village, Zhukovsky Str., 5, Russian Federation Telephone: + 7 (495) 911-69-42; (4234) 399-2",Акционерное Общество «322 Авиационный Ремонтный Завод» (АО «322 АРЗ»),"JSC ""322 Aircraft Repair Plant""; JSC ""322 ARP""","692557, Primorsky Krai, Ussuriysky District, Vozdvizhenka Village, Zhukovsky Str., 5, Russian Federation",,
Open Joint Stock Company 325 Aviation Repair Plant (325 ARZ),,Open Joint Stock Company 325 Aviation Repair Plant (325 ARZ),entity,出口管制·军工实体(Annex IV),Export control · military end-user (Annex IV),俄罗斯,Russia,2022-12-16,"Local name: Акционерное Общество «325 Авиационный Ремонтный Завод» (АО «325 АРЗ»)；A.k.a: JSC ""325 Aircraft Repair Plant""; JSC ""325 ARP"" ｜ Address(es): 347916, Rostov Oblast, Taganrog, Tsiolkovsky Str., 42, Russian Federation Telephone: + 7 (495) 911-69-42; (8634) 33-45-74 Website: www.325arz.ru Emai",Акционерное Общество «325 Авиационный Ремонтный Завод» (АО «325 АРЗ»),"JSC ""325 Aircraft Repair Plant""; JSC ""325 ARP""","347916, Rostov Oblast, Taganrog, Tsiolkovsky Str., 42, Russian Federation",,
Open Joint Stock Company 680 Aircraft Repair Plant (680 ARZ),,Open Joint Stock Company 680 Aircraft Repair Plant (680 ARZ),entity,出口管制·军工实体(Annex IV),Export control · military end-user (Annex IV),俄罗斯,Russia,2022-12-16,"Local name: Акционерное Общество «680 Авиационный Ремонтный Завод» (АО «680 АРЗ»)；A.k.a: JSC ""680 Aircraft Repair Plant""; JSC ""680 ARP"" ｜ Address(es): 676859, Amur Oblast, Belogorsk, Bazarnaya Str. 2a, Russian Federation Telephone: + 7 (495) 911-69-42 Website: http://aviaremont.ru/company/plants/680",Акционерное Общество «680 Авиационный Ремонтный Завод» (АО «680 АРЗ»),"JSC ""680 Aircraft Repair Plant""; JSC ""680 ARP""","676859, Amur Oblast, Belogorsk, Bazarnaya Str. 2a, Russian Federation",,http://aviaremont.ru/company/plants/680
Open Joint Stock Company 720 Special Flight Support Equipment Repair Plant (720 RZ SOP),,Open Joint Stock Company 720 Special Flight Support Equipment Repair Plant (720 RZ SOP),entity,出口管制·军工实体(Annex IV),Export control · military end-user (Annex IV),俄罗斯,Russia,2022-12-16,"Local name: Акционерное Общество «720 Ремонтный Завод Средств Обеспечения Полетов» (АО «720 РЗ СОП»)；A.k.a: JSC ""720 Repair Plant of Flight Support Facilities"" ｜ Address(es): 216507, Smolensk Oblast, Roslavl District, Krasnoarmeiskaya Str., 6, Russian Federation Telephone: + 7 (495) 911-69-42 Websit",Акционерное Общество «720 Ремонтный Завод Средств Обеспечения Полетов» (АО «720 РЗ СОП»),"JSC ""720 Repair Plant of Flight Support Facilities""","216507, Smolensk Oblast, Roslavl District, Krasnoarmeiskaya Str., 6, Russian Federation",,
Open Joint Stock Company Volgograd Radio-Technical Equipment Plant (VZ RTO),Open Joint Stock Company Volgograd Radio-Technical Equipment Plant,VZ RTO,entity,出口管制·军工实体(Annex IV),Export control · military end-user (Annex IV),俄罗斯,Russia,2022-12-16,"Local name: Акционерное Общество «Волгоградский Завод Радиотехнического Оборудования» (АО «ВЗРТО»)；A.k.a: JSC VZRTO ｜ Address(es): 400010, Volgograd Oblast, Volgograd, Novodvinskaya Str., 60, Russian Federation Telephone: + 7 (495) 911-69-42 Website: http://aviaremont.ru/company/plants/vzrto/ Emai",Акционерное Общество «Волгоградский Завод Радиотехнического Оборудования» (АО «ВЗРТО»),JSC VZRTO,"400010, Volgograd Oblast, Volgograd, Novodvinskaya Str., 60, Russian Federation",,http://aviaremont.ru/company/plants/vzrto/ Emai
Public Joint Stock Company Agregat (PJSC Agregat),Public Joint Stock Company Agregat,PJSC Agregat,entity,出口管制·军工实体(Annex IV),Export control · military end-user (Annex IV),俄罗斯,Russia,2022-12-16,"Local name: Публичное Акционерное Общество «Агрегат» (ПАО «Агрегат») ｜ Address(es): 456020, Chelyabinsk Oblast, Sim, Ashinsky District, Pushkin Str. 1, Russian Federation Telephone: + 7 (35159) 79-022 Website: https://www.agregat-avia.ru/ Email: info@",Публичное Акционерное Общество «Агрегат» (ПАО «Агрегат»),,"456020, Chelyabinsk Oblast, Sim, Ashinsky District, Pushkin Str. 1, Russian Federation",,https://www.agregat-avia.ru/
Salute Gas Turbine Research and Production Center,,Salute Gas Turbine Research and Production Center,entity,出口管制·军工实体(Annex IV),Export control · military end-user (Annex IV),俄罗斯,Russia,2022-12-16,"Local name: Производственный комплекс «Салют» АО «ОДК» (ПК «Салют» АО «ОДК»)；A.k.a: Salyut Production Complex of UEC JSC; Scientific Production Center for Gas Turbine Engineering ""Salyut"" JSC ｜ Address(es): 105118, Moscow, Budyonnogo Avenue 16, Building 2, Russian Federation Telephone: + 7 (499) 785",Производственный комплекс «Салют» АО «ОДК» (ПК «Салют» АО «ОДК»),"Salyut Production Complex of UEC JSC; Scientific Production Center for Gas Turbine Engineering ""Salyut"" JSC","105118, Moscow, Budyonnogo Avenue 16, Building 2, Russian Federation",,
Scientific-Production Association Vint of Zvezdochka Shipyard (SPU Vint),Scientific-Production Association Vint of Zvezdochka Shipyard,SPU Vint,entity,出口管制·军工实体(Annex IV),Export control · military end-user (Annex IV),俄罗斯,Russia,2022-12-16,"Local name: Головной филиал «Научно-Производственное Объединение «Винт» Акционерное Общество «Центр Судоремонта «Звездочка» (Головной филиал «НПО «Винт» АО «ЦС «Звездочка»)；A.k.a: NPO Vint; Head Branch ""Scientific and Production Association ""Vin"""" of Joint Stock Company ""Shiprepair Centre ""Zvezdochk",Головной филиал «Научно-Производственное Объединение «Винт» Акционерное Общество «Центр Судоремонта «Звездочка» (Головной филиал «НПО «Винт» АО «ЦС «Звездочка»),"NPO Vint; Head Branch ""Scientific and Production Association ""Vin"""" of Joint Stock Company ""Shiprepair Centre ""Zvezdochk",,,
Scientific Research Institute of Applied Acoustics (NIIPA),Scientific Research Institute of Applied Acoustics,NIIPA,entity,出口管制·军工实体(Annex IV),Export control · military end-user (Annex IV),俄罗斯,Russia,2022-12-16,"Local name: Федеральное Государственное Унитарное Предприятие «Научно-Исследовательский Институт Прикладной Акустики» (ФГУП «НИИПА»)；A.k.a: FSUE ""Research Institute of Applied Acoustics""; FGUP NIIPA ｜ Address(es): 141980, Moscow, Dubna, 9 May Str., 7A, Russian Federation Telephone: + 7 (49621) 276-3",Федеральное Государственное Унитарное Предприятие «Научно-Исследовательский Институт Прикладной Акустики» (ФГУП «НИИПА»),"FSUE ""Research Institute of Applied Acoustics""; FGUP NIIPA","141980, Moscow, Dubna, 9 May Str., 7A, Russian Federation",,
Siberian Scientific-Research Institute of Aviation N.A. S.A. Chaplygin (SibNIA),Siberian Scientific-Research Institute of Aviation N.A. S.A. Chaplygin,SibNIA,entity,出口管制·军工实体(Annex IV),Export control · military end-user (Annex IV),俄罗斯,Russia,2022-12-16,"Local name: Федеральное Автономное Учреждение «Сибирский Научно-Исследовательский Институт Авиации им. С.А. Чаплыгина» (ФАУ «СибНИА им. С.А. Чаплыгина»)；A.k.a: S.A. Chaplygin Siberian Research Institute of Aviation; Federal Autonomous Institution ""Siberian Research Institute of Aviation named after ",Федеральное Автономное Учреждение «Сибирский Научно-Исследовательский Институт Авиации им. С.А. Чаплыгина» (ФАУ «СибНИА им. С.А. Чаплыгина»),"S.A. Chaplygin Siberian Research Institute of Aviation; Federal Autonomous Institution ""Siberian Research Institute of Aviation named after",,,
Software Research Institute,,Software Research Institute,entity,出口管制·军工实体(Annex IV),Export control · military end-user (Annex IV),俄罗斯,Russia,2022-12-16,"Local name: Акционерное Общество «Научно-Исследовательский Институт Программных Средств» (АО «НИИ ПС»)；A.k.a: JSC Research Institute of Software Tools; JSC NII PS ｜ Address(es): 194021, St. Petersburg, Politekhnicheskaya Str., 22, Letter H, Russian Federation Telephone: + 7 (812) 313-78-00 Website: ",Акционерное Общество «Научно-Исследовательский Институт Программных Средств» (АО «НИИ ПС»),JSC Research Institute of Software Tools; JSC NII PS,"194021, St. Petersburg, Politekhnicheskaya Str., 22, Letter H, Russian Federation",,
Subsidiary Sevastopol Naval Plant of Zvezdochka Shipyard (Sevastopol Naval Plant),Subsidiary Sevastopol Naval Plant of Zvezdochka Shipyard,Sevastopol Naval Plant,entity,出口管制·军工实体(Annex IV),Export control · military end-user (Annex IV),,,2022-12-16,"Local name: Акционерное Общество «Севастопольский Морской Завод имени Серго Орджоникидзе» (АО «СМЗ»); Филиал «Севастопольский морской завод» АО «Центр Судоремонта «Звездочка»；A.k.a: Sevastopol Naval Plant N.A. Sergo Ordzhonikidze; Sevastopol Marine Plant Branch of JSC ""Ship Repair Center ""Zvezdochka",Акционерное Общество «Севастопольский Морской Завод имени Серго Орджоникидзе» (АО «СМЗ»); Филиал «Севастопольский морской завод» АО «Центр Судоремонта «Звездочка»,"Sevastopol Naval Plant N.A. Sergo Ordzhonikidze; Sevastopol Marine Plant Branch of JSC ""Ship Repair Center ""Zvezdochka",,,
Russian Institute of Radio Navigation and Time,,Russian Institute of Radio Navigation and Time,entity,出口管制·军工实体(Annex IV),Export control · military end-user (Annex IV),俄罗斯,Russia,2022-12-16,"Local name: Акционерное Общество «Российский Институт Радионавигации и Времени» (АО «РИРВ»)；A.k.a: RIRT; AO RIRV ｜ Address(es): 192012, St. Petersburg, Obukhovskaya Oborona Prospekt, 120, Letter ETs, Russian Federation; 105066, Moscow, Staraya Basmannaya Str., 19, Building 12, Russian Federatio",Акционерное Общество «Российский Институт Радионавигации и Времени» (АО «РИРВ»),RIRT; AO RIRV,"192012, St. Petersburg, Obukhovskaya Oborona Prospekt, 120, Letter ETs, Russian Federation; 105066, Moscow, Staraya Basmannaya Str., 19, Building 12, Russian Federatio",,
Federal Technical Regulation and Metrology Agency (Rosstandart),Federal Technical Regulation and Metrology Agency,Rosstandart,entity,出口管制·军工实体(Annex IV),Export control · military end-user (Annex IV),俄罗斯,Russia,2022-12-16,"Local name: Федеральное Агентство по Техническому Регулированию и Метрологии (Росстандарт)；A.k.a: Federal Agency for Technical Regulation and Metrology ｜ Address(es): 123112, Moscow, Presnenskaya Naberezhnaya, 10, Building 2, Floors 7, 29, 39, Russian Federation; 123112, Moscow, Presnenskaya Naberez",Федеральное Агентство по Техническому Регулированию и Метрологии (Росстандарт),Federal Agency for Technical Regulation and Metrology,"123112, Moscow, Presnenskaya Naberezhnaya, 10, Building 2, Floors 7, 29, 39, Russian Federation; 123112, Moscow, Presnenskaya Naberez",,
Federal State Budgetary Institution of Science P.I. K.A. Valiev RAS of the Ministry of Science and Higher Education of Russia (FTIAN),Federal State Budgetary Institution of Science P.I. K.A. Valiev RAS of the Ministry of Science and Higher Education of Russia,FTIAN,entity,出口管制·军工实体(Annex IV),Export control · military end-user (Annex IV),俄罗斯,Russia,2022-12-16,"Local name: Федеральное Государственное Бюджетное Учреждение Науки Физико-Технологический Институт имени К.А. Валиева Российской Академии Наук (ФТИАН им. К.А.Валиева РАН)；A.k.a: FTIAN im. K.A. Valiev RAS; FRI RAS ｜ Address(es): 117218, Moscow, Nakhimovsky Prospekt, 34, Russian Federation; 117218, Mo",Федеральное Государственное Бюджетное Учреждение Науки Физико-Технологический Институт имени К.А. Валиева Российской Академии Наук (ФТИАН им. К.А.Валиева РАН),FTIAN im. K.A. Valiev RAS; FRI RAS,"117218, Moscow, Nakhimovsky Prospekt, 34, Russian Federation; 117218, Mo",,
"Federal State Unitary Enterprise All-Russian Research Institute of Physical, Technical and Radio Engineering Measurements (VNIIFTRI)","Federal State Unitary Enterprise All-Russian Research Institute of Physical, Technical and Radio Engineering Measurements",VNIIFTRI,entity,出口管制·军工实体(Annex IV),Export control · military end-user (Annex IV),俄罗斯,Russia,2022-12-16,"Local name: Федеральное Государственное Унитарное Предприятие «Всероссийский Научно-Исследовательский Институт Физико-Технических и Радиотехнических Измерений» (ФГУП «ВНИИФТРИ»)；A.k.a: FGUP VNIIFTRI; VNIIFTRI - State Scientific Center of the Russian Federation ｜ Address(es): 141570, Moscow Oblast, S",Федеральное Государственное Унитарное Предприятие «Всероссийский Научно-Исследовательский Институт Физико-Технических и Радиотехнических Измерений» (ФГУП «ВНИИФТРИ»),FGUP VNIIFTRI; VNIIFTRI - State Scientific Center of the Russian Federation,"141570, Moscow Oblast, S",,
Institute of Physics Named After P.N. Lebedev of the Russian Academy of Sciences (LPI),Institute of Physics Named After P.N. Lebedev of the Russian Academy of Sciences,LPI,entity,出口管制·军工实体(Annex IV),Export control · military end-user (Annex IV),俄罗斯,Russia,2022-12-16,"Local name: Федеральное Государственное Бюджетное Учреждение Науки Физический Институт им. П.Н. Лебедева Российской Академии Наук (ФИАН)；A.k.a: Lebedev Physical Institute; LPI RAS; FIAN; R.N. Lebedev Physical Institute of the Russian Academy of Sciences ｜ Address(es): 119991, Moscow, Leninsky Prospe",Федеральное Государственное Бюджетное Учреждение Науки Физический Институт им. П.Н. Лебедева Российской Академии Наук (ФИАН),Lebedev Physical Institute; LPI RAS; FIAN; R.N. Lebedev Physical Institute of the Russian Academy of Sciences,"119991, Moscow, Leninsky Prospe",,
The Institute of Solid-State Physics of the Russian Academy of Sciences (ISSP),The Institute of Solid-State Physics of the Russian Academy of Sciences,ISSP,entity,出口管制·军工实体(Annex IV),Export control · military end-user (Annex IV),俄罗斯,Russia,2022-12-16,Local name: Федеральное Государственное Бюджетное Учреждение Науки Институт Физики Твердого Тела имени Ю.А. Осипьяна Российской Академии Наук (ИФТТ РАН)；A.k.a: IFTT RAS; Federal State Budgetary Institution of Science Institute of Solid-State Physics N.A. Yu. A. Osipyan of the Russian Academy of Scie,Федеральное Государственное Бюджетное Учреждение Науки Институт Физики Твердого Тела имени Ю.А. Осипьяна Российской Академии Наук (ИФТТ РАН),IFTT RAS; Federal State Budgetary Institution of Science Institute of Solid-State Physics N.A. Yu. A. Osipyan of the Russian Academy of Scie,,,
"Rzhanov Institute of Semiconductor Physics, Siberian Branch of Russian Academy of Sciences (IPP SB RAS)","Rzhanov Institute of Semiconductor Physics, Siberian Branch of Russian Academy of Sciences",IPP SB RAS,entity,出口管制·军工实体(Annex IV),Export control · military end-user (Annex IV),俄罗斯,Russia,2022-12-16,"Local name: Федеральное Государственное Бюджетное Учреждение Науки Институт Физики Полупроводников им. А.В. Ржанова Сибирского Отделения Российской Академии Наук (ИФП СО РАН)；A.k.a: IPP SB RAS; Institute of Semiconductor Physics NA A.V. Rzhanov; IFP SO RAN ｜ Address(es): 630090, Novosibirsk Oblast, ",Федеральное Государственное Бюджетное Учреждение Науки Институт Физики Полупроводников им. А.В. Ржанова Сибирского Отделения Российской Академии Наук (ИФП СО РАН),IPP SB RAS; Institute of Semiconductor Physics NA A.V. Rzhanov; IFP SO RAN,"630090, Novosibirsk Oblast",,
"UEC-Perm Engines, JSC",,"UEC-Perm Engines, JSC",entity,出口管制·军工实体(Annex IV),Export control · military end-user (Annex IV),俄罗斯,Russia,2022-12-16,"Local name: Акционерное Общество «ОДК-Пермские Моторы» (АО «ОДК-ПМ»)；A.k.a: Permsky Motorny Zavod; AO ODK-PM; Perm Motors; Perm Engine Plant ｜ Address(es): 614010, Perm Krai, Perm, Komsomolsky Prospekt, 93, Building 61, Russian Federation Telephone: + 7 (342) 211-39-39 Website: http://pmz.ru/; https",Акционерное Общество «ОДК-Пермские Моторы» (АО «ОДК-ПМ»),Permsky Motorny Zavod; AO ODK-PM; Perm Motors; Perm Engine Plant,"614010, Perm Krai, Perm, Komsomolsky Prospekt, 93, Building 61, Russian Federation",,http://pmz.ru/; https
"Ural Works of Civil Aviation, JSC",,"Ural Works of Civil Aviation, JSC",entity,出口管制·军工实体(Annex IV),Export control · military end-user (Annex IV),俄罗斯,Russia,2022-12-16,"Local name: Акционерное Общество «Уральский Завод Гражданской Авиации» (АО «УЗГА»)；A.k.a: UZGA; Ural Civil Aviation Factory ｜ Address(es): 620025, Sverdlovsk Oblast, Ekaterinburg, Bakhchivandzhi Str., 2G, Russian Federation; 123308, Moscow, Marshala Zhukova Prospekt, 1, Building 1, Russian Federatio",Акционерное Общество «Уральский Завод Гражданской Авиации» (АО «УЗГА»),UZGA; Ural Civil Aviation Factory,"620025, Sverdlovsk Oblast, Ekaterinburg, Bakhchivandzhi Str., 2G, Russian Federation; 123308, Moscow, Marshala Zhukova Prospekt, 1, Building 1, Russian Federatio",,
"Central Design Bureau for Marine Engineering ""Rubin"", JSC",,"Central Design Bureau for Marine Engineering ""Rubin"", JSC",entity,出口管制·军工实体(Annex IV),Export control · military end-user (Annex IV),俄罗斯,Russia,2022-12-16,"Local name: Акционерное Общество «Центральное Конструкторское Бюро Морской Техники «Рубин» (АО «ЦКБ МТ «Рубин»)；A.k.a: ""Rubin"" Design Bureau; JSC Tsentralnoye Konstruktorskoye Byuro Morskoy Tekhniki Rubin; JSC TsKB MT Rubin; CDB ME ""Rubin"" ｜ Address(es): 191119, St. Petersburg, Marata Str., 90, Russ",Акционерное Общество «Центральное Конструкторское Бюро Морской Техники «Рубин» (АО «ЦКБ МТ «Рубин»),"""Rubin"" Design Bureau; JSC Tsentralnoye Konstruktorskoye Byuro Morskoy Tekhniki Rubin; JSC TsKB MT Rubin; CDB ME ""Rubin""","191119, St. Petersburg, Marata Str., 90, Russ",,
"""Aeropribor-Voskhod"", JSC",,"""Aeropribor-Voskhod"", JSC",entity,出口管制·军工实体(Annex IV),Export control · military end-user (Annex IV),俄罗斯,Russia,2022-12-16,"Local name: Акционерное Общество «Аэроприбор-Восход» (АО «АП Восход»)；A.k.a: AO AP-Voskhod ｜ Address(es): 105318, Moscow, Tkatskaya Str. 19, Floor 4, Room 400, Russian Federation Telephone: + 7 495 363-23-01 Website: http://aeropribor.ru/ Email: ext@aeropribor.ru Registrat",Акционерное Общество «Аэроприбор-Восход» (АО «АП Восход»),AO AP-Voskhod,"105318, Moscow, Tkatskaya Str. 19, Floor 4, Room 400, Russian Federation",,http://aeropribor.ru/
"Aerospace Equipment Corporation, JSC",,"Aerospace Equipment Corporation, JSC",entity,出口管制·军工实体(Annex IV),Export control · military end-user (Annex IV),俄罗斯,Russia,2022-12-16,"Local name: Акционерное Общество «Корпорация «Аэрокосмическое Оборудование» (АО «КАО»)；A.k.a: Aerospace Equipment JSC; KAO JSC ｜ Address(es): 198095, St. Petersburg, Marshala Govorova Str., 40, Building 11, Office 407., Russian Federation; 197101, St. Petersburg, Kropotkina Str., 1, Russian Federati",Акционерное Общество «Корпорация «Аэрокосмическое Оборудование» (АО «КАО»),Aerospace Equipment JSC; KAO JSC,"198095, St. Petersburg, Marshala Govorova Str., 40, Building 11, Office 407., Russian Federation; 197101, St. Petersburg, Kropotkina Str., 1, Russian Federati",,
"Central Research Institute of Automation and Hydraulics (CNIIAG), JSC",Central Research Institute of Automation and Hydraulics,", JSC",entity,出口管制·军工实体(Annex IV),Export control · military end-user (Annex IV),俄罗斯,Russia,2022-12-16,"Local name: Акционерное Общество «Центральный Научно-Исследовательский Институт Автоматики И Гидравлики» (АО «ЦНИИАГ»)；A.k.a: TsNIIAG ｜ Address(es): 127018, Moscow, Sovetskaya Armiya Str., 5, Russian Federation Telephone: + 7 (495) 631-29-44 Website: http://cniiag.ru/ Email: cniiag@cniiag.ru Registr",Акционерное Общество «Центральный Научно-Исследовательский Институт Автоматики И Гидравлики» (АО «ЦНИИАГ»),TsNIIAG,"127018, Moscow, Sovetskaya Armiya Str., 5, Russian Federation",,http://cniiag.ru/
"Aerospace Systems Design Bureau, JSC",,"Aerospace Systems Design Bureau, JSC",entity,出口管制·军工实体(Annex IV),Export control · military end-user (Annex IV),俄罗斯,Russia,2022-12-16,"Local name: Акционерное Общество «Опытно-Конструкторское Бюро «Аэрокосмические Системы» (АО «ОКБ «Аэрокосмические Системы»)；A.k.a: JSC ""OKB ""Aerospace Systems"" ｜ Address(es): 141983, Moscow Oblast, Dubna, Programistov Str., 4, Russian Federation Telephone: + 7 (495) 526-69-77 Website: https://aerosp",Акционерное Общество «Опытно-Конструкторское Бюро «Аэрокосмические Системы» (АО «ОКБ «Аэрокосмические Системы»),"JSC ""OKB ""Aerospace Systems""","141983, Moscow Oblast, Dubna, Programistov Str., 4, Russian Federation",,
"Afanasyev Technomac, JSC",,"Afanasyev Technomac, JSC",entity,出口管制·军工实体(Annex IV),Export control · military end-user (Annex IV),俄罗斯,Russia,2022-12-16,"Local name: Акционерное Общество «Научно-Производственное Объединение «Техномаш» имени С.А. Афанасьева» (АО «НПО «Техномаш» им. С.А. Афанасьева»)；A.k.a: JSC Scientific and Production Association ""Tekhnomash"" named after S.A. Afanasiev; Afanasyev Research and Production Enterprise Technomac, JSC; AO ",Акционерное Общество «Научно-Производственное Объединение «Техномаш» имени С.А. Афанасьева» (АО «НПО «Техномаш» им. С.А. Афанасьева»),"JSC Scientific and Production Association ""Tekhnomash"" named after S.A. Afanasiev; Afanasyev Research and Production Enterprise Technomac, JSC; AO",,,
"Ak Bars Shipbuilding Corporation, CJSC",,"Ak Bars Shipbuilding Corporation, CJSC",entity,出口管制·军工实体(Annex IV),Export control · military end-user (Annex IV),俄罗斯,Russia,2022-12-16,"Local name: Акционерное Общество «Судостроительная Корпорация «Ак Барс» (АО «СК «Ак Барс»)；A.k.a: Shipbuilding Corporation ""Ak Bars"" ｜ Address(es): 422546, Republic of Tatarstan, Zelenodolsk District, Zelenodolsk, Zavodskaya Str., 5, Russian Federation; 422546, Republic of Tatarstan, Zelenodolsk Dis",Акционерное Общество «Судостроительная Корпорация «Ак Барс» (АО «СК «Ак Барс»),"Shipbuilding Corporation ""Ak Bars""","422546, Republic of Tatarstan, Zelenodolsk District, Zelenodolsk, Zavodskaya Str., 5, Russian Federation; 422546, Republic of Tatarstan, Zelenodolsk Dis",,
"AGAT, Gavrilov-Yaminskiy Machine-Building Plant, JSC",,"AGAT, Gavrilov-Yaminskiy Machine-Building Plant, JSC",entity,出口管制·军工实体(Annex IV),Export control · military end-user (Annex IV),俄罗斯,Russia,2022-12-16,"Local name: Акционерное Общество Гаврилов-Ямский Машиностроительный Завод «АГАТ» (АО ГМЗ «АГАТ»)；A.k.a: AO GMZ AGAT ｜ Address(es): 152240, Yaroslavl Oblast, Gavrilov-Yamsky District, Gavrilov-Yam, Mashinostroiteley Proezd, 1, Russian Federation Telephone: + 7(48534)2-54-34 Website: http://gmzagat.",Акционерное Общество Гаврилов-Ямский Машиностроительный Завод «АГАТ» (АО ГМЗ «АГАТ»),AO GMZ AGAT,"152240, Yaroslavl Oblast, Gavrilov-Yamsky District, Gavrilov-Yam, Mashinostroiteley Proezd, 1, Russian Federation",,
"Almaz Central Marine Design Bureau, JSC",,"Almaz Central Marine Design Bureau, JSC",entity,出口管制·军工实体(Annex IV),Export control · military end-user (Annex IV),俄罗斯,Russia,2022-12-16,"Local name: Акционерное Общество «Центральное Морское Конструкторское Бюро «Алмаз» (АО «ЦМКБ «Алмаз»)；A.k.a: JSC TsMKB Almaz; St. Petersburg Naval Design Bureau Almaz ｜ Address(es): 196128, St. Petersburg, Varshavskaya Str. 50, Russian Federation Telephone: + 7 812 373 70 53; + 7 812 373 28 00 Websi",Акционерное Общество «Центральное Морское Конструкторское Бюро «Алмаз» (АО «ЦМКБ «Алмаз»),JSC TsMKB Almaz; St. Petersburg Naval Design Bureau Almaz,"196128, St. Petersburg, Varshavskaya Str. 50, Russian Federation",,
Joint Stock Company Eleron,,Joint Stock Company Eleron,entity,出口管制·军工实体(Annex IV),Export control · military end-user (Annex IV),俄罗斯,Russia,2022-12-16,"Local name: Акционерное Общество «Федеральный центр науки и высоких технологий «Специальное научно-производственное объединение «Элерон» (АО «ФЦНИВТ «СНПО «Элерон»)；A.k.a: JSC ""Federal Center for Science and High Technologies ""Special Research and Production Association ""Aileron""; AO FZNIVT SNPO Ele",Акционерное Общество «Федеральный центр науки и высоких технологий «Специальное научно-производственное объединение «Элерон» (АО «ФЦНИВТ «СНПО «Элерон»),"JSC ""Federal Center for Science and High Technologies ""Special Research and Production Association ""Aileron""; AO FZNIVT SNPO Ele",,,
AO Rubin,,AO Rubin,entity,出口管制·军工实体(Annex IV),Export control · military end-user (Annex IV),俄罗斯,Russia,2022-12-16,"Local name: Акционерное Общество «Рубин» (АО «Рубин»)；A.k.a: Joint Stock Company Rubin ｜ Address(es): 191119, St. Petersburg, Marata Str., 86, Letter A, Russian Federation Telephone: + 7 (812) 320 26 40 Website: https://rubingroup.ru/ Email: rubin@rubingroup.ru Registr",Акционерное Общество «Рубин» (АО «Рубин»),Joint Stock Company Rubin,"191119, St. Petersburg, Marata Str., 86, Letter A, Russian Federation",,https://rubingroup.ru/
Branch of PAO II – Aviastar,,Branch of PAO II – Aviastar,entity,出口管制·军工实体(Annex IV),Export control · military end-user (Annex IV),俄罗斯,Russia,2022-12-16,"Local name: Филиал Публичного Акционерного Общества «Авиационный Комплекс Им. С.В. Ильюшина» - Авиастар (Филиал ПАО «Ил» - Авиастар)；A.k.a: Aviastar-SP; Branch of the Public Joint Stock Company ""S.V. Ilyushin Aviation Complex"" – Aviastar; Branch of PJSC ""IL"" – Aviastar ｜ Address(es): 432072, Ulyanov",Филиал Публичного Акционерного Общества «Авиационный Комплекс Им. С.В. Ильюшина» - Авиастар (Филиал ПАО «Ил» - Авиастар),"Aviastar-SP; Branch of the Public Joint Stock Company ""S.V. Ilyushin Aviation Complex"" – Aviastar; Branch of PJSC ""IL"" – Aviastar","432072, Ulyanov",,
Branch of RSK MiG Nizhny Novgorod Aircraft-Construction Plant Sokol,,Branch of RSK MiG Nizhny Novgorod Aircraft-Construction Plant Sokol,entity,出口管制·军工实体(Annex IV),Export control · military end-user (Annex IV),俄罗斯,Russia,2022-12-16,Local name: Нижегородский Авиастроительный Завод «Сокол» – Филиал АО «Российская Самолетостроительная Корпорация «МиГ» (РСК «МиГ»); Филиал ПАО «Объединенная Авиастроительная Корпорация» – Нижегородский Авиастроительный завод «Сокол»；A.k.a: SOKOL NAZ; Nizhny Novgorod Aviation Plant Sokol; Sokol Aircr,Нижегородский Авиастроительный Завод «Сокол» – Филиал АО «Российская Самолетостроительная Корпорация «МиГ» (РСК «МиГ»); Филиал ПАО «Объединенная Авиастроительная Корпорация» – Нижегородский Авиастроительный завод «Сокол»,SOKOL NAZ; Nizhny Novgorod Aviation Plant Sokol; Sokol Aircr,,,
Chkalov Novosibirsk Aviation Plant,,Chkalov Novosibirsk Aviation Plant,entity,出口管制·军工实体(Annex IV),Export control · military end-user (Annex IV),俄罗斯,Russia,2022-12-16,Local name: Открытое Акционерное Общество «Новосибирское Авиационное Производственное Объединение им. В.П. Чкалова» (ОАО «НАПО им. В.П. Чкалова»); Новосибирский Авиационный Завод имени В.П. Чкалова - Филиал ПАО «Компания «Сухой»；A.k.a: Novosibirsk Aircraft Production Association Plant; OAO NAPO im. ,Открытое Акционерное Общество «Новосибирское Авиационное Производственное Объединение им. В.П. Чкалова» (ОАО «НАПО им. В.П. Чкалова»); Новосибирский Авиационный Завод имени В.П. Чкалова - Филиал ПАО «Компания «Сухой»,Novosibirsk Aircraft Production Association Plant; OAO NAPO im,,,
Joint Stock Company All-Russian Scientific-Research Institute Gradient,,Joint Stock Company All-Russian Scientific-Research Institute Gradient,entity,出口管制·军工实体(Annex IV),Export control · military end-user (Annex IV),俄罗斯,Russia,2022-12-16,"Local name: Акционерное Общество «Всероссийский Научно-Исследовательский Институт «Градиент» (АО «ВНИИ «Градиент»)；A.k.a: AO VNII Gradient ｜ Address(es): 344000, Rostov Oblast, Rostov-on-Don, Sokolov Avenue, 96, Russian Federation Telephone: 8 (863) 232-47-70; + 7 (863) 204-20-31 Website: http://gra",Акционерное Общество «Всероссийский Научно-Исследовательский Институт «Градиент» (АО «ВНИИ «Градиент»),AO VNII Gradient,"344000, Rostov Oblast, Rostov-on-Don, Sokolov Avenue, 96, Russian Federation",,
Joint Stock Company Almatyevsk Radiopribor Plant (JSC AZRP),Joint Stock Company Almatyevsk Radiopribor Plant,JSC AZRP,entity,出口管制·军工实体(Annex IV),Export control · military end-user (Annex IV),俄罗斯,Russia,2022-12-16,"Local name: Акционерное Общество «Альметьевский Завод «Радиоприбор» (АО «Альметьевский Завод «Радиоприбор»)；A.k.a: JSC ""Alymetyevsk Plant ""Radiopribor"" ｜ Address(es): 423457, Republic of Tatarstan, Almetyevsk District, Almetyevsk, 2, Stroiteley Prospekt, 2, Russian Federation Telephone: + 7 (8553) 2",Акционерное Общество «Альметьевский Завод «Радиоприбор» (АО «Альметьевский Завод «Радиоприбор»),"JSC ""Alymetyevsk Plant ""Radiopribor""","423457, Republic of Tatarstan, Almetyevsk District, Almetyevsk, 2, Stroiteley Prospekt, 2, Russian Federation",,
Joint Stock Company Experimental-Design Bureau Elektroavtomatika named after P.A. Efimov,,Joint Stock Company Experimental-Design Bureau Elektroavtomatika named after P.A. Efimov,entity,出口管制·军工实体(Annex IV),Export control · military end-user (Annex IV),俄罗斯,Russia,2022-12-16,"Local name: Акционерное Общество «Опытно-Конструкторское Бюро «Электроавтоматика» Имени П.А.Ефимова» (АО «ОКБ «Электроавтоматика»)；A.k.a: JSC ""Development аnd Design Bureau ""Elektroavtomatika"" named after P. A. Efimov""; AO OKB Elektroavtomatika ｜ Address(es): 198095, St. Petersburg, Marshala Govorov",Акционерное Общество «Опытно-Конструкторское Бюро «Электроавтоматика» Имени П.А.Ефимова» (АО «ОКБ «Электроавтоматика»),"JSC ""Development аnd Design Bureau ""Elektroavtomatika"" named after P. A. Efimov""; AO OKB Elektroavtomatika","198095, St. Petersburg, Marshala Govorov",,
Joint Stock Company Industrial Controls Design Bureau,,Joint Stock Company Industrial Controls Design Bureau,entity,出口管制·军工实体(Annex IV),Export control · military end-user (Annex IV),俄罗斯,Russia,2022-12-16,"Local name: Акционерное Общество «Конструкторское Бюро Промышленной Автоматики» (АО «КБПА»)；A.k.a: Joint Stock Company ""Design Bureau of Industrial Automatics""; AO KBPA; Design Bureau for Industrial Automatics ｜ Address(es): 410005, Saratov Oblast, Saratov, Bolshaya Sadovaya Str., 239, Russian Feder",Акционерное Общество «Конструкторское Бюро Промышленной Автоматики» (АО «КБПА»),"Joint Stock Company ""Design Bureau of Industrial Automatics""; AO KBPA; Design Bureau for Industrial Automatics","410005, Saratov Oblast, Saratov, Bolshaya Sadovaya Str., 239, Russian Feder",,
Joint Stock Company Kazan Instrument-Engineering and Design Bureau,,Joint Stock Company Kazan Instrument-Engineering and Design Bureau,entity,出口管制·军工实体(Annex IV),Export control · military end-user (Annex IV),俄罗斯,Russia,2022-12-16,"Local name: Акционерное Общество «Казанское Приборостроительное Конструкторское Бюро» (АО «КПКБ»)；A.k.a: JSC ""Kazan Instrument Design Bureau""; AO KPKB ｜ Address(es): 420061, Republic of Tatarstan, Kazan, Sibirskiy Trakt Str., 1, Russian Federation Telephone: + 7 (843) 202-0502 (112) Website: https:/",Акционерное Общество «Казанское Приборостроительное Конструкторское Бюро» (АО «КПКБ»),"JSC ""Kazan Instrument Design Bureau""; AO KPKB","420061, Republic of Tatarstan, Kazan, Sibirskiy Trakt Str., 1, Russian Federation",,
Joint Stock Company Microtechnology,,Joint Stock Company Microtechnology,entity,出口管制·军工实体(Annex IV),Export control · military end-user (Annex IV),俄罗斯,Russia,2022-12-16,"Local name: Акционерное Общество «Микротехника» (АО «Микротехника»)；A.k.a: JSC Microtechnology; AO Mikrotechnica ｜ Address(es): 197110, St. Petersburg, Pionerskaya Str., 44, Letter R, Russian Federation Telephone: + 7 (812) 230-45-33 Website: http://microt.ru Email: info@microt.ru Registration ",Акционерное Общество «Микротехника» (АО «Микротехника»),JSC Microtechnology; AO Mikrotechnica,"197110, St. Petersburg, Pionerskaya Str., 44, Letter R, Russian Federation",,http://microt.ru
Phasotron Scientific-Research Institute of Radio-Engineering,,Phasotron Scientific-Research Institute of Radio-Engineering,entity,出口管制·军工实体(Annex IV),Export control · military end-user (Annex IV),俄罗斯,Russia,2022-12-16,"Local name: Акционерное Общество «Корпорация «Фазотрон - Научно-Исследовательский Институт Радиостроения» (АО «Корпорация «Фазотрон-НИИР»)；A.k.a: Phasotron NIIR; Corporation ""Fazotron – Research Institute of Radio Engineering"" JSC ｜ Address(es): 115516, Moscow, Kavkazsky Boulevard, 59, Floor 3, Spac",Акционерное Общество «Корпорация «Фазотрон - Научно-Исследовательский Институт Радиостроения» (АО «Корпорация «Фазотрон-НИИР»),"Phasotron NIIR; Corporation ""Fazotron – Research Institute of Radio Engineering"" JSC","115516, Moscow, Kavkazsky Boulevard, 59, Floor 3, Spac",,
Joint Stock Company Radiopribor,,Joint Stock Company Radiopribor,entity,出口管制·军工实体(Annex IV),Export control · military end-user (Annex IV),俄罗斯,Russia,2022-12-16,"Local name: Акционерное Общество «Радиоприбор» (АО «Радиоприбор»)；A.k.a: AO Radiopribor ｜ Address(es): 420021, Republic of Tatarstan, Kazan, Fatkullina Str., 2, Russian Federation Telephone: + 7 843 293-38-00 Website: https://radiopribor.kret.com/ Email: rp@mi.ru Regist",Акционерное Общество «Радиоприбор» (АО «Радиоприбор»),AO Radiopribor,"420021, Republic of Tatarstan, Kazan, Fatkullina Str., 2, Russian Federation",,https://radiopribor.kret.com/
Joint Stock Company Ramensk Instrument-Engineering Bureau,,Joint Stock Company Ramensk Instrument-Engineering Bureau,entity,出口管制·军工实体(Annex IV),Export control · military end-user (Annex IV),俄罗斯,Russia,2022-12-16,"Local name: Акционерное Общество «Раменское Приборостроительное Конструкторское Бюро» (АО «РПКБ»)；A.k.a: Joint-Stock Company Ramenskoye Instrument-Making Design Bureau; Ramenskoye Engineering Design Office, JSC; Ramenskoye Instrument-Making Design Bureau, JSC; RPKB ｜ Address(es): 140103, Moscow Obla",Акционерное Общество «Раменское Приборостроительное Конструкторское Бюро» (АО «РПКБ»),"Joint-Stock Company Ramenskoye Instrument-Making Design Bureau; Ramenskoye Engineering Design Office, JSC; Ramenskoye Instrument-Making Design Bureau, JSC; RPKB","140103, Moscow Obla",,
Joint Stock Company Research and Production Center SAPSAN,,Joint Stock Company Research and Production Center SAPSAN,entity,出口管制·军工实体(Annex IV),Export control · military end-user (Annex IV),俄罗斯,Russia,2022-12-16,"Local name: Акционерное Общество «Научно-Производственный Центр «САПСАН» (АО НПЦ «САПСАН»)；A.k.a: AO NPTs SAPSAN; NPC SAPSAN ｜ Address(es): 115280, Moscow, Avtozavodskaya Str., 25, Building 2, Russian Federation; 115280, Moscow, Avtozavodskaya Str., 23, Building 15, Russian Federation Telephone: + 7",Акционерное Общество «Научно-Производственный Центр «САПСАН» (АО НПЦ «САПСАН»),AO NPTs SAPSAN; NPC SAPSAN,"115280, Moscow, Avtozavodskaya Str., 25, Building 2, Russian Federation; 115280, Moscow, Avtozavodskaya Str., 23, Building 15, Russian Federation",,
Joint Stock Company Rychag,,Joint Stock Company Rychag,entity,出口管制·军工实体(Annex IV),Export control · military end-user (Annex IV),俄罗斯,Russia,2022-12-16,"Local name: Акционерное Общество «Рычаг» (АО «Рычаг») ｜ Address(es): 420075, Republic of Tatarstan, Kazan, Lipatova Str., 37, Russian Federation Telephone: + 7 843 235-80-70; + 7 917 273-79-40 Website: http://oaorychag.narod2.ru/ Email:",Акционерное Общество «Рычаг» (АО «Рычаг»),,"420075, Republic of Tatarstan, Kazan, Lipatova Str., 37, Russian Federation",,http://oaorychag.narod2.ru/
Joint Stock Company Scientific Production Enterprise Izmeritel,,Joint Stock Company Scientific Production Enterprise Izmeritel,entity,出口管制·军工实体(Annex IV),Export control · military end-user (Annex IV),俄罗斯,Russia,2022-12-16,"Local name: Акционерное Общество «Научно-Производственное Предприятие «Измеритель» (АО «НПП «Измеритель»)；A.k.a: NPP Izmeritel.; NPP Meter; Joint Stock Company ""Research and Production Enterprise ""Izmeritel"" ｜ Address(es): 214031, Smolensk Oblast, Smolensk, Babushkina Str., 5, Russian Federation Tel",Акционерное Общество «Научно-Производственное Предприятие «Измеритель» (АО «НПП «Измеритель»),"NPP Izmeritel.; NPP Meter; Joint Stock Company ""Research and Production Enterprise ""Izmeritel""","214031, Smolensk Oblast, Smolensk, Babushkina Str., 5, Russian Federation Tel",,
Joint Stock Company Scientific-Production Union for Radioelectronics named after V.I. Shimko,,Joint Stock Company Scientific-Production Union for Radioelectronics named after V.I. Shimko,entity,出口管制·军工实体(Annex IV),Export control · military end-user (Annex IV),俄罗斯,Russia,2022-12-16,"Local name: Акционерное Общество «Научно-Производственное Объединение «Радиоэлектроника» имени В.И. Шимко» (АО «НПО «Радиоэлектроника» им. В.И. Шимко»)；A.k.a: NPO Radioelectronics N.A. V.I. Shimko ｜ Address(es): 420029, Republic of Tatarstan, Kazan, Zhurnalistov Str., 50, Russian Federation Telephon",Акционерное Общество «Научно-Производственное Объединение «Радиоэлектроника» имени В.И. Шимко» (АО «НПО «Радиоэлектроника» им. В.И. Шимко»),NPO Radioelectronics N.A. V.I. Shimko,"420029, Republic of Tatarstan, Kazan, Zhurnalistov Str., 50, Russian Federation Telephon",,
Joint Stock Company Taganrog Communications Scientific-Research Institute,,Joint Stock Company Taganrog Communications Scientific-Research Institute,entity,出口管制·军工实体(Annex IV),Export control · military end-user (Annex IV),俄罗斯,Russia,2022-12-16,"Local name: Акционерное Общество «Таганрогский Научно-Исследовательский Институт Связи» (АО «ТНИИС»)；A.k.a: AO TNIIS; JSC ""Taganrog Scientific-Research Institute of Communication"" ｜ Address(es): 347900, Rostov Oblast, Taganrog, Sedova Str., 3, Russian Federation Telephone: + 8 (8634) 65-71-61 Websit",Акционерное Общество «Таганрогский Научно-Исследовательский Институт Связи» (АО «ТНИИС»),"AO TNIIS; JSC ""Taganrog Scientific-Research Institute of Communication""","347900, Rostov Oblast, Taganrog, Sedova Str., 3, Russian Federation",,
Joint Stock Company Urals Instrument-Engineering Plant,,Joint Stock Company Urals Instrument-Engineering Plant,entity,出口管制·军工实体(Annex IV),Export control · military end-user (Annex IV),俄罗斯,Russia,2022-12-16,"Local name: Акционерное Общество «Уральский Приборостроительный Завод» (АО «УПЗ»)；A.k.a: AO UPZ; JSC ""Ural Instrument-Making Plant"" ｜ Address(es): 624000, Sverdlovsk Oblast, Sysertsky District, 25 Km Chelyabinskiy Trakt, Russian Federation Telephone: + 7 (343) 359-93-76; + 8 (800) 222-58-40 Website:",Акционерное Общество «Уральский Приборостроительный Завод» (АО «УПЗ»),"AO UPZ; JSC ""Ural Instrument-Making Plant""","624000, Sverdlovsk Oblast, Sysertsky District, 25 Km Chelyabinskiy Trakt, Russian Federation",,
Joint Stock Company Vzlet Engineering Testing Support,,Joint Stock Company Vzlet Engineering Testing Support,entity,出口管制·军工实体(Annex IV),Export control · military end-user (Annex IV),俄罗斯,Russia,2022-12-16,"Local name: Акционерное Общество ""Инженерное Сопровождение Испытаний ‘Взлет'"" (АО ""ИСИ ‘Взлет'"")；A.k.a: AO ISI Vzlet ｜ Address(es): 416511, Astrakhan Oblast, Aktyubinsk District, Territory № 1, Building 5, Russian Federation; 476507, Astrakhan Oblast, Aktyubinsk District, Aktyubinsk-7, ISI Vzlet Ro","Акционерное Общество ""Инженерное Сопровождение Испытаний ‘Взлет'"" (АО ""ИСИ ‘Взлет'"")",AO ISI Vzlet,"416511, Astrakhan Oblast, Aktyubinsk District, Territory № 1, Building 5, Russian Federation; 476507, Astrakhan Oblast, Aktyubinsk District, Aktyubinsk-7, ISI Vzlet Ro",,
Joint Stock Company Zhiguli Radio Plant,,Joint Stock Company Zhiguli Radio Plant,entity,出口管制·军工实体(Annex IV),Export control · military end-user (Annex IV),俄罗斯,Russia,2022-12-16,"Local name: Акционерное Общество «Жигулевский Радиозавод» (АО «ЖРЗ»)；A.k.a: AO ZhRZ ｜ Address(es): 445359, Samara Oblast, Zhigulevsk, Radiozavodskaya Str., 1, Russian Federation Telephone: + 7 (84862) 2-17-24 Website: https://zhigulevskiyradiozavod.kret.com/ Email: ",Акционерное Общество «Жигулевский Радиозавод» (АО «ЖРЗ»),AO ZhRZ,"445359, Samara Oblast, Zhigulevsk, Radiozavodskaya Str., 1, Russian Federation",,https://zhigulevskiyradiozavod.kret.com/
Joint Stock Company Bryansk Electromechanical Plant,,Joint Stock Company Bryansk Electromechanical Plant,entity,出口管制·军工实体(Annex IV),Export control · military end-user (Annex IV),俄罗斯,Russia,2022-12-16,"Local name: Акционерное Общество «Брянский Электромеханический Завод» (АО «БЭМЗ»)；A.k.a: AO BEMZ ｜ Address(es): 241017, Bryansk Oblast, Bryansk, Vokzalnaya Str., 136, Russian Federation Telephone: + 7 (4832)53-01-01 Website: http://aobemz.ru/ Email: mail@aobemz.ru Registration n",Акционерное Общество «Брянский Электромеханический Завод» (АО «БЭМЗ»),AO BEMZ,"241017, Bryansk Oblast, Bryansk, Vokzalnaya Str., 136, Russian Federation",,http://aobemz.ru/
Public Joint Stock Company Moscow Institute of Electro-Mechanics and Automation,,Public Joint Stock Company Moscow Institute of Electro-Mechanics and Automation,entity,出口管制·军工实体(Annex IV),Export control · military end-user (Annex IV),俄罗斯,Russia,2022-12-16,"Local name: Публичное Акционерное Общество «Московский Институт Электромеханики и Автоматики» (ПАО «МИЭА»)；A.k.a: PAO MIEA, Moscow Institute of Electromechanics and Automatics PJSC, Moskovskiy Institut Elektromekhaniki i Avtomatiki ｜ Address(es): 125167, Moscow, Aviatsionny Pereulok, 5, Russian Fede",Публичное Акционерное Общество «Московский Институт Электромеханики и Автоматики» (ПАО «МИЭА»),"PAO MIEA, Moscow Institute of Electromechanics and Automatics PJSC, Moskovskiy Institut Elektromekhaniki i Avtomatiki","125167, Moscow, Aviatsionny Pereulok, 5, Russian Fede",,
Public Joint Stock Company Stavropol Radio Plant Signal,,Public Joint Stock Company Stavropol Radio Plant Signal,entity,出口管制·军工实体(Annex IV),Export control · military end-user (Annex IV),俄罗斯,Russia,2022-12-16,"Local name: Публичное Акционерное Общество Ставропольский Радиозавод «Сигнал» (ПАО «Сигнал»)；A.k.a: Signal Radio Plant; PJSC Signal; Public Joint Stock Company Stavropol Radioplant ""Signal"" ｜ Address(es): 355014, Stavropol Krai, Stavropol, 2nd Yugo-Zapadny Proezd, 9A, Russian Federation Telephone: +",Публичное Акционерное Общество Ставропольский Радиозавод «Сигнал» (ПАО «Сигнал»),"Signal Radio Plant; PJSC Signal; Public Joint Stock Company Stavropol Radioplant ""Signal""","355014, Stavropol Krai, Stavropol, 2nd Yugo-Zapadny Proezd, 9A, Russian Federation",,
Public Joint Stock Company Techpribor,,Public Joint Stock Company Techpribor,entity,出口管制·军工实体(Annex IV),Export control · military end-user (Annex IV),俄罗斯,Russia,2022-12-16,"Local name: Публичное Акционерное Общество «Техприбор» (ПАО «Техприбор»)；A.k.a: PAO Techpribor ｜ Address(es): 196128, St. Petersburg, Varshavskaya Str., 5A, Russian Federation Telephone: (812) 648-85-82; + 7 812 648-84-76 Website: http://techpribor.ru/ Email: info@techpribor.r",Публичное Акционерное Общество «Техприбор» (ПАО «Техприбор»),PAO Techpribor,"196128, St. Petersburg, Varshavskaya Str., 5A, Russian Federation",,http://techpribor.ru/
Joint Stock Company Ramensky Instrument-Engineering Plant,,Joint Stock Company Ramensky Instrument-Engineering Plant,entity,出口管制·军工实体(Annex IV),Export control · military end-user (Annex IV),俄罗斯,Russia,2022-12-16,"Local name: Акционерное Общество «Раменский Приборостроительный Завод» (АО «РПЗ»)；A.k.a: AO RPZ ｜ Address(es): 140100, Moscow Oblast, Ramenskoye, Mikhalevicha Str., 39, Building 20, Floor 2, Room 124, Russian Federation Telephone: + 7 (495)995-94-03 Website: https://rpz.kret.co",Акционерное Общество «Раменский Приборостроительный Завод» (АО «РПЗ»),AO RPZ,"140100, Moscow Oblast, Ramenskoye, Mikhalevicha Str., 39, Building 20, Floor 2, Room 124, Russian Federation",,https://rpz.kret.co
V.V. Tarasov Avia Avtomatika,,V.V. Tarasov Avia Avtomatika,entity,出口管制·军工实体(Annex IV),Export control · military end-user (Annex IV),俄罗斯,Russia,2022-12-16,"Local name: Акционерное Общество «Авиаавтоматика» имени В.В. Тарасова» (АО «Авиаавтоматика» им. В.В. Тарасова»)；A.k.a: Kursk Pribor; Joint Stock Company Aviaavtomatika named after V.V. Tarasov ｜ Address(es): 305040, Kursk Oblast, Kursk, Zapolnaya Str., 47, Russian Federation Telephone: + 7 (4712) 72",Акционерное Общество «Авиаавтоматика» имени В.В. Тарасова» (АО «Авиаавтоматика» им. В.В. Тарасова»),Kursk Pribor; Joint Stock Company Aviaavtomatika named after V.V. Tarasov,"305040, Kursk Oblast, Kursk, Zapolnaya Str., 47, Russian Federation",,
Design Bureau of Chemical Machine Building KBKhM,,Design Bureau of Chemical Machine Building KBKhM,entity,出口管制·军工实体(Annex IV),Export control · military end-user (Annex IV),俄罗斯,Russia,2022-12-16,"Local name: Акционерное Общество «Конструкторское Бюро Химического Машиностроения имени А.М. Исаева» (АО «КБхиммаш им. А.М. Исаева»)；A.k.a: A.M. Isayev Chemical Engineering Design Bureau; KB KhimMash; Joint Stock Company ""Chemical Machine Building Design Bureau named after A.M. Isaev"" ｜ Address(es):",Акционерное Общество «Конструкторское Бюро Химического Машиностроения имени А.М. Исаева» (АО «КБхиммаш им. А.М. Исаева»),"A.M. Isayev Chemical Engineering Design Bureau; KB KhimMash; Joint Stock Company ""Chemical Machine Building Design Bureau named after A.M. Isaev""",,,
Far Eastern Shipbuilding and Ship Repair Center,,Far Eastern Shipbuilding and Ship Repair Center,entity,出口管制·军工实体(Annex IV),Export control · military end-user (Annex IV),俄罗斯,Russia,2022-12-16,"Local name: Акционерное Общество «Дальневосточный Центр Судостроения и Судоремонта» (АО «ДЦСС»)；A.k.a: AO DTSSS ｜ Address(es): 690001, Primorsky Krai, Vladivostok, Svetlanskaya Str., 72, Russian Federation Telephone: + 8 (423) 2651736 Website https://dcss.ru/ Email: dcss@dcss.ru Registration n",Акционерное Общество «Дальневосточный Центр Судостроения и Судоремонта» (АО «ДЦСС»),AO DTSSS,"690001, Primorsky Krai, Vladivostok, Svetlanskaya Str., 72, Russian Federation",,
Ilyushin Aviation Complex Branch: Myasishcheva Experimental Mechanical Engineering Plant,,Ilyushin Aviation Complex Branch: Myasishcheva Experimental Mechanical Engineering Plant,entity,出口管制·军工实体(Annex IV),Export control · military end-user (Annex IV),俄罗斯,Russia,2022-12-16,Local name: Филиал ПАО «Авиационный Комплекс им С.В. Ильюшина» – «Экспериментальный Машиностроительный Завод им. В.М. Мясищева»；A.k.a: Myasishcheva EMZ; V.M. Мyasishchev Experimental Mechanical Engineering Plant PJSC; Branch of S.V. Ilyushin Aviation Complex PJSC – lV.M. Myasishchev Experimental Mac,Филиал ПАО «Авиационный Комплекс им С.В. Ильюшина» – «Экспериментальный Машиностроительный Завод им. В.М. Мясищева»,Myasishcheva EMZ; V.M. Мyasishchev Experimental Mechanical Engineering Plant PJSC; Branch of S.V. Ilyushin Aviation Complex PJSC – lV.M. Myasishchev Experimental Mac,,,
Institute of Marine Technology Problems Far East Branch Russian Academy of Sciences,,Institute of Marine Technology Problems Far East Branch Russian Academy of Sciences,entity,出口管制·军工实体(Annex IV),Export control · military end-user (Annex IV),俄罗斯,Russia,2022-12-16,Local name: Федеральное Государственное Бюджетное Учреждение Науки Институт Проблем Морских Технологий им. Академика М.Д. Агеева Дальневосточного Отделения Российской Академии Наук (ИПМТ ДВО РАН)；A.k.a: Federal State Budgetary Institution of Science M.D. Ageev Institute of Marine Technology Problems,Федеральное Государственное Бюджетное Учреждение Науки Институт Проблем Морских Технологий им. Академика М.Д. Агеева Дальневосточного Отделения Российской Академии Наук (ИПМТ ДВО РАН),Federal State Budgetary Institution of Science M.D. Ageev Institute of Marine Technology Problems,,,
Irkutsk Aviation Plant,,Irkutsk Aviation Plant,entity,出口管制·军工实体(Annex IV),Export control · military end-user (Annex IV),俄罗斯,Russia,2022-12-16,"Local name: Филиал ПАО «Яковлев» — Иркутский Авиационный Завод；A.k.a: Branch of PJSC Yakovlev – Irkutsk Aviation Plant; Irkutsk Aircraft Factory ｜ Address(es): 664020, Irkutsk Oblast, Irkutsk, Novatorov Str., 3, Russian Federation Telephone: + 7 (3952) 21-16-75 Website: https://www.yakovlev.ru/struc",Филиал ПАО «Яковлев» — Иркутский Авиационный Завод,Branch of PJSC Yakovlev – Irkutsk Aviation Plant; Irkutsk Aircraft Factory,"664020, Irkutsk Oblast, Irkutsk, Novatorov Str., 3, Russian Federation",,https://www.yakovlev.ru/struc
Joint Stock Company Aerocomposit Ulyanovsk Plant,,Joint Stock Company Aerocomposit Ulyanovsk Plant,entity,出口管制·军工实体(Annex IV),Export control · military end-user (Annex IV),俄罗斯,Russia,2022-12-16,"Local name: Акционерное Общество «АэроКомпозит» — Ульяновский Завод; Филиал АО «АэроКомпозит» в городе Ульяновск；A.k.a: Branch of AeroKomposit JSC in the city of Ulyanovsk ｜ Address(es): 432072, Ulyanovsk Oblast, Ulyanovsk, Antonov Prospekt, 1, Russian Federation Telephone: + 7 (8422) 59-06-00 Websi",Акционерное Общество «АэроКомпозит» — Ульяновский Завод; Филиал АО «АэроКомпозит» в городе Ульяновск,Branch of AeroKomposit JSC in the city of Ulyanovsk,"432072, Ulyanovsk Oblast, Ulyanovsk, Antonov Prospekt, 1, Russian Federation",,
Joint Stock Company Experimental Design Bureau named after A.S. Yakovlev,,Joint Stock Company Experimental Design Bureau named after A.S. Yakovlev,entity,出口管制·军工实体(Annex IV),Export control · military end-user (Annex IV),俄罗斯,Russia,2022-12-16,"Local name: Акционерное Общество «Опытно-Конструкторское Бюро им. А.С. Яковлева» (АО «ОКБ ИМ. А.С. Яковлева»)；A.k.a: Joint-Stock Company ""A. S. Yakovlev Design Bureau""; A.S Yakovlev EDB ｜ Address(es): 125315, Moscow, Leningradsky Prospekt, 68, Russian Federation Telephone: + 7 (495) 787-28-77 Websit",Акционерное Общество «Опытно-Конструкторское Бюро им. А.С. Яковлева» (АО «ОКБ ИМ. А.С. Яковлева»),"Joint-Stock Company ""A. S. Yakovlev Design Bureau""; A.S Yakovlev EDB","125315, Moscow, Leningradsky Prospekt, 68, Russian Federation",,
Joint Stock Company Federal Research and Production Center Altai,,Joint Stock Company Federal Research and Production Center Altai,entity,出口管制·军工实体(Annex IV),Export control · military end-user (Annex IV),俄罗斯,Russia,2022-12-16,"Local name: Акционерное Общество «Федеральный Научно-Производственный Центр «Алтай» (АО «ФНПЦ «Алтай»)；A.k.a: AO FNPZ Altai ｜ Address(es): 659322, Altai Krai, Biysk, Socialisticheskaya Str., 1, Russian Federation Telephone: 8-800-300-8379 Website: http://frpc.secna.ru/ Email: post@frpc-altay.ru Regi",Акционерное Общество «Федеральный Научно-Производственный Центр «Алтай» (АО «ФНПЦ «Алтай»),AO FNPZ Altai,"659322, Altai Krai, Biysk, Socialisticheskaya Str., 1, Russian Federation",,http://frpc.secna.ru/
"Joint Stock Company ""Head Special Design Bureau Prozhektor""",,"Joint Stock Company ""Head Special Design Bureau Prozhektor""",entity,出口管制·军工实体(Annex IV),Export control · military end-user (Annex IV),俄罗斯,Russia,2022-12-16,"Local name: Акционерное Общество «Головное Особое Конструкторское Бюро «Прожектор» (АО «ГОКБ «Прожектор»)；A.k.a: AO GOKB Prozhektor ｜ Address(es): 111123, Moscow, Enthusiastov Highway, 56, Russian Federation Telephone: + 7 (495) 305-59-25 Website: https://projektor.su/ Email: info@projektor.su Regis",Акционерное Общество «Головное Особое Конструкторское Бюро «Прожектор» (АО «ГОКБ «Прожектор»),AO GOKB Prozhektor,"111123, Moscow, Enthusiastov Highway, 56, Russian Federation",,https://projektor.su/
Joint Stock Company Ilyushin Aviation Complex,,Joint Stock Company Ilyushin Aviation Complex,entity,出口管制·军工实体(Annex IV),Export control · military end-user (Annex IV),俄罗斯,Russia,2022-12-16,"Local name: Публичное Акционерное Общество «Авиационный Комплекс им. С.В. Ильюшина» (ПАО «Ил»)；A.k.a: Ilyushin; Ilyushin Design Bureau; PJSC Aviation Complex named after S. V. Ilyushin; PAO ""Il"" ｜ Address(es): 125190, Moscow, Leningradsky Prospekt, 45G, Russian Federation Telephone: + 7 (499) 943-81",Публичное Акционерное Общество «Авиационный Комплекс им. С.В. Ильюшина» (ПАО «Ил»),"Ilyushin; Ilyushin Design Bureau; PJSC Aviation Complex named after S. V. Ilyushin; PAO ""Il""","125190, Moscow, Leningradsky Prospekt, 45G, Russian Federation",,
Joint Stock Company Lazurit Central Design Bureau,,Joint Stock Company Lazurit Central Design Bureau,entity,出口管制·军工实体(Annex IV),Export control · military end-user (Annex IV),俄罗斯,Russia,2022-12-16,"Local name: Акционерное Общество «Центральное Конструкторское Бюро «Лазурит» (АО «ЦКБ «Лазурит»)；A.k.a: AO TsKB Lazurit ｜ Address(es): 603003, Nizhny Novgorod Oblast, Nizhny Novgorod, Svobody Str., 57, Russian Federation Telephone: + 7 (831) 273-84-00; + 7 (831) 273-00-69 Website: https://cdb-lazuri",Акционерное Общество «Центральное Конструкторское Бюро «Лазурит» (АО «ЦКБ «Лазурит»),AO TsKB Lazurit,"603003, Nizhny Novgorod Oblast, Nizhny Novgorod, Svobody Str., 57, Russian Federation",,
Joint Stock Company Research and Development Enterprise Protek,,Joint Stock Company Research and Development Enterprise Protek,entity,出口管制·军工实体(Annex IV),Export control · military end-user (Annex IV),俄罗斯,Russia,2022-12-16,"Local name: Акционерное Общество Научно-Внедренческое Предприятие «Протек» (АО НВП «Протек»)；A.k.a: AO NVP Protek ｜ Address(es): 394028, Voronezh Oblast, Voronezh, Basovaya Str., 6, Russian Federation Telephone: + 7 (473) 220-47-22; + 7 (473) 220-47-23 Website: http://www.protek-vrn.ru/ Email: p",Акционерное Общество Научно-Внедренческое Предприятие «Протек» (АО НВП «Протек»),AO NVP Protek,"394028, Voronezh Oblast, Voronezh, Basovaya Str., 6, Russian Federation",,http://www.protek-vrn.ru/
Joint Stock Company SPMDB Malachite,,Joint Stock Company SPMDB Malachite,entity,出口管制·军工实体(Annex IV),Export control · military end-user (Annex IV),俄罗斯,Russia,2022-12-16,"Local name: Акционерное Общество «Санкт-Петербургское Морское Бюро Машиностроения «Малахит» (АО «СПМБМ «Малахит»)；A.k.a: Joint Stock Company ""St. Petersburg Marine Bureau of Machine Building ""Malakhit""; Malakhit Marine Engineering Bureau; St. Petersburg Marine Bureau of Machine Building Malakhit; AO",Акционерное Общество «Санкт-Петербургское Морское Бюро Машиностроения «Малахит» (АО «СПМБМ «Малахит»),"Joint Stock Company ""St. Petersburg Marine Bureau of Machine Building ""Malakhit""; Malakhit Marine Engineering Bureau; St. Petersburg Marine Bureau of Machine Building Malakhit; AO",,,
Kalyazinsky Machine Building Factory – Branch of RSK MiG,,Kalyazinsky Machine Building Factory – Branch of RSK MiG,entity,出口管制·军工实体(Annex IV),Export control · military end-user (Annex IV),俄罗斯,Russia,2022-12-16,"Local name: Филиал АО «РСК «МиГ» «Калязинский Машиностроительный Завод»; Филиал Публичного Акционерного Общества «Объединенная Авиастроительная Корпорация» - Калязинский Машиностроительный Завод (Филиал ПАО «ОАК» - Калязинский Машиностроительный Завод)；A.k.a: Branch of Public Joint Stock Company ""Un",Филиал АО «РСК «МиГ» «Калязинский Машиностроительный Завод»; Филиал Публичного Акционерного Общества «Объединенная Авиастроительная Корпорация» - Калязинский Машиностроительный Завод (Филиал ПАО «ОАК» - Калязинский Машиностроительный Завод),"Branch of Public Joint Stock Company ""Un",,,
Main Directorate of Deep-Sea Research of the Ministry of Defense of the Russian Federation,,Main Directorate of Deep-Sea Research of the Ministry of Defense of the Russian Federation,entity,出口管制·军工实体(Annex IV),Export control · military end-user (Annex IV),俄罗斯,Russia,2022-12-16,Local name: Главное Управление Глубоководных Исследований Министерства Обороны Российской Федерации (ГУГИ)；A.k.a: Main Directorate of Deep-Sea Research; GUGI; Hydrographic Service of the Navy; Department of Navigation and Oceanography of the Ministry of Defence of the Russian Federation ｜ Address(es,Главное Управление Глубоководных Исследований Министерства Обороны Российской Федерации (ГУГИ),Main Directorate of Deep-Sea Research; GUGI; Hydrographic Service of the Navy; Department of Navigation and Oceanography of the Ministry of Defence of the Russian Federation,,,
NPP Start,,NPP Start,entity,出口管制·军工实体(Annex IV),Export control · military end-user (Annex IV),俄罗斯,Russia,2022-12-16,"Local name: Акционерное Общество «Научно-Производственное Предприятие «Старт» им. А.И. Яскина» (АО «НПП «Старт» им. А. И. Яскина»)；A.k.a: AO NPP Start im. A. I. Yaskina; JSC Research and Production Enterprise ""Start"" named after A.I. Yaskin ｜ Address(es): 620007, Sverdlovsk Oblast, Ekaterinburg, Pri",Акционерное Общество «Научно-Производственное Предприятие «Старт» им. А.И. Яскина» (АО «НПП «Старт» им. А. И. Яскина»),"AO NPP Start im. A. I. Yaskina; JSC Research and Production Enterprise ""Start"" named after A.I. Yaskin","620007, Sverdlovsk Oblast, Ekaterinburg, Pri",,
OAO Radiofizika,,OAO Radiofizika,entity,出口管制·军工实体(Annex IV),Export control · military end-user (Annex IV),俄罗斯,Russia,2022-12-16,"Local name: Публичное Акционерное Общество «Радиофизика» (ПАО «Радиофизика»)；A.k.a: PJSC Radiophysics; PAO Radiofizika ｜ Address(es): 125480, Moscow, Geroev Panfilovtsev Str., 10, Russian Federation Telephone: + 7 (495) 272-48-01 Website: https://radiofizika.ru/ Email: mail@radiofizika.ru Registrati",Публичное Акционерное Общество «Радиофизика» (ПАО «Радиофизика»),PJSC Radiophysics; PAO Radiofizika,"125480, Moscow, Geroev Panfilovtsev Str., 10, Russian Federation",,https://radiofizika.ru/
"P.A. Voronin Lukhovitsk Aviation Plant, Branch of RSK MiG",,"P.A. Voronin Lukhovitsk Aviation Plant, Branch of RSK MiG",entity,出口管制·军工实体(Annex IV),Export control · military end-user (Annex IV),俄罗斯,Russia,2022-12-16,"Local name: Филиал Публичного Акционерного Общества «Объединенная Авиастроительная Корпорация» – Луховицкий Авиационный Завод имени П.А. Воронина (Филиал ПАО «ОАК» - Луховицкий Авиационный Завод)；A.k.a: Branch of Public Joint Stock Company ""United Aircraft Corporation"" – Lukhovitsky Aviation Plant n",Филиал Публичного Акционерного Общества «Объединенная Авиастроительная Корпорация» – Луховицкий Авиационный Завод имени П.А. Воронина (Филиал ПАО «ОАК» - Луховицкий Авиационный Завод),"Branch of Public Joint Stock Company ""United Aircraft Corporation"" – Lukhovitsky Aviation Plant n",,,
Public Joint Stock Company Bryansk Special Design Bureau,,Public Joint Stock Company Bryansk Special Design Bureau,entity,出口管制·军工实体(Annex IV),Export control · military end-user (Annex IV),俄罗斯,Russia,2022-12-16,"Local name: Публичное Акционерное Общество «Брянское Специальное Конструкторское Бюро» (ПАО «БСКБ»)；A.k.a: PAO BSKB ｜ Address(es): 241017, Bryansk Oblast, Bryansk, Vokzalnaya Str., 136, Russian Federation Telephone: + 7 (4832) 53-16-82 Website: https://bckb.ru/ Email: mail@bckb.ru Registration num",Публичное Акционерное Общество «Брянское Специальное Конструкторское Бюро» (ПАО «БСКБ»),PAO BSKB,"241017, Bryansk Oblast, Bryansk, Vokzalnaya Str., 136, Russian Federation",,https://bckb.ru/
Public Joint Stock Company Voronezh Joint Stock Aircraft Company,,Public Joint Stock Company Voronezh Joint Stock Aircraft Company,entity,出口管制·军工实体(Annex IV),Export control · military end-user (Annex IV),俄罗斯,Russia,2022-12-16,"Local name: Публичное Акционерное Общество «Воронежское Акционерное Самолетостроительное Общество» (ПАО «ВАСО»)；A.k.a: PJSC ""VASO""; PAO VASO; Voronezh Aircraft Production Association ｜ Address(es): 394029, Voronezh Oblast, Voronezh, Tsiolkovskogo Str., 27, Russian Federation Telephone: + 7 473 244-8",Публичное Акционерное Общество «Воронежское Акционерное Самолетостроительное Общество» (ПАО «ВАСО»),"PJSC ""VASO""; PAO VASO; Voronezh Aircraft Production Association","394029, Voronezh Oblast, Voronezh, Tsiolkovskogo Str., 27, Russian Federation",,
Radio Technical Institute named after A. L. Mints,,Radio Technical Institute named after A. L. Mints,entity,出口管制·军工实体(Annex IV),Export control · military end-user (Annex IV),俄罗斯,Russia,2022-12-16,"Local name: Акционерное Общество «Радиотехнический Институт имени Академика А.Л. Минца» (АО РТИ)；A.k.a: Concern Radio-Technical Information Systems; AO RTI; Academician A.L. Mints Radio Engineering Institute ｜ Address(es): 127083, Moscow, 8 Marta Str., 10, Building 1, Russian Federation Telephone: +",Акционерное Общество «Радиотехнический Институт имени Академика А.Л. Минца» (АО РТИ),Concern Radio-Technical Information Systems; AO RTI; Academician A.L. Mints Radio Engineering Institute,"127083, Moscow, 8 Marta Str., 10, Building 1, Russian Federation",,
Russian Federal Nuclear Center – All-Russian Research Institute of Experimental Physics,,Russian Federal Nuclear Center – All-Russian Research Institute of Experimental Physics,entity,出口管制·军工实体(Annex IV),Export control · military end-user (Annex IV),俄罗斯,Russia,2022-12-16,Local name: Федеральное Государственное Унитарное Предприятие «Российский Федеральный Ядерный Центр - Всероссийский Научно-Исследовательский Институт Экспериментальной Физики» (ФГУП «РФЯЦ - ВНИИЭФ»); Филиал Федерального Государственного Унитарного Предприятия «Российский Федеральный Ядерный Центр – ,Федеральное Государственное Унитарное Предприятие «Российский Федеральный Ядерный Центр - Всероссийский Научно-Исследовательский Институт Экспериментальной Физики» (ФГУП «РФЯЦ - ВНИИЭФ»); Филиал Федерального Государственного Унитарного Предприятия «Российский Федеральный Ядерный Центр –,,,,
Shvabe JSC,,Shvabe JSC,entity,出口管制·军工实体(Annex IV),Export control · military end-user (Annex IV),俄罗斯,Russia,2022-12-16,"Local name: Акционерное Общество «Швабе» (АО «Швабе»)；A.k.a: Shvabe ｜ Address(es): 129366, Moscow, Prospekt Mira, 176, Russian Federation Telephone: + 7 (499) 951-48-32 Website: https://shvabe.com/ Email: mail@shvabe.com Registration number: 77176717",Акционерное Общество «Швабе» (АО «Швабе»),Shvabe,"129366, Moscow, Prospekt Mira, 176, Russian Federation",77176717,https://shvabe.com/
Special Technological Center LLC,,Special Technological Center LLC,entity,出口管制·军工实体(Annex IV),Export control · military end-user (Annex IV),俄罗斯,Russia,2022-12-16,"Local name: Общество с Ограниченной Ответственностью «Специальный Технологический Центр» (ООО «СТЦ»)；A.k.a: STC LLC; Special Technology Center Ltd.; Special Technology Centre Limited Liability Company; OOO STTs ｜ Address(es): 195220, St. Petersburg, Gzhatskaya Str., 21, Office 53, Letter B, Russian ",Общество с Ограниченной Ответственностью «Специальный Технологический Центр» (ООО «СТЦ»),STC LLC; Special Technology Center Ltd.; Special Technology Centre Limited Liability Company; OOO STTs,"195220, St. Petersburg, Gzhatskaya Str., 21, Office 53, Letter B, Russian",,
St. Petersburg Shipbuilding Institution Krylov,,St. Petersburg Shipbuilding Institution Krylov,entity,出口管制·军工实体(Annex IV),Export control · military end-user (Annex IV),俄罗斯,Russia,2022-12-16,Local name: Федеральное Государственное Унитарное Предприятие «Крыловский Государственный Научный Центр» (ФГУП «Крыловский Государственный Научный Центр»)；A.k.a: Federal State Unitary Enterprise Krylov State Scientific Centre; Krylov State Research Centre; FSUE Krylov State Scientific Centre ｜ Addre,Федеральное Государственное Унитарное Предприятие «Крыловский Государственный Научный Центр» (ФГУП «Крыловский Государственный Научный Центр»),Federal State Unitary Enterprise Krylov State Scientific Centre; Krylov State Research Centre; FSUE Krylov State Scientific Centre,,,
Strategic Control Posts Corporation,,Strategic Control Posts Corporation,entity,出口管制·军工实体(Annex IV),Export control · military end-user (Annex IV),俄罗斯,Russia,2022-12-16,"Local name: Акционерное Общество «Корпорация «Стратегические Пункты Управления» (АО «Корпорация «СПУ-ЦКБ ТМ»)；A.k.a: CCB TM; AO SPU-TsKB TM; Central Design Bureau of Heavy Machine Building; JSC Corporation SPU-CCB TM ｜ Address(es): 109052, Moscow, Podyomnaya Str., 12A, Russian Federation Telephone: ",Акционерное Общество «Корпорация «Стратегические Пункты Управления» (АО «Корпорация «СПУ-ЦКБ ТМ»),CCB TM; AO SPU-TsKB TM; Central Design Bureau of Heavy Machine Building; JSC Corporation SPU-CCB TM,"109052, Moscow, Podyomnaya Str., 12A, Russian Federation",,
V.A. Trapeznikov Institute of Control Sciences of the Russian Academy of Sciences,,V.A. Trapeznikov Institute of Control Sciences of the Russian Academy of Sciences,entity,出口管制·军工实体(Annex IV),Export control · military end-user (Annex IV),俄罗斯,Russia,2022-12-16,"Local name: Федеральное Государственное Бюджетное Учреждение Науки Институт Проблем Управления им. В.А. Трапезникова Российской Академии Наук (ИПУ РАН)；A.k.a: ICS RAS; IPU RAN; Institute of Control Sciences RAS ｜ Address(es): 117997, Moscow, Profsoyuznaya Str., 65, Russian Federation Telephone: + 7 ",Федеральное Государственное Бюджетное Учреждение Науки Институт Проблем Управления им. В.А. Трапезникова Российской Академии Наук (ИПУ РАН),ICS RAS; IPU RAN; Institute of Control Sciences RAS,"117997, Moscow, Profsoyuznaya Str., 65, Russian Federation",,
Vladimir Design Bureau for Radio Communications OJSC,,Vladimir Design Bureau for Radio Communications OJSC,entity,出口管制·军工实体(Annex IV),Export control · military end-user (Annex IV),俄罗斯,Russia,2022-12-16,"Local name: Открытое Акционерное Общество «Владимирское Конструкторское Бюро Радиосвязи» (ОАО «ВКБР»)；A.k.a: OAO VKBR ｜ Address(es): 600017, Vladimir Oblast, Vladimir, Baturina Str., 28, Russian Federation; 600009, Vladimir, P.O. Box 68, Russian Federation Telephone: + 7 (4922) 43-15-54 Website: htt",Открытое Акционерное Общество «Владимирское Конструкторское Бюро Радиосвязи» (ОАО «ВКБР»),OAO VKBR,"600017, Vladimir Oblast, Vladimir, Baturina Str., 28, Russian Federation; 600009, Vladimir, P.O. Box 68, Russian Federation",,
Voentelecom JSC,,Voentelecom JSC,entity,出口管制·军工实体(Annex IV),Export control · military end-user (Annex IV),俄罗斯,Russia,2022-12-16,"Local name: Акционерное Общество «Воентелеком» (АО «Воентелеком») ｜ Address(es): 107014, Moscow, Bolshaya Olenya Str. 15A, Building 1, Russian Federation Telephone: + 7 (495) 609-50-05, + 7 (985) 900-50-05 Website: https://voentelecom.ru Email: inf",Акционерное Общество «Воентелеком» (АО «Воентелеком»),,"107014, Moscow, Bolshaya Olenya Str. 15A, Building 1, Russian Federation",,https://voentelecom.ru
"A.A. Kharkevich Institute for Information Transmission Problems (IITP), Russian Academy of Sciences (RAS)",A.A. Kharkevich Institute for Information Transmission Problems,", Russian Academy of Sciences (RAS)",entity,出口管制·军工实体(Annex IV),Export control · military end-user (Annex IV),俄罗斯,Russia,2022-12-16,"Local name: Федеральное Государственное Бюджетное Учреждение Науки Институт Проблем Передачи Информации им. А.А. Харкевича Российской Академии Наук (ИППИ РАН)；A.k.a: IPPI RAN; IITP RAS ｜ Address(es): 127051, Moscow, Bolshoy Karetny Pereulok, 19, Building 1, Russian Federation Telephone: + 7 (495) 65",Федеральное Государственное Бюджетное Учреждение Науки Институт Проблем Передачи Информации им. А.А. Харкевича Российской Академии Наук (ИППИ РАН),IPPI RAN; IITP RAS,"127051, Moscow, Bolshoy Karetny Pereulok, 19, Building 1, Russian Federation",,
Ak Bars Holding,,Ak Bars Holding,entity,出口管制·军工实体(Annex IV),Export control · military end-user (Annex IV),俄罗斯,Russia,2022-12-16,"Local name: Акционерное Общество «Холдинговая Компания «Ак Барс» (АО «Холдинговая Компания «Ак Барс»)；A.k.a: ""Ak Bars"" Holding Company JSC ｜ Address(es): 420094, Kazan, Korolenko Str., 58a, Russian Federation Telephone: + 7 (843) 511-45-50 Website: http://abh.ru/ Email: abh@abh.ru Registration numbe",Акционерное Общество «Холдинговая Компания «Ак Барс» (АО «Холдинговая Компания «Ак Барс»),"""Ak Bars"" Holding Company JSC","420094, Kazan, Korolenko Str., 58a, Russian Federation",,http://abh.ru/
Special Research Bureau for Automation of Marine Researches of the Far East Branch of the Russian Academy of Sciences,,Special Research Bureau for Automation of Marine Researches of the Far East Branch of the Russian Academy of Sciences,entity,出口管制·军工实体(Annex IV),Export control · military end-user (Annex IV),俄罗斯,Russia,2022-12-16,Local name: Федеральное Государственное Бюджетное Учреждение Науки Специальное Конструкторское Бюро Средств Автоматизации Морских Исследований Дальневосточного Отделения Российской Академии Наук (СКБ САМИ ДВО РАН)；A.k.a: SKB SAMI DVO RAN; Federal State Budgetary Institution of Science Special Design,Федеральное Государственное Бюджетное Учреждение Науки Специальное Конструкторское Бюро Средств Автоматизации Морских Исследований Дальневосточного Отделения Российской Академии Наук (СКБ САМИ ДВО РАН),SKB SAMI DVO RAN; Federal State Budgetary Institution of Science Special Design,,,
Systems of Biological Synthesis LLC,,Systems of Biological Synthesis LLC,entity,出口管制·军工实体(Annex IV),Export control · military end-user (Annex IV),俄罗斯,Russia,2022-12-16,"Local name: Общество с Ограниченной Ответственностью «Системы Биологического Синтеза» (ООО «СБС»)；A.k.a: SBS LLC; OOO SBS ｜ Address(es): 129515, Moscow, Akademika Koroleva Str., 13, Building 1, Floor 2, Premises II, Room 60, 61, Russian Federation Telephone: + 7 (499) 674-70-08 Website: https://sysb",Общество с Ограниченной Ответственностью «Системы Биологического Синтеза» (ООО «СБС»),SBS LLC; OOO SBS,"129515, Moscow, Akademika Koroleva Str., 13, Building 1, Floor 2, Premises II, Room 60, 61, Russian Federation",,
"Borisfen, JSC",,"Borisfen, JSC",entity,出口管制·军工实体(Annex IV),Export control · military end-user (Annex IV),俄罗斯,Russia,2022-12-16,"Local name: Акционерное Общество «Борисфен» (АО «Борисфен») ｜ Address(es): 125252, Moscow, 2nd Peschanaya Str., 4, Premises 1a, Rooms 1-4, Russian Federation Telephone: + 7 (495) 411-51-11 Website: https://bf-avia.ru/ Email: info@bf-avia.ru R",Акционерное Общество «Борисфен» (АО «Борисфен»),,"125252, Moscow, 2nd Peschanaya Str., 4, Premises 1a, Rooms 1-4, Russian Federation",,https://bf-avia.ru/
"Barnaul Cartridge Plant, JSC",,"Barnaul Cartridge Plant, JSC",entity,出口管制·军工实体(Annex IV),Export control · military end-user (Annex IV),俄罗斯,Russia,2022-12-16,"Local name: Акционерное Общество «Барнаульский Патронный Завод» (АО «БПЗ»)；A.k.a: BCP ｜ Address(es): 656002, Altai Krai, Barnaul, Kulagina Str., 28, Russian Federation Telephone: + 7 (3852) 77-55-65 Website: https://www.barnaulpatron.ru/ Email: ammo@bszholding.ru Regi",Акционерное Общество «Барнаульский Патронный Завод» (АО «БПЗ»),BCP,"656002, Altai Krai, Barnaul, Kulagina Str., 28, Russian Federation",,https://www.barnaulpatron.ru/
"Concern Avrora Scientific and Production Association, JSC",,"Concern Avrora Scientific and Production Association, JSC",entity,出口管制·军工实体(Annex IV),Export control · military end-user (Annex IV),俄罗斯,Russia,2022-12-16,"Local name: Акционерное Общество «Концерн «Научно-Производственное Объединение «Аврора» (АО «Концерн «НПО «Аврора»)；A.k.a: JSC Avrora; AO Kontsern NPO Avrora"" ｜ Address(es): 194021, St. Petersburg, Karbyshev Str. 15, Russian Federation Telephone: + 7 (812) 297-23-11 Website: http://avrorasystems.com",Акционерное Общество «Концерн «Научно-Производственное Объединение «Аврора» (АО «Концерн «НПО «Аврора»),"JSC Avrora; AO Kontsern NPO Avrora""","194021, St. Petersburg, Karbyshev Str. 15, Russian Federation",,http://avrorasystems.com
"Bryansk Automobile Plant, JSC",,"Bryansk Automobile Plant, JSC",entity,出口管制·军工实体(Annex IV),Export control · military end-user (Annex IV),俄罗斯,Russia,2022-12-16,"Local name: Акционерное Общество «Брянский Автомобильный Завод» (АО «БАЗ»)；A.k.a: AO BAZ; Joint Stock Company ""Bryansk Automobile Factory"" ｜ Address(es): 241035, Bryansk Oblast, Bryansk, Staleliteynaya Str., 1, Russian Federation Telephone: + 7 4832 221500 Website: http://www.baz32.ru/ Email: info@b",Акционерное Общество «Брянский Автомобильный Завод» (АО «БАЗ»),"AO BAZ; Joint Stock Company ""Bryansk Automobile Factory""","241035, Bryansk Oblast, Bryansk, Staleliteynaya Str., 1, Russian Federation",,http://www.baz32.ru/
"Burevestnik Central Research Institute, JSC",,"Burevestnik Central Research Institute, JSC",entity,出口管制·军工实体(Annex IV),Export control · military end-user (Annex IV),俄罗斯,Russia,2022-12-16,"Local name: Акционерное Общество «Центральный Научно-Исследовательский Институт «Буревестник» (АО «ЦНИИ «Буревестник»)；A.k.a: AO TsNII Burevestnik ｜ Address(es): 603950, Nizhny Novgorod Oblast, Nizhny Novgorod, Sormovskoye Shosse, 1A, Russian Federation Telephone: + 7 (831) 241-12-42 Website: https:",Акционерное Общество «Центральный Научно-Исследовательский Институт «Буревестник» (АО «ЦНИИ «Буревестник»),AO TsNII Burevestnik,"603950, Nizhny Novgorod Oblast, Nizhny Novgorod, Sormovskoye Shosse, 1A, Russian Federation",,
"Research Institute of Space Instrumentation, JSC",,"Research Institute of Space Instrumentation, JSC",entity,出口管制·军工实体(Annex IV),Export control · military end-user (Annex IV),俄罗斯,Russia,2022-12-16,"Local name: Акционерное Общество «Научно-Исследовательский Институт Космического Приборостроения» (АО «НИИ КП»)；A.k.a: AO NII KP ｜ Address(es): 111024, Moscow, Aviamotornaya Str., 53, Building 1, Floor 2, Premises VII, Room 12-14, Russian Federation Telephone: + 7 (495) 517-92-00 Website: https://or",Акционерное Общество «Научно-Исследовательский Институт Космического Приборостроения» (АО «НИИ КП»),AO NII KP,"111024, Moscow, Aviamotornaya Str., 53, Building 1, Floor 2, Premises VII, Room 12-14, Russian Federation",,
"Arsenal Machine-Building plant, OJSC",,"Arsenal Machine-Building plant, OJSC",entity,出口管制·军工实体(Annex IV),Export control · military end-user (Annex IV),俄罗斯,Russia,2022-12-16,"Local name: Открытое Акционерное Общество «Машиностроительный Завод «Арсенал» (ОАО «МЗ «Арсенал»)；A.k.a: OAO MZ Arsenal ｜ Address(es): 195009, St. Petersburg, Komsomola Str., 1-3, Russian Federation Telephone: + 7 (812) 292 40 11 Website: http://www.mzarsenal.spb.ru/ Email: arsenal@mzarsenal.com Reg",Открытое Акционерное Общество «Машиностроительный Завод «Арсенал» (ОАО «МЗ «Арсенал»),OAO MZ Arsenal,"195009, St. Petersburg, Komsomola Str., 1-3, Russian Federation",,http://www.mzarsenal.spb.ru/
"Zelenodolsk Design Bureau, JSC",,"Zelenodolsk Design Bureau, JSC",entity,出口管制·军工实体(Annex IV),Export control · military end-user (Annex IV),俄罗斯,Russia,2022-12-16,"Local name: Акционерное Общество «Зеленодольское Проектно-Конструкторское Бюро» (АО «Зеленодольское ПКБ»)；A.k.a: AO Zelenodolskoe PKB; ZPKB ｜ Address(es): 422540, Republic of Tatarstan, Zelenodolsk, Lenin Str., 41a, Russian Federation Telephone: + 7 (84371) 530-66 Website: https://zpkb.com/ Email: i",Акционерное Общество «Зеленодольское Проектно-Конструкторское Бюро» (АО «Зеленодольское ПКБ»),AO Zelenodolskoe PKB; ZPKB,"422540, Republic of Tatarstan, Zelenodolsk, Lenin Str., 41a, Russian Federation",,https://zpkb.com/
"Zavod Elecon, JSC",,"Zavod Elecon, JSC",entity,出口管制·军工实体(Annex IV),Export control · military end-user (Annex IV),俄罗斯,Russia,2022-12-16,"Local name: Акционерное Общество «Завод Элекон» (АО «Завод Элекон»)；A.k.a: OA Zavod Elekon ｜ Address(es): 420094, Republic of Tatarstan, Kazan, Korolenko Str., 58, Russian Federation Telephone: + 7 (843) 510-10-10 Website: https://zavod-elecon.ru/ Email: office@zavod-eleco",Акционерное Общество «Завод Элекон» (АО «Завод Элекон»),OA Zavod Elekon,"420094, Republic of Tatarstan, Kazan, Korolenko Str., 58, Russian Federation",,https://zavod-elecon.ru/
"VMP ""Avitec"", JSC",,"VMP ""Avitec"", JSC",entity,出口管制·军工实体(Annex IV),Export control · military end-user (Annex IV),俄罗斯,Russia,2022-12-16,"Local name: Акционерное Общество «Вятское Машиностроительное Предприятие «Авитек» (АО «ВМП «Авитек»)；A.k.a: AO VMP Avitek; Joint Stock Company Vyatka Machine-Building Enterprise Avitek; Joint Stock Company Vyatskoye Mashinostroitelnoye Predpriyatiye Avitek ｜ Address(es): 610047, Kirov Oblast, Kirov,",Акционерное Общество «Вятское Машиностроительное Предприятие «Авитек» (АО «ВМП «Авитек»),AO VMP Avitek; Joint Stock Company Vyatka Machine-Building Enterprise Avitek; Joint Stock Company Vyatskoye Mashinostroitelnoye Predpriyatiye Avitek,"610047, Kirov Oblast, Kirov",,
JSC V. V. Tikhomirov Scientific Research Institute of Instrument Design,,JSC V. V. Tikhomirov Scientific Research Institute of Instrument Design,entity,出口管制·军工实体(Annex IV),Export control · military end-user (Annex IV),俄罗斯,Russia,2022-12-16,"Local name: Акционерное Общество «Научно-Исследовательский Институт Приборостроения имени В.В. Тихомирова» (АО «НИИП имени В.В. Тихомирова»)；A.k.a: JSC ""V.V. Tikhomirov Scientific Research Institute of Instrument Engineering""; AO NIIP imeni V. V. Tikhomirova; Joint Stock Company ""Scientific Research",Акционерное Общество «Научно-Исследовательский Институт Приборостроения имени В.В. Тихомирова» (АО «НИИП имени В.В. Тихомирова»),"JSC ""V.V. Tikhomirov Scientific Research Institute of Instrument Engineering""; AO NIIP imeni V. V. Tikhomirova; Joint Stock Company ""Scientific Research",,,
"Tulatochmash, JSC",,"Tulatochmash, JSC",entity,出口管制·军工实体(Annex IV),Export control · military end-user (Annex IV),俄罗斯,Russia,2022-12-16,"Local name: Акционерное Общество «Тулаточмаш» (АО «Тулаточмаш») ｜ Address(es): 300041, Tula Oblast, Tula, Kominterna Str., 24, Russian Federation Telephone: + 7 (4872) 32-93-38 Website: https://tulatochmash.ru/ Email: info@tulatochmash.ru Registr",Акционерное Общество «Тулаточмаш» (АО «Тулаточмаш»),,"300041, Tula Oblast, Tula, Kominterna Str., 24, Russian Federation",,https://tulatochmash.ru/
"PJSC ""I.S. Brook"" INEUM",,"PJSC ""I.S. Brook"" INEUM",entity,出口管制·军工实体(Annex IV),Export control · military end-user (Annex IV),俄罗斯,Russia,2022-12-16,"Local name: Публичное Акционерное Общество «Институт Электронных Управляющих Машин им. И.С. Брука» (ПАО «ИНЭУМ им. И.С. Брука»)；A.k.a: Public Joint Stock Company Institute of Electronic Control Computers named after I.S. Bruk; JSC INEUM; AO INEUM im. I.S. Bruka ｜ Address(es): 119334, Moscow, Vavilov",Публичное Акционерное Общество «Институт Электронных Управляющих Машин им. И.С. Брука» (ПАО «ИНЭУМ им. И.С. Брука»),Public Joint Stock Company Institute of Electronic Control Computers named after I.S. Bruk; JSC INEUM; AO INEUM im. I.S. Bruka,"119334, Moscow, Vavilov",,
"SPE ""Krasnoznamenets"", JSC",,"SPE ""Krasnoznamenets"", JSC",entity,出口管制·军工实体(Annex IV),Export control · military end-user (Annex IV),俄罗斯,Russia,2022-12-16,"Local name: Акционерное Общество «Научно-Производственное Предприятие «Краснознамёнец» (АО «НПП «Краснознамёнец»)；A.k.a: Scientific and Production Enterprise Krasnoznamenets; Research and Production Enterprise ""Krasnoznamyonets""; AO NPP Krasnoznamenets ｜ Address(es): 195043, St. Petersburg, Chelyabi",Акционерное Общество «Научно-Производственное Предприятие «Краснознамёнец» (АО «НПП «Краснознамёнец»),"Scientific and Production Enterprise Krasnoznamenets; Research and Production Enterprise ""Krasnoznamyonets""; AO NPP Krasnoznamenets","195043, St. Petersburg, Chelyabi",,
"SPA Pribor named after S.S. Golembiovsky, JSC",,"SPA Pribor named after S.S. Golembiovsky, JSC",entity,出口管制·军工实体(Annex IV),Export control · military end-user (Annex IV),俄罗斯,Russia,2022-12-16,"Local name: Акционерное Общество «Научно-Производственное Объединение «Прибор» имени С.С. Голембиовского» (АО «НПО «Прибор» имени С.С. Голембиовского»)；A.k.a: JSC ""Scientific and Production Association ""Pribor"" named after S.S. Golembiovsky""; AO NPO Pribor imeni S. S. Golumbiovskogo ｜ Address(es): 1",Акционерное Общество «Научно-Производственное Объединение «Прибор» имени С.С. Голембиовского» (АО «НПО «Прибор» имени С.С. Голембиовского»),"JSC ""Scientific and Production Association ""Pribor"" named after S.S. Golembiovsky""; AO NPO Pribor imeni S. S. Golumbiovskogo",1,,
"SPA ""Impuls"", JSC",,"SPA ""Impuls"", JSC",entity,出口管制·军工实体(Annex IV),Export control · military end-user (Annex IV),俄罗斯,Russia,2022-12-16,"Local name: Акционерное Общество «Научно-Производственное Объединение «Импульс» (АО «НПО «Импульс»)；A.k.a: Joint Stock Company ""Research and Production Association ""Impulse""; AO NPO Impuls ｜ Address(es): 195299, St. Petersburg, Kirishskaya Str., 2, Letter A, Russian Federation; Telephone: + 7 (812) ",Акционерное Общество «Научно-Производственное Объединение «Импульс» (АО «НПО «Импульс»),"Joint Stock Company ""Research and Production Association ""Impulse""; AO NPO Impuls","195299, St. Petersburg, Kirishskaya Str., 2, Letter A, Russian Federation",,
RusBITech,,RusBITech,entity,出口管制·军工实体(Annex IV),Export control · military end-user (Annex IV),俄罗斯,Russia,2022-12-16,"Local name: Акционерное Общество «Научно-Производственное Объединение Русские Базовые Информационные Технологии» (АО «НПО РусБИТех»)；A.k.a: Joint Stock Company ""Scientific and Production Association Russian Basic Information Technologies""; AO NPO RusBITech; RPA RusBITech ｜ Address(es): 117105, Mosco",Акционерное Общество «Научно-Производственное Объединение Русские Базовые Информационные Технологии» (АО «НПО РусБИТех»),"Joint Stock Company ""Scientific and Production Association Russian Basic Information Technologies""; AO NPO RusBITech; RPA RusBITech","117105, Mosco",,
ROTOR 43,,ROTOR 43,entity,出口管制·军工实体(Annex IV),Export control · military end-user (Annex IV),俄罗斯,Russia,2022-12-16,"Local name: Общество с Ограниченной Ответственностью «Ротор-43» (ООО «Ротор-43»)；A.k.a: Rotor-43 LLC; OOO Rotor-43 ｜ Address(es): 344056, Rostov Oblast, Rostov-on-Don, Kombaynostroiteley Str., 4A, Russian Federation Telephone: + 7-928-105-81-67 Website: https://rotor43.ru/ Email: rotor-43@mail.ru",Общество с Ограниченной Ответственностью «Ротор-43» (ООО «Ротор-43»),Rotor-43 LLC; OOO Rotor-43,"344056, Rostov Oblast, Rostov-on-Don, Kombaynostroiteley Str., 4A, Russian Federation",,https://rotor43.ru/
"Rostov Optical and Mechanical Plant, PJSC",,"Rostov Optical and Mechanical Plant, PJSC",entity,出口管制·军工实体(Annex IV),Export control · military end-user (Annex IV),俄罗斯,Russia,2022-12-16,"Local name: Публичное Акционерное Общество «Ростовский Оптико-Механический Завод» (ПАО «РОМЗ»)；A.k.a: PJSC ""ROMZ""; PAO ROMZ; Public Joint Stock Company ""Rostov Optical-Mechanical Plant"" ｜ Address(es): 152150, Yaroslavl Oblast, Rostov, Savinskoye Shosse, 36, Russian Federation Telephone: + 7 (48536) ",Публичное Акционерное Общество «Ростовский Оптико-Механический Завод» (ПАО «РОМЗ»),"PJSC ""ROMZ""; PAO ROMZ; Public Joint Stock Company ""Rostov Optical-Mechanical Plant""","152150, Yaroslavl Oblast, Rostov, Savinskoye Shosse, 36, Russian Federation",,
"RATEP, JSC",,"RATEP, JSC",entity,出口管制·军工实体(Annex IV),Export control · military end-user (Annex IV),俄罗斯,Russia,2022-12-16,"Local name: Акционерное Общество «РАТЕП» (АО «РАТЕП»)；A.k.a: AO RATEP ｜ Address(es): 142205, Moscow Oblast, Serpukhov, Dzerzhinskogo Str., 11, Russian Federation Telephone: + 7 (4967) 78-64-00 Website: https://www.ratep.ru/ Email: ratep@ratep.ru Regist",Акционерное Общество «РАТЕП» (АО «РАТЕП»),AO RATEP,"142205, Moscow Oblast, Serpukhov, Dzerzhinskogo Str., 11, Russian Federation",,https://www.ratep.ru/
PLAZ,,PLAZ,entity,出口管制·军工实体(Annex IV),Export control · military end-user (Annex IV),俄罗斯,Russia,2022-12-16,"Local name: Общество с Ограниченной Ответственностью «ПЛАЗ» (ООО «ПЛАЗ»)；A.k.a: PLAZ LLC; OOO PLAZ ｜ Address(es): 194021, St. Petersburg, Politekhnicheskaya Str., 22, Letter V, Room 1-H, Russian Federation Telephone: + 7 (812) 363-33-67 Website: https://www.plazlink.com/ Email: pl",Общество с Ограниченной Ответственностью «ПЛАЗ» (ООО «ПЛАЗ»),PLAZ LLC; OOO PLAZ,"194021, St. Petersburg, Politekhnicheskaya Str., 22, Letter V, Room 1-H, Russian Federation",,https://www.plazlink.com/
"OKB ""Technika""",,"OKB ""Technika""",entity,出口管制·军工实体(Annex IV),Export control · military end-user (Annex IV),俄罗斯,Russia,2022-12-16,"Local name: Общество с Ограниченной Ответственностью «Опытно-Конструкторское Бюро «Техника» (ООО «ОКБ «Техника»)；A.k.a: Limited Liability Company Experimental Design Bureau Technika; OOO OKB Tekhnika ｜ Address(es): 115191, Moscow, Novaya Zarya Str., 6, Russian Federation Telephone: + 7 (495) 954-51-",Общество с Ограниченной Ответственностью «Опытно-Конструкторское Бюро «Техника» (ООО «ОКБ «Техника»),Limited Liability Company Experimental Design Bureau Technika; OOO OKB Tekhnika,"115191, Moscow, Novaya Zarya Str., 6, Russian Federation",,
Ocean Chips,,Ocean Chips,entity,出口管制·军工实体(Annex IV),Export control · military end-user (Annex IV),俄罗斯,Russia,2022-12-16,"Local name: Общество с Ограниченной Ответственностью «Океан Электроники» (ООО «Океан Электроники»)；A.k.a: Ocean Electronics Limited Liability Company; OOO Okean Elektroniki ｜ Address(es): 198099, St. Petersburg, Kalinina Str., 2, Building 4, Letter A, Premises 1N, Room 10, Russian Federation Telepho",Общество с Ограниченной Ответственностью «Океан Электроники» (ООО «Океан Электроники»),Ocean Electronics Limited Liability Company; OOO Okean Elektroniki,"198099, St. Petersburg, Kalinina Str., 2, Building 4, Letter A, Premises 1N, Room 10, Russian Federation Telepho",,
Nudelman Precision Engineering Design Bureau,,Nudelman Precision Engineering Design Bureau,entity,出口管制·军工实体(Annex IV),Export control · military end-user (Annex IV),俄罗斯,Russia,2022-12-16,"Local name: Акционерное Общество «Конструкторское Бюро Точного Машиностроения имени А.Э. Нудельмана» (АО «КБточмаш им. А.Э. Нудельмана»)；A.k.a: KB Tochmash; Joint Stock Company ""Design Bureau of Precision Engineering named after A.E. Nudelman""; AO KBTochmash im. A. E. Nudelmana ｜ Address(es): 117342",Акционерное Общество «Конструкторское Бюро Точного Машиностроения имени А.Э. Нудельмана» (АО «КБточмаш им. А.Э. Нудельмана»),"KB Tochmash; Joint Stock Company ""Design Bureau of Precision Engineering named after A.E. Nudelman""; AO KBTochmash im. A. E. Nudelmana",117342,,
Angstrem JSC,,Angstrem JSC,entity,出口管制·军工实体(Annex IV),Export control · military end-user (Annex IV),俄罗斯,Russia,2022-12-16,"Local name: Акционерное Общество «Ангстрем» (АО «Ангстрем») ｜ Address(es): 124498, Moscow, Zelenograd, Shokina Square, 2, Building 3, Russian Federation Telephone: + 7 (499) 720-84-44 Website: http://angstrem.ru/ Email: general@angstrem.r Reg",Акционерное Общество «Ангстрем» (АО «Ангстрем»),,"124498, Moscow, Zelenograd, Shokina Square, 2, Building 3, Russian Federation",,http://angstrem.ru/
NPCAP,,NPCAP,entity,出口管制·军工实体(Annex IV),Export control · military end-user (Annex IV),俄罗斯,Russia,2022-12-16,"Local name: Акционерное Общество «Научно-Производственный Центр Автоматики и Приборостроения имени Академика Н.А. Пилюгина» (АО «НПЦАП»)；A.k.a: JSC NPCAP; AO NPTsAP; Joint Stock Company ""Academician Piyugin Scientific-Production Center of Automatics and Instrument Making""; Joint Stock Company Scient",Акционерное Общество «Научно-Производственный Центр Автоматики и Приборостроения имени Академика Н.А. Пилюгина» (АО «НПЦАП»),"JSC NPCAP; AO NPTsAP; Joint Stock Company ""Academician Piyugin Scientific-Production Center of Automatics and Instrument Making""; Joint Stock Company Scient",,,
Novosibirsk Plant of Artificial Fibre,,Novosibirsk Plant of Artificial Fibre,entity,出口管制·军工实体(Annex IV),Export control · military end-user (Annex IV),俄罗斯,Russia,2022-12-16,"Local name: Акционерное Общество «Новосибирский Завод Искусственного Волокна» (АО «НЗИВ»)；A.k.a: AO NZIV; JSC NPAF ｜ Address(es): 633208, Novosibirsk Oblast, Iskitim, Yuzhny Mkr., 101, Russian Federation Telephone: + 7 (383) 254-77-74 Website: http://nziv.ru/ Email: smirnovan@nziv.ru Registration",Акционерное Общество «Новосибирский Завод Искусственного Волокна» (АО «НЗИВ»),AO NZIV; JSC NPAF,"633208, Novosibirsk Oblast, Iskitim, Yuzhny Mkr., 101, Russian Federation",,http://nziv.ru/
"Novosibirsk Cartridge Plant, JSC (SIBFIRE)","Novosibirsk Cartridge Plant, JSC",SIBFIRE,entity,出口管制·军工实体(Annex IV),Export control · military end-user (Annex IV),俄罗斯,Russia,2022-12-16,"Local name: Акционерное Общество «Новосибирский Патронный Завод» (АО «НПЗ»)；A.k.a: AO NPZ ｜ Address(es): 630108, Novosibirsk Oblast, Novosibirsk, Stantsionnaya Str., 30A, Office 307, Russian Federation Telephone: + 7 (383) 364-01-33; + 7 (383) 341-35-55 Website: https://s",Акционерное Общество «Новосибирский Патронный Завод» (АО «НПЗ»),AO NPZ,"630108, Novosibirsk Oblast, Novosibirsk, Stantsionnaya Str., 30A, Office 307, Russian Federation",,
Novator DB,,Novator DB,entity,出口管制·军工实体(Annex IV),Export control · military end-user (Annex IV),俄罗斯,Russia,2022-12-16,"Local name: Акционерное Общество «Опытное Конструкторское Бюро «Новатор» (АО «ОКБ «Новатор»)；A.k.a: Joint Stock Company ""Experimental Design Bureau ""Novator""; Novator Design Bureau JSC; AO OKB Novator ｜ Address(es): 620091, Sverdlovsk Oblast, Yekaterinburg, Kosmonavtov Prospekt, 18, Russian Federati",Акционерное Общество «Опытное Конструкторское Бюро «Новатор» (АО «ОКБ «Новатор»),"Joint Stock Company ""Experimental Design Bureau ""Novator""; Novator Design Bureau JSC; AO OKB Novator","620091, Sverdlovsk Oblast, Yekaterinburg, Kosmonavtov Prospekt, 18, Russian Federati",,
"NIMI named after V.V. Bakhirev, JSC",,"NIMI named after V.V. Bakhirev, JSC",entity,出口管制·军工实体(Annex IV),Export control · military end-user (Annex IV),俄罗斯,Russia,2022-12-16,"Local name: Акционерное Общество «Научно-Исследовательский Машиностроительный Институт имени В.В. Бахирева» (АО «НИМИ им. В.В. Бахирева»)；A.k.a: Joint Stock Company ""V.V. Bakhirev Research and Development Machine Building Institute""; Joint Stock Company Mechanical Engineering Research Institute; Joi",Акционерное Общество «Научно-Исследовательский Машиностроительный Институт имени В.В. Бахирева» (АО «НИМИ им. В.В. Бахирева»),"Joint Stock Company ""V.V. Bakhirev Research and Development Machine Building Institute""; Joint Stock Company Mechanical Engineering Research Institute; Joi",,,
"Nevskoe Design Bureau, JSC",,"Nevskoe Design Bureau, JSC",entity,出口管制·军工实体(Annex IV),Export control · military end-user (Annex IV),俄罗斯,Russia,2022-12-16,"Local name: Акционерное Общество «Невское Проектно-Конструкторское Бюро» (АО «Невское ПКБ»)；A.k.a: AO Nevskoe PKB; Joint Stock Company ""Nevskoye Design Bureau"" ｜ Address(es): 199226, St. Petersburg, Galerny Proezd, 3, Russian Federation Telephone: 7 (812) 635-05-66 Website: http://www.npkb.ru/ Email",Акционерное Общество «Невское Проектно-Конструкторское Бюро» (АО «Невское ПКБ»),"AO Nevskoe PKB; Joint Stock Company ""Nevskoye Design Bureau""","199226, St. Petersburg, Galerny Proezd, 3, Russian Federation",,http://www.npkb.ru/ Email
Neva Electronica JSC,,Neva Electronica JSC,entity,出口管制·军工实体(Annex IV),Export control · military end-user (Annex IV),俄罗斯,Russia,2022-12-16,"Local name: Акционерное Общество «Нева Электроника» (АО «Нева Электроника») ｜ Address(es): 196105, St. Petersburg, Yuri Gagarin Prospekt, 2, Letter A, Room 20-N, Russian Federation Telephone: + 7 812 646-50-50 Website: https://nevael.ru/ Email: info@nevael.r",Акционерное Общество «Нева Электроника» (АО «Нева Электроника»),,"196105, St. Petersburg, Yuri Gagarin Prospekt, 2, Letter A, Room 20-N, Russian Federation",,https://nevael.ru/
ENICS,,ENICS,entity,出口管制·军工实体(Annex IV),Export control · military end-user (Annex IV),俄罗斯,Russia,2022-12-16,"Local name: Акционерное Общество «ЭНИКС» (АО «ЭНИКС»)；A.k.a: AO ENIKS; JSC ENICS ｜ Address(es): 420094, Republic of Tatarstan, Kazan, Korolenko Str., 120, Russian Federation Telephone: + 7 (843) 212-07-08 Website: https://enics.aero/ Email: uav@enics.ru Registrat",Акционерное Общество «ЭНИКС» (АО «ЭНИКС»),AO ENIKS; JSC ENICS,"420094, Republic of Tatarstan, Kazan, Korolenko Str., 120, Russian Federation",,https://enics.aero/
JSC Makeyev Design Bureau,,JSC Makeyev Design Bureau,entity,出口管制·军工实体(Annex IV),Export control · military end-user (Annex IV),俄罗斯,Russia,2022-12-16,"Local name: Акционерное Общество «Государственный Ракетный Центр имени Академика В.П.Макеева» (АО «ГРЦ Макеева»)；A.k.a: Joint Stock Company ""Academician V.P.Makeyev State Rocket Centre""; JSC ""Makeyev State Rocket Centre""; Joint Stock Company ""State Missile Center named after Akademika V.P. Makeyeva""",Акционерное Общество «Государственный Ракетный Центр имени Академика В.П.Макеева» (АО «ГРЦ Макеева»),"Joint Stock Company ""Academician V.P.Makeyev State Rocket Centre""; JSC ""Makeyev State Rocket Centre""; Joint Stock Company ""State Missile Center named after Akademika V.P. Makeyeva""",,,
"Kurganpribor, JSC",,"Kurganpribor, JSC",entity,出口管制·军工实体(Annex IV),Export control · military end-user (Annex IV),俄罗斯,Russia,2022-12-16,"Local name: Акционерное Общество «Научно-Производственное Объединение «Курганприбор» (АО «НПО «Курганприбор»)；A.k.a: Joint-Stock Company ""Scientific and Production Association ""Kurganpribor""; AO NPO Kurganpribor ｜ Address(es): 640007, Kurgan Oblast, Kurgan, Yastrzhembskogo Str., 41a, Russian Federat",Акционерное Общество «Научно-Производственное Объединение «Курганприбор» (АО «НПО «Курганприбор»),"Joint-Stock Company ""Scientific and Production Association ""Kurganpribor""; AO NPO Kurganpribor","640007, Kurgan Oblast, Kurgan, Yastrzhembskogo Str., 41a, Russian Federat",,
"Ural Optical-Mechanical Plant E.S. Yalamova, JSC",,"Ural Optical-Mechanical Plant E.S. Yalamova, JSC",entity,出口管制·军工实体(Annex IV),Export control · military end-user (Annex IV),俄罗斯,Russia,2023-02-25,"Local name: Акционерное Общество «Производственное объединение «Уральский оптико-механический завод» имени Э. С. Яламова» (АО «ПО «УОМЗ»)；A.k.a: JSC ""Production Association ""Ural Optical and Mechanical Plant"" named after E. S. Yalamov""; JSC ""PA ""UOMP"", AO PO UOMZ ｜ Address(es): 620100, Yekaterinburg",Акционерное Общество «Производственное объединение «Уральский оптико-механический завод» имени Э. С. Яламова» (АО «ПО «УОМЗ»),"JSC ""Production Association ""Ural Optical and Mechanical Plant"" named after E. S. Yalamov""; JSC ""PA ""UOMP"", AO PO UOMZ","620100, Yekaterinburg",,
"Vologda Optical and Mechanical Plant, JSC",,"Vologda Optical and Mechanical Plant, JSC",entity,出口管制·军工实体(Annex IV),Export control · military end-user (Annex IV),俄罗斯,Russia,2023-02-25,"Local name: Акционерное Общество «Вологодский Оптико-Механический Завод» (АО «ВОМЗ»)；A.k.a: Joint Stock Company Vologda Optical and Mechanical Plant; OA VOMZ; JSC VOMP ｜ Address(es): 160009, Vologda Oblast, Vologda, Maltseva Str., 54, Russian Federation Telephone: + 7 817 221-58-15 Website: https://",Акционерное Общество «Вологодский Оптико-Механический Завод» (АО «ВОМЗ»),Joint Stock Company Vologda Optical and Mechanical Plant; OA VOMZ; JSC VOMP,"160009, Vologda Oblast, Vologda, Maltseva Str., 54, Russian Federation",,
Videoglaz Project,,Videoglaz Project,entity,出口管制·军工实体(Annex IV),Export control · military end-user (Annex IV),俄罗斯,Russia,2023-02-25,"Local name: ООО «Видеоглаз Проект»；A.k.a: Limited Liability Company ""Videoglaz Project"" ｜ Address(es): 105118, Moscow, Volnaya Str., 35, Russian Federation; 117041, Moscow, Admiral Rudnev Str., 4, Floor 6, Premises 6, Office 6G Telephone: + 7 (495) 278-09-56 Website: ht",ООО «Видеоглаз Проект»,"Limited Liability Company ""Videoglaz Project""","105118, Moscow, Volnaya Str., 35, Russian Federation; 117041, Moscow, Admiral Rudnev Str., 4, Floor 6, Premises 6, Office 6G",,
"Innovative Underwater Technologies, LLC",,"Innovative Underwater Technologies, LLC",entity,出口管制·军工实体(Annex IV),Export control · military end-user (Annex IV),俄罗斯,Russia,2023-02-25,"Local name: Общество с Ограниченной Ответственностью «Инновационные Подводные Технологии» (ООО «ИПТ»)；A.k.a: IPT LLC; OO IPT ｜ Address(es): 198035, St. Petersburg, Mezhevoy Canal Str., 4, Premises 58A, Russian Federation Telephone: + 7 (812) 713 03 94 Website: https://ipt.spb.ru/ Email: mail@ipt.spb",Общество с Ограниченной Ответственностью «Инновационные Подводные Технологии» (ООО «ИПТ»),IPT LLC; OO IPT,"198035, St. Petersburg, Mezhevoy Canal Str., 4, Premises 58A, Russian Federation",,https://ipt.spb.ru/
Ulyanovsk Mechanical Plant,,Ulyanovsk Mechanical Plant,entity,出口管制·军工实体(Annex IV),Export control · military end-user (Annex IV),俄罗斯,Russia,2023-02-25,"Local name: Акционерное Общество «Ульяновский Механический Завод» (АО «УМЗ»)；A.k.a: Joint Stock Company Ulyanovsk Mechanical Plant; AO UMZ; JSC UMP ｜ Address(es): 432008, Ulyanovsk Oblast, Ulyanovsk, Moskovskoe Shosse, 94, Russian Federation Telephone: + 7 (8422) 40-74-50; + 7 (8422) 42-03-70; + 7 (",Акционерное Общество «Ульяновский Механический Завод» (АО «УМЗ»),Joint Stock Company Ulyanovsk Mechanical Plant; AO UMZ; JSC UMP,"432008, Ulyanovsk Oblast, Ulyanovsk, Moskovskoe Shosse, 94, Russian Federation",,
All-Russian Research Institute of Radio Engineering,,All-Russian Research Institute of Radio Engineering,entity,出口管制·军工实体(Annex IV),Export control · military end-user (Annex IV),俄罗斯,Russia,2023-02-25,"Local name: Акционерное Общество «Всероссийский Научно-Исследовательский Институт Радиотехники» (АО «ВНИИРТ»)；A.k.a: AO VNIIRT, AO Vserossiyskiy Nauchno-Issledovatelskiy Institut Radiotekhniki ｜ Address(es): 105082, Moscow, Bolshaya Pochtovaya Str. 22, Russian Federation Telephone: + 7 499 267-66-04",Акционерное Общество «Всероссийский Научно-Исследовательский Институт Радиотехники» (АО «ВНИИРТ»),"AO VNIIRT, AO Vserossiyskiy Nauchno-Issledovatelskiy Institut Radiotekhniki","105082, Moscow, Bolshaya Pochtovaya Str. 22, Russian Federation",,
"PJSC ""Scientific and Production Association ""Almaz"" named after Academician A.A. Raspletin""",,"PJSC ""Scientific and Production Association ""Almaz"" named after Academician A.A. Raspletin""",entity,出口管制·军工实体(Annex IV),Export control · military end-user (Annex IV),俄罗斯,Russia,2023-02-25,Local name: Публичное Акционерное Общество «Научно-Производственное Объединение «Алмаз» имени Академика А.А.Расплетина» (ПАО «НПО «Алмаз» имени Академика А. А. Расплетина)；A.k.a: NPO Almaz; Almaz Scientific Production Association; JSC NPO Almaz named after A.A. Raspletin; AO NPO Almaz imeni Akademik,Публичное Акционерное Общество «Научно-Производственное Объединение «Алмаз» имени Академика А.А.Расплетина» (ПАО «НПО «Алмаз» имени Академика А. А. Расплетина),NPO Almaz; Almaz Scientific Production Association; JSC NPO Almaz named after A.A. Raspletin; AO NPO Almaz imeni Akademik,,,
OJSC Concern Kizlyar Electro-Mechanical Plant,,OJSC Concern Kizlyar Electro-Mechanical Plant,entity,出口管制·军工实体(Annex IV),Export control · military end-user (Annex IV),俄罗斯,Russia,2023-02-25,"Local name: Акционерное Общество «Концерн Кизлярский Электромеханический Завод» (АО «Концерн КЭМЗ»)；A.k.a: Concern KEMZ, AO Kontsern KEMZ; Joint-Stock Company ""Concern Kizlyar Electromechanical Plant"" ｜ Address(es): 368832, Republic of Dagestan, Kizlyar, Kutuzov Str., 1, Russian Federation Telephone",Акционерное Общество «Концерн Кизлярский Электромеханический Завод» (АО «Концерн КЭМЗ»),"Concern KEMZ, AO Kontsern KEMZ; Joint-Stock Company ""Concern Kizlyar Electromechanical Plant""","368832, Republic of Dagestan, Kizlyar, Kutuzov Str., 1, Russian Federation Telephone",,
"Concern Oceanpribor, JSC",,"Concern Oceanpribor, JSC",entity,出口管制·军工实体(Annex IV),Export control · military end-user (Annex IV),俄罗斯,Russia,2023-02-25,"Local name: Акционерное Общество «Концерн «Океанприбор» (АО «Концерн «Океанприбор»)；A.k.a: AO Kontsern Okeanpribor ｜ Address(es): 197376, St. Petersburg, Chkalovsky Prospekt, 4, Russian Federation; 187341, Leningrad Oblast, Kirovsk, Severnaya Str., 1, Russian Federation; 186734, Republic of Karel",Акционерное Общество «Концерн «Океанприбор» (АО «Концерн «Океанприбор»),AO Kontsern Okeanpribor,"197376, St. Petersburg, Chkalovsky Prospekt, 4, Russian Federation; 187341, Leningrad Oblast, Kirovsk, Severnaya Str., 1, Russian Federation; 186734, Republic of Karel",,
JSC Zelenogradsky Nanotechnology Center,,JSC Zelenogradsky Nanotechnology Center,entity,出口管制·军工实体(Annex IV),Export control · military end-user (Annex IV),俄罗斯,Russia,2023-02-25,"Local name: Акционерное Общество «Зеленоградский Нанотехнологический Центр» (АО «ЗНТЦ»)；A.k.a: AO ZNTC; Joint Stock Company ""Zelenograd Nanotechnology Center"" ｜ Address(es): 124527, Moscow, Zelenograd, Solnechnaya Alleya, 6, Room IX, Office 17, Russian Federation Telephone: + 7 (499) 720 6944; + 7 (",Акционерное Общество «Зеленоградский Нанотехнологический Центр» (АО «ЗНТЦ»),"AO ZNTC; Joint Stock Company ""Zelenograd Nanotechnology Center""","124527, Moscow, Zelenograd, Solnechnaya Alleya, 6, Room IX, Office 17, Russian Federation",,
JSC Elektronstandart Pribor,,JSC Elektronstandart Pribor,entity,出口管制·军工实体(Annex IV),Export control · military end-user (Annex IV),俄罗斯,Russia,2023-02-25,"Local name: Открытое Акционерное Общество «Электроприбор» (ОАО «Электроприбор»)；A.k.a: OJSC Elektropribor ｜ Address(es): 428020, Chuvash Republic - Chuvashia, Cheboksary, I.Y. Yakovlev Prospekt, 3, Russian Federation Telephone: + 7 (8352) 39-99-18, 39-99-71 Website: https://www.elpribor.",Открытое Акционерное Общество «Электроприбор» (ОАО «Электроприбор»),OJSC Elektropribor,"428020, Chuvash Republic - Chuvashia, Cheboksary, I.Y. Yakovlev Prospekt, 3, Russian Federation",,https://www.elpribor
Vest Ost Limited Liability Company,,Vest Ost Limited Liability Company,entity,出口管制·军工实体(Annex IV),Export control · military end-user (Annex IV),俄罗斯,Russia,2023-02-25,"Local name: Общество с Ограниченной Ответственностью «Вест – Ост» (ООО «Вест – Ост»)；A.k.a: OOO Vest Ost; West Ost Company ｜ Address(es): 620107, Sverdlovsk Oblast, Yekaterinburg, Gotvalda Str., 21, Building 2, Premises 17, Russian Federation Registration number: 6670249749 (Tax ID/INN)",Общество с Ограниченной Ответственностью «Вест – Ост» (ООО «Вест – Ост»),OOO Vest Ost; West Ost Company,"620107, Sverdlovsk Oblast, Yekaterinburg, Gotvalda Str., 21, Building 2, Premises 17, Russian Federation",6670249749 (Tax ID/INN),
Trade-Component LLC,,Trade-Component LLC,entity,出口管制·军工实体(Annex IV),Export control · military end-user (Annex IV),俄罗斯,Russia,2023-02-25,"Local name: Общество с Ограниченной Ответственностью «Трейд-Компонент» (ООО «Трейд-Компонен»)；A.k.a: OOO Tried-Komponent; OOO Treyd-Komponent ｜ Address(es): 127055, Moscow, Tihvinskii Pereulok, 11, Building 2, Room 29, Russian Federation Telephone: + 7 916 858-78-51; + 7 495 280-15-12 Website: http:",Общество с Ограниченной Ответственностью «Трейд-Компонент» (ООО «Трейд-Компонен»),OOO Tried-Komponent; OOO Treyd-Komponent,"127055, Moscow, Tihvinskii Pereulok, 11, Building 2, Room 29, Russian Federation",,
Radiant Electronic Components JSC,,Radiant Electronic Components JSC,entity,出口管制·军工实体(Annex IV),Export control · military end-user (Annex IV),俄罗斯,Russia,2023-02-25,"Local name: Акционерное Общество «Радиант-ЭК» (АО «Радиант-ЭК»)；A.k.a: AO Radiant-EK ｜ Address(es): 117246, Moscow, Profsoyuznaya Str., 65, Building 1, Russian Federation; 196006, St. Petersburg, Tashkentskaya Str. 1, Building A, Room 30N, Business Centre ""Davidov"", ",Акционерное Общество «Радиант-ЭК» (АО «Радиант-ЭК»),AO Radiant-EK,"117246, Moscow, Profsoyuznaya Str., 65, Building 1, Russian Federation; 196006, St. Petersburg, Tashkentskaya Str. 1, Building A, Room 30N, Business Centre ""Davidov""",,
JSC ICC Milandr,,JSC ICC Milandr,entity,出口管制·军工实体(Annex IV),Export control · military end-user (Annex IV),俄罗斯,Russia,2023-02-25,"Local name: Акционерное Общество «ПКК Миландр» (АО «ПКК Миландр»)；A.k.a: Milandr EK OOO; Milandr ICC JSC; Milur IS, OOO; Mikroelectronic Production Complex (MPK) Milandr; AO PLL Milandr ｜ Address(es): 124498, Moscow, Zelenograd, Georgievskiy Prospekt, 5, Russian Federation Telephone: + 7 (495) 981-5",Акционерное Общество «ПКК Миландр» (АО «ПКК Миландр»),"Milandr EK OOO; Milandr ICC JSC; Milur IS, OOO; Mikroelectronic Production Complex (MPK) Milandr; AO PLL Milandr","124498, Moscow, Zelenograd, Georgievskiy Prospekt, 5, Russian Federation",,
SMT iLogic LLC,,SMT iLogic LLC,entity,出口管制·军工实体(Annex IV),Export control · military end-user (Annex IV),俄罗斯,Russia,2023-02-25,"Local name: Общество с Ограниченной Ответственностью «СМТ-Айлогик» (ООО «СМТ-Айлогик»)；A.k.a: SMT-iLogic, SMT-Ailogic; SMT Aylogik ｜ Address(es): 195220, St. Petersburg, Nepokorennykh Prospekt, 17, Building 4, Letter B, Room 5-N, Russian Federation Telephone: + 7 981 893-20-01; + 7 812 244-33-13 Web",Общество с Ограниченной Ответственностью «СМТ-Айлогик» (ООО «СМТ-Айлогик»),"SMT-iLogic, SMT-Ailogic; SMT Aylogik","195220, St. Petersburg, Nepokorennykh Prospekt, 17, Building 4, Letter B, Room 5-N, Russian Federation",,
Device Consulting,,Device Consulting,entity,出口管制·军工实体(Annex IV),Export control · military end-user (Annex IV),俄罗斯,Russia,2023-02-25,"Local name: Общество с Ограниченной Ответственностью «Девайс Консалтинг» (ООО «Девайс Консалтинг»)；A.k.a: Limited Liability Company Device Consulting; OOO Devais Konsalting ｜ 197348, St. Petersburg, Aerodromnaya Str., 6, Letter A, Room 45, Russian Federation Telephone: + 8 (800) 777-18-79 Website: h",Общество с Ограниченной Ответственностью «Девайс Консалтинг» (ООО «Девайс Консалтинг»),Limited Liability Company Device Consulting; OOO Devais Konsalting,,,
Concern Radio-Electronic Technologies,,Concern Radio-Electronic Technologies,entity,出口管制·军工实体(Annex IV),Export control · military end-user (Annex IV),俄罗斯,Russia,2023-02-25,"Local name: Акционерное Общество «Концерн Радиоэлектронные Технологии» (АО «КРЭТ»)；A.k.a: Joint Stock Company Concern Radio-Electronic Technologies; AO KRET ｜ Address(es): 109240, Moscow, Goncharnaya Str., 20/1, Building 1, Russian Federation Telephone: + 7 (495) 587-70-7 Website: https://kret.com E",Акционерное Общество «Концерн Радиоэлектронные Технологии» (АО «КРЭТ»),Joint Stock Company Concern Radio-Electronic Technologies; AO KRET,"109240, Moscow, Goncharnaya Str., 20/1, Building 1, Russian Federation",,
"Technodinamika, JSC",,"Technodinamika, JSC",entity,出口管制·军工实体(Annex IV),Export control · military end-user (Annex IV),俄罗斯,Russia,2023-02-25,"Local name: Акционерное Общество «Технодинамика» (АО «Технодинамика»)；A.k.a: AO Tekhnodinamika, JSC Aviation Equipment, JSC Technodynamics ｜ Address(es): 115184, Moscow, Bolshaya Tatarskaya Str., 35, Building 5, Russian Federation Telephone: + 7 (495) 627-10-99 Website: https://technodinamika.ru/ Em",Акционерное Общество «Технодинамика» (АО «Технодинамика»),"AO Tekhnodinamika, JSC Aviation Equipment, JSC Technodynamics","115184, Moscow, Bolshaya Tatarskaya Str., 35, Building 5, Russian Federation",,https://technodinamika.ru/ Em
"OOO ""Unitek""",,"OOO ""Unitek""",entity,出口管制·军工实体(Annex IV),Export control · military end-user (Annex IV),俄罗斯,Russia,2023-02-25,"Local name: Общество с Ограниченной Ответственностью «Юнитек» (ООО «Юнитек»)；A.k.a: Unitek LLC, Limited Liability Company ""Unitech""; OOO Yunitek ｜ Address(es): 121596, Moscow, Gorbunova Str., 2, Building 3, Premises 238, Russian Federation Telephone: + 7 496 547-35-05; + 7 916 537-78-16 Registration",Общество с Ограниченной Ответственностью «Юнитек» (ООО «Юнитек»),"Unitek LLC, Limited Liability Company ""Unitech""; OOO Yunitek","121596, Moscow, Gorbunova Str., 2, Building 3, Premises 238, Russian Federation",,
Closed Joint Stock Company TPK Linkos,,Closed Joint Stock Company TPK Linkos,entity,出口管制·军工实体(Annex IV),Export control · military end-user (Annex IV),俄罗斯,Russia,2023-02-25,"Local name: Закрытое Акционерное Общество «Технологический Парк Космонавтики «Линкос» (ЗАО «ТПК «Линкос»)；A.k.a: Linkos Space Technology Park Company; ZAO TPK Linkos; Closed Joint Stock Company ""Technological Park of Cosmonautics ""Linkos"" ｜ Address(es): 142172, Moscow, Shcherbinka, Dorozhnaya Str., ",Закрытое Акционерное Общество «Технологический Парк Космонавтики «Линкос» (ЗАО «ТПК «Линкос»),"Linkos Space Technology Park Company; ZAO TPK Linkos; Closed Joint Stock Company ""Technological Park of Cosmonautics ""Linkos""","142172, Moscow, Shcherbinka, Dorozhnaya Str",,
"Closed Joint Stock Company TPK Linkos, Subdivision in Astrakhan",,"Closed Joint Stock Company TPK Linkos, Subdivision in Astrakhan",entity,出口管制·军工实体(Annex IV),Export control · military end-user (Annex IV),俄罗斯,Russia,2023-02-25,"Local name: Закрытое Акционерное Общество «Технологический Парк Космонавтики «Линкос» - Филиал в Ахтубинске ｜ Address(es): Astrakhan Oblast, Akhtubinsk, Velichko Str. 6, Russian Federation Website: www.linkos-tcp.ru Telephone: + 7 906 455-48-10; + 7 499 944-24-53; + 7 495 780-68-56",Закрытое Акционерное Общество «Технологический Парк Космонавтики «Линкос» - Филиал в Ахтубинске,,"Astrakhan Oblast, Akhtubinsk, Velichko Str. 6, Russian Federation",,http://www.linkos-tcp.ru
Design and Manufacturing of Aircraft Engines (DAMA),Design and Manufacturing of Aircraft Engines,DAMA,entity,出口管制·军工实体(Annex IV),Export control · military end-user (Annex IV),伊朗,Iran,2023-02-25,"Local name: طراحی و ساخت موتور هواپیما；A.k.a: Iranian Turbine Manufacturing Industries; Design and Manufacturing of Aero-Engine Company; Turbine Engine Manufacturing Co. ｜ Address(es): Shishesh Mina Street, Karaj Special Road, Tehran, Islamic Republic of Iran Registration number: 14005160213 (ID)",طراحی و ساخت موتور هواپیما,Iranian Turbine Manufacturing Industries; Design and Manufacturing of Aero-Engine Company; Turbine Engine Manufacturing Co,"Shishesh Mina Street, Karaj Special Road, Tehran, Islamic Republic of Iran",14005160213 (ID),
Islamic Revolutionary Guard Corps Aerospace Force,,Islamic Revolutionary Guard Corps Aerospace Force,entity,出口管制·军工实体(Annex IV),Export control · military end-user (Annex IV),伊朗,Iran,2023-02-25,"Local name: نیروی هوافضای سپاه پاسداران انقلاب اسلامی；A.k.a: IRGC-ASF; Aerospace Division of IRGC; Aerospace Force of the Army of the Guardians of the Islamic Revolution; AFAGIR; Air Force, IRGC; IRGC Aerospace Force; IRGC Air Force; IRGCAFSepah Pasdaran Air Force ｜ Address(es): Damavand Tehran High",نیروی هوافضای سپاه پاسداران انقلاب اسلامی,"IRGC-ASF; Aerospace Division of IRGC; Aerospace Force of the Army of the Guardians of the Islamic Revolution; AFAGIR; Air Force, IRGC; IRGC Aerospace Force; IRGC Air Force; IRGCAFSepah Pasdaran Air Force",Damavand Tehran High,,
Islamic Revolutionary Guard Corps Research and Self-Sufficiency Jihad Organization (IRGC SSJO),Islamic Revolutionary Guard Corps Research and Self-Sufficiency Jihad Organization,IRGC SSJO,entity,出口管制·军工实体(Annex IV),Export control · military end-user (Annex IV),伊朗,Iran,2023-02-25,"Local name: سازمان تحقیقات و جهادخودکفایی سپاه پاسداران · سازمان جهاد خودکفایی و تحقیقات سپاه ｜ Address(es): Teheran and Isfahan, Islamic Republic of Iran Registration number: 5083678967 (ID)",سازمان تحقیقات و جهادخودکفایی سپاه پاسداران · سازمان جهاد خودکفایی و تحقیقات سپاه,,"Teheran and Isfahan, Islamic Republic of Iran",5083678967 (ID),
Oje Parvaz Mado Nafar Company (Mado),Oje Parvaz Mado Nafar Company,Mado,entity,出口管制·军工实体(Annex IV),Export control · military end-user (Annex IV),伊朗,Iran,2023-02-25,"Local name: شرکت اوج پرواز ما دو نفر；A.k.a: Mado; Owj Parvaz Mado Nafar Company LLC; Oje Parvaz Mado Nafar Co ｜ Address(es): Qom, No. 1106, 11 Hemmat Corner, Hemmat Square, Hemmat Boulevard, Shokuhieh Industrial Town, Qom Province, 3718116354, Islamic Republic of Iran Registration number: 10",شرکت اوج پرواز ما دو نفر,Mado; Owj Parvaz Mado Nafar Company LLC; Oje Parvaz Mado Nafar Co,"Qom, No. 1106, 11 Hemmat Corner, Hemmat Square, Hemmat Boulevard, Shokuhieh Industrial Town, Qom Province, 3718116354, Islamic Republic of Iran",10,
Paravar Pars Company,,Paravar Pars Company,entity,出口管制·军工实体(Annex IV),Export control · military end-user (Annex IV),伊朗,Iran,2023-02-25,Local name: شرکت پراور پارس；A.k.a: Paravar Pars Aerospace Research and Engineering Services; Paravar Pars Aerospace Research Institute; Paravar Pars Engineering and Services Aerospace Research Company; Paravar Pars; ParavarPars; Pravarpars Engineering Research and Design Company ｜ Address(es): 13 km,شرکت پراور پارس,Paravar Pars Aerospace Research and Engineering Services; Paravar Pars Aerospace Research Institute; Paravar Pars Engineering and Services Aerospace Research Company; Paravar Pars; ParavarPars; Pravarpars Engineering Research and Design Company,13 km,,
Qods Aviation Industries,,Qods Aviation Industries,entity,出口管制·军工实体(Annex IV),Export control · military end-user (Annex IV),伊朗,Iran,2023-02-25,"Local name: شرکت صنایع هوایی قدس · صنایع هوایی قدس；A.k.a: Qods Aeronautics Industries; Company for Designing and Manufacturing Light Aircraft; Ghods Aviation Industries ｜ Address(es): Unit (or Suite) 207, Saleh Blvd, Tehran, Islamic Republic of Iran; Unit 207, Tarajit Maydane Taymori (or Teimori) Sq",شرکت صنایع هوایی قدس · صنایع هوایی قدس,Qods Aeronautics Industries; Company for Designing and Manufacturing Light Aircraft; Ghods Aviation Industries,"Unit (or Suite) 207, Saleh Blvd, Tehran, Islamic Republic of Iran; Unit 207, Tarajit Maydane Taymori (or Teimori) Sq",,
Shahed Aviation Industries,,Shahed Aviation Industries,entity,出口管制·军工实体(Annex IV),Export control · military end-user (Annex IV),伊朗,Iran,2023-02-25,"Local name: صنایع هوایی شاهد · مرکز تحقیقات صنایع هوایی شاهد；A.k.a: Shahed Aviation Industries Research Centre ｜ Address(es): Shahid Lavi Street, Sajad Street, Isfahan, Islamic Republic of Iran Website: www.shahedaviation.com",صنایع هوایی شاهد · مرکز تحقیقات صنایع هوایی شاهد,Shahed Aviation Industries Research Centre,"Shahid Lavi Street, Sajad Street, Isfahan, Islamic Republic of Iran",,http://www.shahedaviation.com
Concern Morinformsystem–Agat,,Concern Morinformsystem–Agat,entity,出口管制·军工实体(Annex IV),Export control · military end-user (Annex IV),俄罗斯,Russia,2023-02-25,"Local name: Акционерное Общество «Концерн «Моринформсистема – Агат» (АО «Концерн «Моринсис – Агат»)；A.k.a: Morinsis-Agat Concern JSC; JSC Kontsern Morinformsistema Agat; AO Kontsern Morinsis-agat ｜ Address(es): 105275, Moscow, Shosse Entuziastov, 29, Russian Federation Telephone: + 7 (495) 673-4063 ",Акционерное Общество «Концерн «Моринформсистема – Агат» (АО «Концерн «Моринсис – Агат»),Morinsis-Agat Concern JSC; JSC Kontsern Morinformsistema Agat; AO Kontsern Morinsis-agat,"105275, Moscow, Shosse Entuziastov, 29, Russian Federation",,
AO Papilon,,AO Papilon,entity,出口管制·军工实体(Annex IV),Export control · military end-user (Annex IV),俄罗斯,Russia,2023-02-25,"Local name: Акционерное Общество «Папилон» (АО «Папилон»)；A.k.a: Aktsionernoe Obshchestvo Papilon ｜ Address(es): 456320, Chelyabinsk Oblast, Miass, Makeeva Prospekt, 48, Russian Federation; 117418, Moscow, Novocheremushkinskaya Str., 63, Building 1, Russian Federation Telephone: ",Акционерное Общество «Папилон» (АО «Папилон»),Aktsionernoe Obshchestvo Papilon,"456320, Chelyabinsk Oblast, Miass, Makeeva Prospekt, 48, Russian Federation; 117418, Moscow, Novocheremushkinskaya Str., 63, Building 1, Russian Federation",,
IT-Papillon OOO,,IT-Papillon OOO,entity,出口管制·军工实体(Annex IV),Export control · military end-user (Annex IV),俄罗斯,Russia,2023-02-25,"Local name: Общество с Ограниченной Ответственностью «Информационные технологии Папилон» (ООО «ИТ-Папилон»)；A.k.a: Papillon Information Technologies LLC ｜ Address(es): 456320, Chelyabinsk Oblast, Miass, Makeeva Prospekt, 48, Premises 222, Russian Federation Telephone: + 7 (3513) 54-64-33; + 7 (495) ",Общество с Ограниченной Ответственностью «Информационные технологии Папилон» (ООО «ИТ-Папилон»),Papillon Information Technologies LLC,"456320, Chelyabinsk Oblast, Miass, Makeeva Prospekt, 48, Premises 222, Russian Federation",,
OOO Adis,,OOO Adis,entity,出口管制·军工实体(Annex IV),Export control · military end-user (Annex IV),俄罗斯,Russia,2023-02-25,"Local name: Общество с Ограниченной Ответственностью «Адис» (ООО «Адис»)；A.k.a: Adis LLC ｜ Address(es): 456320, Chelyabinsk Oblast, Miass, Makeeva Prospekt, 48, Russian Federation Telephone: + 7 (3513) 54-65-88 Registration number: 7415068591 (Tax ID/INN)",Общество с Ограниченной Ответственностью «Адис» (ООО «Адис»),Adis LLC,"456320, Chelyabinsk Oblast, Miass, Makeeva Prospekt, 48, Russian Federation",7415068591 (Tax ID/INN),
Papilon Systems Limited Liability Company,,Papilon Systems Limited Liability Company,entity,出口管制·军工实体(Annex IV),Export control · military end-user (Annex IV),俄罗斯,Russia,2023-02-25,"Local name: Общество с Ограниченной Ответственностью «Системы Папилон» (ООО «Системы Папилон»)；A.k.a: OOO Sistemy Papilon ｜ Address(es): 456320, Chelyabinsk Oblast, Miass, Makeeva Prospekt, 48, Russian Federation Telephone: + 7 351 352-04-31; + 7 351 354-65-88 Website: https://www.papillon.ru/ Email",Общество с Ограниченной Ответственностью «Системы Папилон» (ООО «Системы Папилон»),OOO Sistemy Papilon,"456320, Chelyabinsk Oblast, Miass, Makeeva Prospekt, 48, Russian Federation",,https://www.papillon.ru/ Email
Advanced Research Foundation,,Advanced Research Foundation,entity,出口管制·军工实体(Annex IV),Export control · military end-user (Annex IV),俄罗斯,Russia,2023-02-25,"Local name: Фонд Перспективных Исследований (ФПИ)；A.k.a: Russian Foundation for Advanced Research Projects; Fond Perspektivnykh Issledovaniy; FPI ｜ Address(es): 121059, Moscow, Berezhkovskaya Embankment, 22, Building 3, Russian Federation Telephone: + 7 (499) 418-00-25 Website: https://www.fpi.gov.r",Фонд Перспективных Исследований (ФПИ),Russian Foundation for Advanced Research Projects; Fond Perspektivnykh Issledovaniy; FPI,"121059, Moscow, Berezhkovskaya Embankment, 22, Building 3, Russian Federation",,
Federal Service for MilitaryTechnical Cooperation,,Federal Service for MilitaryTechnical Cooperation,entity,出口管制·军工实体(Annex IV),Export control · military end-user (Annex IV),俄罗斯,Russia,2023-02-25,"Local name: Федеральная Служба по Военно-Техническому Сотрудничеству (ФСВТС России)；A.k.a: Federalnaya Sluzhba po VoennoTekhnicheskomu Sotrudnishestvu, FSMTC, FSVTS, FSVTS Rossii ｜ Address(es): 115324, Moscow, Ovchinnikovskaya Embankment, 18/1, Russian Federation Telephone: + 8 (495) 950-98-08 Websi",Федеральная Служба по Военно-Техническому Сотрудничеству (ФСВТС России),"Federalnaya Sluzhba po VoennoTekhnicheskomu Sotrudnishestvu, FSMTC, FSVTS, FSVTS Rossii","115324, Moscow, Ovchinnikovskaya Embankment, 18/1, Russian Federation",,
Federal State Budgetary Scientific Institution Research and Production Complex Technology Center,,Federal State Budgetary Scientific Institution Research and Production Complex Technology Center,entity,出口管制·军工实体(Annex IV),Export control · military end-user (Annex IV),俄罗斯,Russia,2023-02-25,Local name: Федеральное Государственное Бюджетное Научное Учреждение «Научно-Производственный Комплекс «Технологический Центр» (НПК «Технологический Центр»)；A.k.a: Federalnoe Gosudarstvennoe Byudzhetnoe Nauchnoe Uchrezhdenie Nauchno-Proizvodstvenny Kompleks Tekhnologicheskiy Tsentr; NPK Technologica,Федеральное Государственное Бюджетное Научное Учреждение «Научно-Производственный Комплекс «Технологический Центр» (НПК «Технологический Центр»),Federalnoe Gosudarstvennoe Byudzhetnoe Nauchnoe Uchrezhdenie Nauchno-Proizvodstvenny Kompleks Tekhnologicheskiy Tsentr; NPK Technologica,,,
Federal State Institution Federal Scientific Center Scientific Research Institute for System Analysis of the Russian Academy of Sciences,,Federal State Institution Federal Scientific Center Scientific Research Institute for System Analysis of the Russian Academy of Sciences,entity,出口管制·军工实体(Annex IV),Export control · military end-user (Annex IV),俄罗斯,Russia,2023-02-25,Local name: Федеральное государственное учреждение «Федеральный научный центр Научно-исследовательский институт системных исследований Российской академии наук» (ФГУ ФНЦ НИИСИ РАН)；A.k.a: Federalnoe Gosudarstvennoe Uchrezhdenie Federalnyy Nauchnyy Tsentr NauchnoIssledovatelskiy Institut Sistemnykh I,Федеральное государственное учреждение «Федеральный научный центр Научно-исследовательский институт системных исследований Российской академии наук» (ФГУ ФНЦ НИИСИ РАН),Federalnoe Gosudarstvennoe Uchrezhdenie Federalnyy Nauchnyy Tsentr NauchnoIssledovatelskiy Institut Sistemnykh I,,,
Joint Stock Company All-Russian Research Institute Signal,,Joint Stock Company All-Russian Research Institute Signal,entity,出口管制·军工实体(Annex IV),Export control · military end-user (Annex IV),俄罗斯,Russia,2023-02-25,"Local name: Акционерное Общество «Всероссийский Научно-Исследовательский Институт «Сигнал» (АО «ВНИИ «Сигнал»)；A.k.a: AO Vserossiyskiy NauchnoIssledovatelskiy Institut Signal, AO VNII Signal, JSC VNII Signal, OJSC All-Russian Research Institute Signal ｜ Address(es): 601903, Vladimir Oblast, Kovrov, ",Акционерное Общество «Всероссийский Научно-Исследовательский Институт «Сигнал» (АО «ВНИИ «Сигнал»),"AO Vserossiyskiy NauchnoIssledovatelskiy Institut Signal, AO VNII Signal, JSC VNII Signal, OJSC All-Russian Research Institute Signal","601903, Vladimir Oblast, Kovrov",,
Joint Stock Company Center of Research and Technology Services Dinamika,,Joint Stock Company Center of Research and Technology Services Dinamika,entity,出口管制·军工实体(Annex IV),Export control · military end-user (Annex IV),俄罗斯,Russia,2023-02-25,"Local name: Акционерное Общество «Центр Научно-Технических Услуг «Динамика» (АО ЦНТУ «Динамика»)；A.k.a: AO TSNTU Dinamika, AO Tsentr NauchnoTekhnicheskikh Uslug Dinamika, JSC Center for Scientific and Technical Services Dinamika. ｜ Address(es): 140184, Moscow Oblast, Zhukovsky, Shkolnaya Str., 9/18,",Акционерное Общество «Центр Научно-Технических Услуг «Динамика» (АО ЦНТУ «Динамика»),"AO TSNTU Dinamika, AO Tsentr NauchnoTekhnicheskikh Uslug Dinamika, JSC Center for Scientific and Technical Services Dinamika","140184, Moscow Oblast, Zhukovsky, Shkolnaya Str., 9/18",,
Joint Stock Company Concern Avtomatika,,Joint Stock Company Concern Avtomatika,entity,出口管制·军工实体(Annex IV),Export control · military end-user (Annex IV),俄罗斯,Russia,2023-02-25,"Local name: Акционерное Общество «Концерн «Автоматика» (АО «Концерн «Автоматика»)；A.k.a: AO Kontsern Avtomatika, JSC Concern Automation, OJSC Kontsern Avtomatika ｜ Address(es): 127106, Moscow, Botanicheskaya Str. 25, Russian Federation Telephone: + 7 (495) 250-33-33 Website: https://www.ao-avtomatik",Акционерное Общество «Концерн «Автоматика» (АО «Концерн «Автоматика»),"AO Kontsern Avtomatika, JSC Concern Automation, OJSC Kontsern Avtomatika","127106, Moscow, Botanicheskaya Str. 25, Russian Federation",,
Joint Stock Company Design Center Soyuz,,Joint Stock Company Design Center Soyuz,entity,出口管制·军工实体(Annex IV),Export control · military end-user (Annex IV),俄罗斯,Russia,2023-02-25,"Local name: Акционерное Общество «Дизайн Центр «Союз» (АО «Дизайн Центр «Союз»)；A.k.a: AO Dizain Tsentr Soyuz ｜ Address(es): 124482, Moscow, Zelenograd, Konstruktora Lukina Str., 14, Building 1, Russian Federation; 124681, Moscow, Zelenograd, Building 100, Room 205, Russian Federation Teleph",Акционерное Общество «Дизайн Центр «Союз» (АО «Дизайн Центр «Союз»),AO Dizain Tsentr Soyuz,"124482, Moscow, Zelenograd, Konstruktora Lukina Str., 14, Building 1, Russian Federation; 124681, Moscow, Zelenograd, Building 100, Room 205, Russian Federation Teleph",,
Joint Stock Company Design Technology Center Elektronika,,Joint Stock Company Design Technology Center Elektronika,entity,出口管制·军工实体(Annex IV),Export control · military end-user (Annex IV),俄罗斯,Russia,2023-02-25,"Local name: Акционерное Общество «Конструкторско-Технологический Центр «Электроника» (АО «КТЦ «Электроника»)；A.k.a: AO KTTs Elektronika, AO KonstruktorskoTekhnologicheskiy Tsentr Elektronika, JSC Electronics EDC, JSC Electronics Engineering and Design Center, JSC Elektronika Engineering and Design C",Акционерное Общество «Конструкторско-Технологический Центр «Электроника» (АО «КТЦ «Электроника»),"AO KTTs Elektronika, AO KonstruktorskoTekhnologicheskiy Tsentr Elektronika, JSC Electronics EDC, JSC Electronics Engineering and Design Center, JSC Elektronika Engineering and Design C",,,
Joint Stock Company Institute for Scientific Research Microelectronic Equipment Progress,,Joint Stock Company Institute for Scientific Research Microelectronic Equipment Progress,entity,出口管制·军工实体(Annex IV),Export control · military end-user (Annex IV),俄罗斯,Russia,2023-02-25,"Local name: Акционерное Общество «Научно-Исследовательский Институт Микроэлектронной Аппаратуры «Прогресс» (АО «НИИМА «Прогресс»)；A.k.a: AO NIIMA Progress, Microelectronics Research Institute Progress JSC, Nauchno-Issledovatelskiy Institut Mikroelektronnoiy Apparatury Progress, Progress MRI JSC ｜ Ad",Акционерное Общество «Научно-Исследовательский Институт Микроэлектронной Аппаратуры «Прогресс» (АО «НИИМА «Прогресс»),"AO NIIMA Progress, Microelectronics Research Institute Progress JSC, Nauchno-Issledovatelskiy Institut Mikroelektronnoiy Apparatury Progress, Progress MRI JSC",,,
Joint Stock Company Machine-Building Engineering Office Fakel Named After Akademika P.D. Grushina,,Joint Stock Company Machine-Building Engineering Office Fakel Named After Akademika P.D. Grushina,entity,出口管制·军工实体(Annex IV),Export control · military end-user (Annex IV),俄罗斯,Russia,2023-02-25,"Local name: Акционерное Общество «Машиностроительное Конструкторское Бюро «Факел» Имени Академика П.Д.Грушина» (АО «МКБ «Факел»)；A.k.a: AO MKB Fakel, Engineering Design Bureau Fakel, JSC EBD Fakel; Mashinostroitelnoe Konstruktorskoe Byuro Fakel imeni Akademika P.D. Grushina; Joint Stock Company ""Mac",Акционерное Общество «Машиностроительное Конструкторское Бюро «Факел» Имени Академика П.Д.Грушина» (АО «МКБ «Факел»),"AO MKB Fakel, Engineering Design Bureau Fakel, JSC EBD Fakel; Mashinostroitelnoe Konstruktorskoe Byuro Fakel imeni Akademika P.D. Grushina; Joint Stock Company ""Mac",,,
Joint Stock Company North Western Regional Center of Almaz Antey Concern Obukhovsky Plant,,Joint Stock Company North Western Regional Center of Almaz Antey Concern Obukhovsky Plant,entity,出口管制·军工实体(Annex IV),Export control · military end-user (Annex IV),俄罗斯,Russia,2023-02-25,"Local name: Акционерное Общество «Северо-Западный Региональный Центр Концерна ВКО «Алмаз-Антей» - Обуховский Завод» (АО «Обуховский Завод»)；A.k.a: AO GOZ, AO Severo-Zapadny Regionalny Tsentr Kontserna VKO Almaz-Antei Obukhovsky Zavod, JSC GOZ Obukhov Plant, AO Obukhovsky Zavod, JSC SOP Obukhovskiy P",Акционерное Общество «Северо-Западный Региональный Центр Концерна ВКО «Алмаз-Антей» - Обуховский Завод» (АО «Обуховский Завод»),"AO GOZ, AO Severo-Zapadny Regionalny Tsentr Kontserna VKO Almaz-Antei Obukhovsky Zavod, JSC GOZ Obukhov Plant, AO Obukhovsky Zavod, JSC SOP Obukhovskiy P",,,
Joint Stock Company Obninsk Research and Production Enterprise Technologiya Named After A.G. Romashin,,Joint Stock Company Obninsk Research and Production Enterprise Technologiya Named After A.G. Romashin,entity,出口管制·军工实体(Annex IV),Export control · military end-user (Annex IV),俄罗斯,Russia,2023-02-25,"Local name: Акционерное Общество «Обнинское Научно-Производственное Предприятие «Технология» им. А.Г.Ромашина» (АО «ОНПП «Технология» им. А.Г.Ромашина»)；A.k.a: AO Obninskoe NPP Tekhnologiya IM. A.G. Romashina, AO ONPP Tekhnologiya im. A.G. Romashina, JSC ORPE Technology Named After A.G. Romashin ｜ A",Акционерное Общество «Обнинское Научно-Производственное Предприятие «Технология» им. А.Г.Ромашина» (АО «ОНПП «Технология» им. А.Г.Ромашина»),"AO Obninskoe NPP Tekhnologiya IM. A.G. Romashina, AO ONPP Tekhnologiya im. A.G. Romashina, JSC ORPE Technology Named After A.G. Romashin",,,
Joint Stock Company Penza Electrotechnical Research Institute,,Joint Stock Company Penza Electrotechnical Research Institute,entity,出口管制·军工实体(Annex IV),Export control · military end-user (Annex IV),俄罗斯,Russia,2023-02-25,"Local name: Акционерное Общество «Пензенский Научно-Исследовательский Электротехнический Институт» (АО «ПНИЭИ»)；A.k.a: AO Penzenskiy NauchnoIssledovatelskiy Elektrotekhnicheskiy Institut, JSC Penza, JSC PNIEI ｜ Address(es): 440026, Penza Oblast, Penza, Sovetskaya Str., 9, Russian Federation Telephon",Акционерное Общество «Пензенский Научно-Исследовательский Электротехнический Институт» (АО «ПНИЭИ»),"AO Penzenskiy NauchnoIssledovatelskiy Elektrotekhnicheskiy Institut, JSC Penza, JSC PNIEI","440026, Penza Oblast, Penza, Sovetskaya Str., 9, Russian Federation Telephon",,
Joint Stock Company Production Association Sever,,Joint Stock Company Production Association Sever,entity,出口管制·军工实体(Annex IV),Export control · military end-user (Annex IV),俄罗斯,Russia,2023-02-25,"Local name: Акционерное Общество «Производственное Объединение «Север» (АО «ПО «Север»)；A.k.a: AO PO Sever; JSC PA North; Proizvodstvennoe Obedinenie Sever ｜ Address(es): 630020, Novosibirsk Oblast, Novosibirsk, Obedineniya Str., 3, Russian Federation Telephone: + 7 (383) 27-44-500 Website: https://",Акционерное Общество «Производственное Объединение «Север» (АО «ПО «Север»),AO PO Sever; JSC PA North; Proizvodstvennoe Obedinenie Sever,"630020, Novosibirsk Oblast, Novosibirsk, Obedineniya Str., 3, Russian Federation",,
Joint Stock Company Research Center ELINS,,Joint Stock Company Research Center ELINS,entity,出口管制·军工实体(Annex IV),Export control · military end-user (Annex IV),俄罗斯,Russia,2023-02-25,"Local name: Акционерное Общество «Научно-Технический Центр ЭЛИНС» (АО «НТЦ ЭЛИНС»)；A.k.a: AO Nauchnyy Tsentr ELINS; ELINS STC JSC; AO NTs ELINS; JSC Scientific and Technical Center ELINS; NTTS ELINS; Scientific-Technical Center ELINS; CJSC NTC Elins ｜ Address(es): 124460, Moscow, Zelenograd, Panfilo",Акционерное Общество «Научно-Технический Центр ЭЛИНС» (АО «НТЦ ЭЛИНС»),AO Nauchnyy Tsentr ELINS; ELINS STC JSC; AO NTs ELINS; JSC Scientific and Technical Center ELINS; NTTS ELINS; Scientific-Technical Center ELINS; CJSC NTC Elins,"124460, Moscow, Zelenograd, Panfilo",,
Joint Stock Company Research and Production Association of Measuring Equipment,,Joint Stock Company Research and Production Association of Measuring Equipment,entity,出口管制·军工实体(Annex IV),Export control · military end-user (Annex IV),俄罗斯,Russia,2023-02-25,"Local name: Акционерное Общество «Научно-Производственное Объединение Измерительной Техники» (АО «НПО ИТ»)；A.k.a: AO NPO IT; AO Nauchno Proizvodstvennoe Obedinenie Izmeritelnoi Tekhniki, JSC NPO IT ｜ Address(es): 141074, Moscow Oblast, Korolev, Pionerskaya Str., 2, Building 4, Floor 2, Office 344, R",Акционерное Общество «Научно-Производственное Объединение Измерительной Техники» (АО «НПО ИТ»),"AO NPO IT; AO Nauchno Proizvodstvennoe Obedinenie Izmeritelnoi Tekhniki, JSC NPO IT","141074, Moscow Oblast, Korolev, Pionerskaya Str., 2, Building 4, Floor 2, Office 344, R",,
Joint Stock Company Research and Production Enterprise Radar MMS,,Joint Stock Company Research and Production Enterprise Radar MMS,entity,出口管制·军工实体(Annex IV),Export control · military end-user (Annex IV),俄罗斯,Russia,2023-02-25,"Local name: Акционерное Общество «Научно-Производственное Предприятие «Радар ММС» (АО «НПП «Радар ММС»)；A.k.a: AO Nauchno-Proizvodstvennoe Predpriyatie Radar MMS; JSC Radar MMS; NPP Radar MMS; Scientific Production Association Radar MMS JSC ｜ Address(es): 197375, St. Petersburg, Novoselkovskaya Str.",Акционерное Общество «Научно-Производственное Предприятие «Радар ММС» (АО «НПП «Радар ММС»),AO Nauchno-Proizvodstvennoe Predpriyatie Radar MMS; JSC Radar MMS; NPP Radar MMS; Scientific Production Association Radar MMS JSC,"197375, St. Petersburg, Novoselkovskaya Str",,
Joint Stock Company Research and Production Enterprise Sapfir,,Joint Stock Company Research and Production Enterprise Sapfir,entity,出口管制·军工实体(Annex IV),Export control · military end-user (Annex IV),俄罗斯,Russia,2023-02-25,"Local name: Акционерное Общество «Научно-Производственное Предприятие «Сапфир» (АО «НПП «Сапфир»)；A.k.a: AO NPP Sapfir; AO Nauchno-Proizvodstvennoe Predpriyatie Sapfir, JSC NPP Sapphire; Joint Stock Company ""Research and Production Company ""Sapfir"" ｜ Address(es): 105187, Moscow, Shcherbakovskaya Str",Акционерное Общество «Научно-Производственное Предприятие «Сапфир» (АО «НПП «Сапфир»),"AO NPP Sapfir; AO Nauchno-Proizvodstvennoe Predpriyatie Sapfir, JSC NPP Sapphire; Joint Stock Company ""Research and Production Company ""Sapfir""","105187, Moscow, Shcherbakovskaya Str",,
Joint Stock Company RT-Tekhpriemka,,Joint Stock Company RT-Tekhpriemka,entity,出口管制·军工实体(Annex IV),Export control · military end-user (Annex IV),俄罗斯,Russia,2023-02-25,"Local name: Акционерное Общество «РТ-Техприемка» (АО «РТ-Техприемка»)；A.k.a: AO RT-Techpriemka; JSC Aviatekhpriemka; JSC RT-Tekhpriemka, RTTEC ｜ Address(es): 123557, Moscow, Elektrichesky Lane, 1, Building 12, Russian Federation Telephone: + 7 495 927 07 55 Website: https://rttec.ru/ Email: info@rt-",Акционерное Общество «РТ-Техприемка» (АО «РТ-Техприемка»),"AO RT-Techpriemka; JSC Aviatekhpriemka; JSC RT-Tekhpriemka, RTTEC","123557, Moscow, Elektrichesky Lane, 1, Building 12, Russian Federation",,https://rttec.ru/
Joint Stock Company Russian Research Institute Electronstandart,,Joint Stock Company Russian Research Institute Electronstandart,entity,出口管制·军工实体(Annex IV),Export control · military end-user (Annex IV),俄罗斯,Russia,2023-02-25,"Local name: Акционерное Общество «Российский Научно-Исследовательский Институт «Электронстандарт» (АО «РНИИ «Электронстандарт»)；A.k.a: AO Nauchno-Proizvodtvennoe Predpriyatie Elektronstandart; AO RNII Elektronstandart, JSC NPP Elektrostandart, RNII Electronstandard ｜ Address(es): 196006, St. Petersb",Акционерное Общество «Российский Научно-Исследовательский Институт «Электронстандарт» (АО «РНИИ «Электронстандарт»),"AO Nauchno-Proizvodtvennoe Predpriyatie Elektronstandart; AO RNII Elektronstandart, JSC NPP Elektrostandart, RNII Electronstandard","196006, St. Petersb",,
Joint Stock Company Ryazan Plant of Metal Ceramic Instruments,,Joint Stock Company Ryazan Plant of Metal Ceramic Instruments,entity,出口管制·军工实体(Annex IV),Export control · military end-user (Annex IV),俄罗斯,Russia,2023-02-25,"Local name: Акционерное Общество «Рязанский Завод Металлокерамических Приборов» (АО «РЗМКП»)；A.k.a: AO Ryazanski Zavod Metallokeramicheskikh Priborov, AO RZMKP, JSC Ryazan Metal Ceramics Instrumentation Plant, Ryazan Plant of Ceramic Devices, RMCIP ｜ Address(es): 390027, Ryazan Oblast, Ryazan, Novay",Акционерное Общество «Рязанский Завод Металлокерамических Приборов» (АО «РЗМКП»),"AO Ryazanski Zavod Metallokeramicheskikh Priborov, AO RZMKP, JSC Ryazan Metal Ceramics Instrumentation Plant, Ryazan Plant of Ceramic Devices, RMCIP","390027, Ryazan Oblast, Ryazan, Novay",,
Joint Stock Company Scientific Production Enterprise Digital Solutions,,Joint Stock Company Scientific Production Enterprise Digital Solutions,entity,出口管制·军工实体(Annex IV),Export control · military end-user (Annex IV),俄罗斯,Russia,2023-02-25,"Local name: Акционерное Общество «Научно-Производственное Предприятие «Цифровые Решения» (АО «НПП «Цифровые Решения»)；A.k.a: ASIC; Electronic Engineering Design Center Digital Solutions JSC; AO NPP Tsifrovye Resheniya; DSol NPP; JSC Digital Solutions; Joint Stock Company ""Research and Production Ent",Акционерное Общество «Научно-Производственное Предприятие «Цифровые Решения» (АО «НПП «Цифровые Решения»),"ASIC; Electronic Engineering Design Center Digital Solutions JSC; AO NPP Tsifrovye Resheniya; DSol NPP; JSC Digital Solutions; Joint Stock Company ""Research and Production Ent",,,
Joint Stock Company Scientific Production Enterprise Kontakt,,Joint Stock Company Scientific Production Enterprise Kontakt,entity,出口管制·军工实体(Annex IV),Export control · military end-user (Annex IV),俄罗斯,Russia,2023-02-25,"Local name: Акционерное Общество «Научно-Производственное Предприятие «Контакт» (АО «НПП «Контакт»)；A.k.a: Joint Stock Company ""Scientific Production Enterprise ""Contact""; AO NPP Kontakt; AO Nauchno-Proizvodstvennoe Predpriyatie Kontakt; JSC NPP Kontakt; JSC SPE Contact ｜ Address(es): 410086, Sarato",Акционерное Общество «Научно-Производственное Предприятие «Контакт» (АО «НПП «Контакт»),"Joint Stock Company ""Scientific Production Enterprise ""Contact""; AO NPP Kontakt; AO Nauchno-Proizvodstvennoe Predpriyatie Kontakt; JSC NPP Kontakt; JSC SPE Contact","410086, Sarato",,
Joint Stock Company Scientific Production Enterprise Topaz,,Joint Stock Company Scientific Production Enterprise Topaz,entity,出口管制·军工实体(Annex IV),Export control · military end-user (Annex IV),俄罗斯,Russia,2023-02-25,"Local name: Акционерное Общество «Научно-Производственное Предприятие «Топаз» (АО «НПП «Топаз»)；A.k.a: AO Nauchno-Proizvodstvennoe Predpriyatie Topaz; JSC NPP Topaz; Closed Joint-Stock Company Scientific Production Enterprise Topaz; JSC Research and Production Enterprise Topaz ｜ Address(es): 129626,",Акционерное Общество «Научно-Производственное Предприятие «Топаз» (АО «НПП «Топаз»),AO Nauchno-Proizvodstvennoe Predpriyatie Topaz; JSC NPP Topaz; Closed Joint-Stock Company Scientific Production Enterprise Topaz; JSC Research and Production Enterprise Topaz,129626,,
Joint Stock Company Scientific Research Institute Giricond,,Joint Stock Company Scientific Research Institute Giricond,entity,出口管制·军工实体(Annex IV),Export control · military end-user (Annex IV),俄罗斯,Russia,2023-02-25,"Local name: Акционерное Общество «Научно-Исследовательский Институт «Гириконд» (АО «НИИ «Гириконд»)；A.k.a: AO Nauchno-Issledovatelskiy Institut Girikond; AO NII Girikond; Research Institute Girikond ｜ Address(es): 194223, St. Petersburg, Kurchatova Str., 10, Russian Federation Telephone: + 7 (812) 2",Акционерное Общество «Научно-Исследовательский Институт «Гириконд» (АО «НИИ «Гириконд»),AO Nauchno-Issledovatelskiy Institut Girikond; AO NII Girikond; Research Institute Girikond,"194223, St. Petersburg, Kurchatova Str., 10, Russian Federation",,
Joint Stock Company Scientific Research Institute of Computer Engineering NII SVT,,Joint Stock Company Scientific Research Institute of Computer Engineering NII SVT,entity,出口管制·军工实体(Annex IV),Export control · military end-user (Annex IV),俄罗斯,Russia,2023-02-25,"Local name: Акционерное Общество «Научно-Исследовательский Институт Средств Вычислительной Техники» (АО «НИИ СВТ»)；A.k.a: AO NII SVT; AO Nauchno Issledovatelskii Institut Sredstv Vychislitelnoi Tekhniki; JSC NII SVT; NII SVT PAO; Joint Stock Company ""Research Institute for Computer Hardware""; Joint ",Акционерное Общество «Научно-Исследовательский Институт Средств Вычислительной Техники» (АО «НИИ СВТ»),"AO NII SVT; AO Nauchno Issledovatelskii Institut Sredstv Vychislitelnoi Tekhniki; JSC NII SVT; NII SVT PAO; Joint Stock Company ""Research Institute for Computer Hardware""; Joint",,,
Joint Stock Company Scientific Research Institute of Electrical Carbon Products,,Joint Stock Company Scientific Research Institute of Electrical Carbon Products,entity,出口管制·军工实体(Annex IV),Export control · military end-user (Annex IV),俄罗斯,Russia,2023-02-25,Local name: Акционерное Общество «Научно - Исследовательский и Проектно-Технологический Институт Электроугольных Изделий» (АО «НИИЭИ»)；A.k.a: AO NIIEI; AO Nauchno Issledovatelskii I ProektnoTekhnologicheskii Institut Elektrougolnykh Izdelii; JSC NIIEI; JSC Scientific Research and Project-Technical I,Акционерное Общество «Научно - Исследовательский и Проектно-Технологический Институт Электроугольных Изделий» (АО «НИИЭИ»),AO NIIEI; AO Nauchno Issledovatelskii I ProektnoTekhnologicheskii Institut Elektrougolnykh Izdelii; JSC NIIEI; JSC Scientific Research and Project-Technical I,,,
Joint Stock Company Scientific Research Institute of Electronic and Mechanical Devices,,Joint Stock Company Scientific Research Institute of Electronic and Mechanical Devices,entity,出口管制·军工实体(Annex IV),Export control · military end-user (Annex IV),俄罗斯,Russia,2023-02-25,"Local name: Акционерное Общество «Научно-Исследовательский Институт Электронно-Механических Приборов» (АО «НИИЭМП»)；A.k.a: AO NII Elektronno-Mekhanicheskikh Priborov; AO NIIEMP; JSC SRIEMI; Penza Scientific Research Institute of Electromechanical Devices; Joint Stock Company ""Scientific Research Ins",Акционерное Общество «Научно-Исследовательский Институт Электронно-Механических Приборов» (АО «НИИЭМП»),"AO NII Elektronno-Mekhanicheskikh Priborov; AO NIIEMP; JSC SRIEMI; Penza Scientific Research Institute of Electromechanical Devices; Joint Stock Company ""Scientific Research Ins",,,
Joint Stock Company Scientific Research Institute of Electronic Engineering Materials,,Joint Stock Company Scientific Research Institute of Electronic Engineering Materials,entity,出口管制·军工实体(Annex IV),Export control · military end-user (Annex IV),俄罗斯,Russia,2023-02-25,"Local name: Акционерное Общество «Научно-Исследовательский Институт Материалов Электронной Техники» (АО «НИИМЭТ»)；A.k.a: AO Nauchno-Issledovatelskiy Institut Materialov Elektronnoi Tekhniki; AO NIIMET; JSC NIIMET ｜ Address(es): 248650, Kaluga Oblast, Kaluga, Gagarina Str., 1, Russian Federation; 248",Акционерное Общество «Научно-Исследовательский Институт Материалов Электронной Техники» (АО «НИИМЭТ»),AO Nauchno-Issledovatelskiy Institut Materialov Elektronnoi Tekhniki; AO NIIMET; JSC NIIMET,"248650, Kaluga Oblast, Kaluga, Gagarina Str., 1, Russian Federation; 248",,
Joint Stock Company Scientific Research Institute of Gas Discharge Devices Plasma,,Joint Stock Company Scientific Research Institute of Gas Discharge Devices Plasma,entity,出口管制·军工实体(Annex IV),Export control · military end-user (Annex IV),俄罗斯,Russia,2023-02-25,"Local name: Акционерное Общество «Научно-Исследовательский Институт Газоразрядных Приборов «Плазма» (АО «Плазма»)；A.k.a: AO Nauchno-Issledovatelskiy Institut Gazorazriyadnikh Priborov Plazma; AO Plasma; JSC Plasma ｜ Address(es): 390023, Ryazan Oblast, Ryazan, Tsiolkovskogo Str., 24, Russian Federati",Акционерное Общество «Научно-Исследовательский Институт Газоразрядных Приборов «Плазма» (АО «Плазма»),AO Nauchno-Issledovatelskiy Institut Gazorazriyadnikh Priborov Plazma; AO Plasma; JSC Plasma,"390023, Ryazan Oblast, Ryazan, Tsiolkovskogo Str., 24, Russian Federati",,
Joint Stock Company Scientific Research Institute of Industrial Television Rastr,,Joint Stock Company Scientific Research Institute of Industrial Television Rastr,entity,出口管制·军工实体(Annex IV),Export control · military end-user (Annex IV),俄罗斯,Russia,2023-02-25,"Local name: Акционерное Общество «Научно-Исследовательский Институт Промышленного Телевидения «Растр» (АО «НИИПТ «Растр»)；A.k.a: AO Nauchno Issledovatelskii Institut Promyshlennogo Televideniya Rastr; AO NIIPT Rastr ｜ Address(es): 173003, Novgorod Oblast, Veliky Novgorod, Bolshaya Sankt-Peterburgska",Акционерное Общество «Научно-Исследовательский Институт Промышленного Телевидения «Растр» (АО «НИИПТ «Растр»),AO Nauchno Issledovatelskii Institut Promyshlennogo Televideniya Rastr; AO NIIPT Rastr,"173003, Novgorod Oblast, Veliky Novgorod, Bolshaya Sankt-Peterburgska",,
Joint Stock Company Scientific Research Institute of Precision Mechanical Engineering,,Joint Stock Company Scientific Research Institute of Precision Mechanical Engineering,entity,出口管制·军工实体(Annex IV),Export control · military end-user (Annex IV),俄罗斯,Russia,2023-02-25,Local name: Акционерное Общество «Научно-Исследовательский Институт Точного Машиностроения» (АО «НИИТМ»)；A.k.a: AO Nauchno-Issledovatelskiy Institut Tochnogo Mashinostroeniya; AO NIITM; NIITM PAO; OJSC Scientific and Research Institute of Precision Engineering; Research Institute of Precision Machin,Акционерное Общество «Научно-Исследовательский Институт Точного Машиностроения» (АО «НИИТМ»),AO Nauchno-Issledovatelskiy Institut Tochnogo Mashinostroeniya; AO NIITM; NIITM PAO; OJSC Scientific and Research Institute of Precision Engineering; Research Institute of Precision Machin,,,
Joint Stock Company Special Design Bureau of Computer Engineering,,Joint Stock Company Special Design Bureau of Computer Engineering,entity,出口管制·军工实体(Annex IV),Export control · military end-user (Annex IV),俄罗斯,Russia,2023-02-25,"Local name: Акционерное Общество «Специальное Конструкторское Бюро Вычислительной Техники» (АО «СКБ ВТ»)；A.k.a: AO Spetsialnoe Konstruktorskoe Byuro Vychislitelnoi Tekhniki; AO SKB VT; Joint Stock Company ""Special Design Bureau of Computer Technology"" ｜ Address(es): 180007, Pskov Oblast, Pskov, Maks",Акционерное Общество «Специальное Конструкторское Бюро Вычислительной Техники» (АО «СКБ ВТ»),"AO Spetsialnoe Konstruktorskoe Byuro Vychislitelnoi Tekhniki; AO SKB VT; Joint Stock Company ""Special Design Bureau of Computer Technology""","180007, Pskov Oblast, Pskov, Maks",,
Joint Stock Company Special Design Bureau of Control Means,,Joint Stock Company Special Design Bureau of Control Means,entity,出口管制·军工实体(Annex IV),Export control · military end-user (Annex IV),俄罗斯,Russia,2023-02-25,"Local name: Акционерное Общество «Специальное Проектно-Конструкторское Бюро Средств Управления» (АО «СПКБ СУ»)；A.k.a: AO Spetsialnoe Proektno-Konstruktorskoe Byuro Sredstv Upravleniya; AO SPKB SU; Joint Stock Company ""Special Design Bureau of Control Facilities"" ｜ Address(es): 170100, Tver Oblast, T",Акционерное Общество «Специальное Проектно-Конструкторское Бюро Средств Управления» (АО «СПКБ СУ»),"AO Spetsialnoe Proektno-Konstruktorskoe Byuro Sredstv Upravleniya; AO SPKB SU; Joint Stock Company ""Special Design Bureau of Control Facilities""","170100, Tver Oblast, T",,
Joint Stock Company Special Design Bureau Turbina,,Joint Stock Company Special Design Bureau Turbina,entity,出口管制·军工实体(Annex IV),Export control · military end-user (Annex IV),俄罗斯,Russia,2023-02-25,"Local name: Акционерное Общество «Специальное Конструкторское Бюро «Турбина» (АО СКБ «Турбина»)；A.k.a: AO SKB Turbina; AO Spetsialnoe Konstrucktorskoe Byuro Turbina; JSC Turbina SDB ｜ Address(es): 454085, Chelyabinsk Oblast, Chelyabinsk, Lenina Avenue, 2B, Russian Federation Telephone: + 7 (351) 775",Акционерное Общество «Специальное Конструкторское Бюро «Турбина» (АО СКБ «Турбина»),AO SKB Turbina; AO Spetsialnoe Konstrucktorskoe Byuro Turbina; JSC Turbina SDB,"454085, Chelyabinsk Oblast, Chelyabinsk, Lenina Avenue, 2B, Russian Federation",,
Joint Stock Company State Scientific Research Institute Kristall,,Joint Stock Company State Scientific Research Institute Kristall,entity,出口管制·军工实体(Annex IV),Export control · military end-user (Annex IV),俄罗斯,Russia,2023-02-25,Local name: Акционерное Общество «Государственный Научно-Исследовательский Институт «Кристалл» (АО «ГОСНИИ «Кристалл»)；A.k.a: AO GOSNII Kristall; AO Gosudarstvenny Nauchno-Issledovatelski Institut Kristall; OAO GOSNII Kristall; OJSC Kristall State Research Institute; GosNII «Kristall» OJSC; State-Ow,Акционерное Общество «Государственный Научно-Исследовательский Институт «Кристалл» (АО «ГОСНИИ «Кристалл»),AO GOSNII Kristall; AO Gosudarstvenny Nauchno-Issledovatelski Institut Kristall; OAO GOSNII Kristall; OJSC Kristall State Research Institute; GosNII «Kristall» OJSC; State-Ow,,,
Joint Stock Company Svetlana Semiconductors,,Joint Stock Company Svetlana Semiconductors,entity,出口管制·军工实体(Annex IV),Export control · military end-user (Annex IV),俄罗斯,Russia,2023-02-25,"Local name: Акционерное Общество «Светлана-Полупроводники» (АО «Светлана-Полупроводники»)；A.k.a: AO Svetlana Poluprovodniki ｜ Address(es): 124460, Moscow, Zelenograd, Akademika Valieva Str., 6, Building 2 Floor/Premises 1/I, Room 28, Russian Federation; 194156, St. Petersburg, Engelsa Avenue, 27, Le",Акционерное Общество «Светлана-Полупроводники» (АО «Светлана-Полупроводники»),AO Svetlana Poluprovodniki,"124460, Moscow, Zelenograd, Akademika Valieva Str., 6, Building 2 Floor/Premises 1/I, Room 28, Russian Federation; 194156, St. Petersburg, Engelsa Avenue, 27, Le",,
Joint Stock Company Voronezh Semiconductor Devices Factory Assembly,,Joint Stock Company Voronezh Semiconductor Devices Factory Assembly,entity,出口管制·军工实体(Annex IV),Export control · military end-user (Annex IV),俄罗斯,Russia,2023-02-25,"Local name: Акционерное Общество «Воронежский Завод Полупроводниковых Приборов - Сборка""» (АО «ВЗПП-С»)；A.k.a: AO Voronezhsky Zavod Poluprovodnikovykh PriborovSborka; AO VZPP-S; JSC VZPP-S ｜ Address(es): 394033, Voronezh Oblast, Voronezh, Leninsky Avenue, 119A, Russian Federation Telephone: + 7 (473","Акционерное Общество «Воронежский Завод Полупроводниковых Приборов - Сборка""» (АО «ВЗПП-С»)",AO Voronezhsky Zavod Poluprovodnikovykh PriborovSborka; AO VZPP-S; JSC VZPP-S,"394033, Voronezh Oblast, Voronezh, Leninsky Avenue, 119A, Russian Federation",,
KAMAZ Publicly Traded Company,,KAMAZ Publicly Traded Company,entity,出口管制·军工实体(Annex IV),Export control · military end-user (Annex IV),俄罗斯,Russia,2023-02-25,"Local name: Публичное Акционерное Общество «Камаз» (ПАО «Камаз»)；A.k.a: KAMAZ PJSC; KAMAZ PAO; KAMAZ PTC; Kamskoe Obedinenie po Proizvodstvu Bolshegruznykh Avtomobilei Kamaz ｜ Address(es): 423827, Republic of Tatarstan, Naberezhnye Chelny, Avtozavodskiy Prospekt, 2, Russian Federation Telephone: + 8",Публичное Акционерное Общество «Камаз» (ПАО «Камаз»),KAMAZ PJSC; KAMAZ PAO; KAMAZ PTC; Kamskoe Obedinenie po Proizvodstvu Bolshegruznykh Avtomobilei Kamaz,"423827, Republic of Tatarstan, Naberezhnye Chelny, Avtozavodskiy Prospekt, 2, Russian Federation",,
Keldysh Institute of Applied Mathematics of the Russian Academy of Sciences,,Keldysh Institute of Applied Mathematics of the Russian Academy of Sciences,entity,出口管制·军工实体(Annex IV),Export control · military end-user (Annex IV),俄罗斯,Russia,2023-02-25,Local name: Федеральное Государственное Учреждение «Федеральный Исследовательский Центр Институт Прикладной Математики Им. М.В. Келдыша Российской Академии Наук» (ИПМ ИМ. М.В. Келдыша РАН)；A.k.a: Federalnoe Gosudarstvennoe Uchrezhdenie Federalny Issledovatelski Tsentr Institut Prikladnoi Metematiki ,Федеральное Государственное Учреждение «Федеральный Исследовательский Центр Институт Прикладной Математики Им. М.В. Келдыша Российской Академии Наук» (ИПМ ИМ. М.В. Келдыша РАН),Federalnoe Gosudarstvennoe Uchrezhdenie Federalny Issledovatelski Tsentr Institut Prikladnoi Metematiki,,,
Limited Liability Company Research and Production Association Radiovolna,,Limited Liability Company Research and Production Association Radiovolna,entity,出口管制·军工实体(Annex IV),Export control · military end-user (Annex IV),俄罗斯,Russia,2023-02-25,"Local name: Общество с Ограниченной Ответственностью «Научно-Производственное Объединение «Радиоволна» (ООО «НПО «Радиоволна»)；A.k.a: LLC NPO Radiovolna, OOO Nauchno-Proizvodstvennoe Obedinenie Radiovolna, OOO NPO Radiovolna ｜ Address(es): 199106, St. Petersburg, 22nd Liniya, 3, Building 1, Letter M",Общество с Ограниченной Ответственностью «Научно-Производственное Объединение «Радиоволна» (ООО «НПО «Радиоволна»),"LLC NPO Radiovolna, OOO Nauchno-Proizvodstvennoe Obedinenie Radiovolna, OOO NPO Radiovolna","199106, St. Petersburg, 22nd Liniya, 3, Building 1, Letter M",,
Limited Liability Company RSB-Group,,Limited Liability Company RSB-Group,entity,出口管制·军工实体(Annex IV),Export control · military end-user (Annex IV),俄罗斯,Russia,2023-02-25,"Local name: Общество с Ограниченной Ответственностью «РСБ-ГРУПП» (ООО «РСБ-ГРУПП»)；A.k.a: LLC Intelligence Technologies; OOO RSB-Grupp; Razvedyvatelnye Tekhnologii OOO; Russian Security Systems ｜ Address(es): 117525, Moscow, Dnepropetrovskaya Str., 3, Building 5, Floor 1, Premises III, Room 8, Offic",Общество с Ограниченной Ответственностью «РСБ-ГРУПП» (ООО «РСБ-ГРУПП»),LLC Intelligence Technologies; OOO RSB-Grupp; Razvedyvatelnye Tekhnologii OOO; Russian Security Systems,"117525, Moscow, Dnepropetrovskaya Str., 3, Building 5, Floor 1, Premises III, Room 8, Offic",,
Mitishinskiy Scientific Research Institute of Radio Measuring Instruments,,Mitishinskiy Scientific Research Institute of Radio Measuring Instruments,entity,出口管制·军工实体(Annex IV),Export control · military end-user (Annex IV),俄罗斯,Russia,2023-02-25,Local name: Федеральное Государственное Бюджетное Учреждение «Всероссийский Научно-Исследовательский Институт Радиоэлектроники» (ФГБУ «ВНИИР»)；A.k.a: Federalnoe Gosudarstvennoe Byudzhetnoe Uchrezhdenie Vserossiiskii Nauchno-Issledovatelskii Institut Radioelektroniki; Federal State Unitary Enterprise,Федеральное Государственное Бюджетное Учреждение «Всероссийский Научно-Исследовательский Институт Радиоэлектроники» (ФГБУ «ВНИИР»),Federalnoe Gosudarstvennoe Byudzhetnoe Uchrezhdenie Vserossiiskii Nauchno-Issledovatelskii Institut Radioelektroniki; Federal State Unitary Enterprise,,,
Open Joint Stock Company Khabarovsk Radio Engineering Plant,,Open Joint Stock Company Khabarovsk Radio Engineering Plant,entity,出口管制·军工实体(Annex IV),Export control · military end-user (Annex IV),俄罗斯,Russia,2023-02-25,"Local name: Акционерное Общество «Хабаровский Радиотехнический Завод» (АО «ХРТЗ»)；A.k.a: AO Khabarovskiy Radiotekhnicheskiy Zavod; AO KhRTZ, JSC Khabarovsk Radio Engineering Plant; KHRTZ PAO; OAO KHRTZ ｜ Address(es): 680041, Khabarovsk Krai, Khabarovsk, Kedrovy Lane, 8, Building V, Russian Federatio",Акционерное Общество «Хабаровский Радиотехнический Завод» (АО «ХРТЗ»),"AO Khabarovskiy Radiotekhnicheskiy Zavod; AO KhRTZ, JSC Khabarovsk Radio Engineering Plant; KHRTZ PAO; OAO KHRTZ","680041, Khabarovsk Krai, Khabarovsk, Kedrovy Lane, 8, Building V, Russian Federatio",,
Open Joint Stock Company Mariyskiy Machine-Building Plant,,Open Joint Stock Company Mariyskiy Machine-Building Plant,entity,出口管制·军工实体(Annex IV),Export control · military end-user (Annex IV),俄罗斯,Russia,2023-02-25,"Local name: Акционерное Общество «Марийский Машиностроительный Завод» (АО «ММЗ»)；A.k.a: AO Mariyskiy Mashinostroitelnyi Zavod; AO MMZ; JSC Mari Machine Building Plant; MARI MMZ; OAO Mariyskiy Mashinostroitelnyy Zavod; OAO MMZ ｜ Address(es): 424003, Republic of Mari-El, Yoshkar-Ola, Suvorova Str., 15",Акционерное Общество «Марийский Машиностроительный Завод» (АО «ММЗ»),AO Mariyskiy Mashinostroitelnyi Zavod; AO MMZ; JSC Mari Machine Building Plant; MARI MMZ; OAO Mariyskiy Mashinostroitelnyy Zavod; OAO MMZ,"424003, Republic of Mari-El, Yoshkar-Ola, Suvorova Str., 15",,
Open Joint Stock Company Scientific and Production Enterprise Pulsar,,Open Joint Stock Company Scientific and Production Enterprise Pulsar,entity,出口管制·军工实体(Annex IV),Export control · military end-user (Annex IV),俄罗斯,Russia,2023-02-25,"Local name: Акционерное Общество «Научно-Производственное Предприятие «Пульсар» (АО «НПП «Пульсар»)；A.k.a: AO Nauchno-Proizvodstvennoe Predpriyatie Pulsar; AO NPP Pulsar; Enterprise SPE Pulsar JSC; JSC NPP Pulsar; JSC SPC Pulsar; OAO NPP Pulsar; SPE Pulsar ｜ Address(es): 105187, Moscow, Okruzhnoy Pr",Акционерное Общество «Научно-Производственное Предприятие «Пульсар» (АО «НПП «Пульсар»),AO Nauchno-Proizvodstvennoe Predpriyatie Pulsar; AO NPP Pulsar; Enterprise SPE Pulsar JSC; JSC NPP Pulsar; JSC SPC Pulsar; OAO NPP Pulsar; SPE Pulsar,"105187, Moscow, Okruzhnoy Pr",,
Open Joint Stock Company Megafon,,Open Joint Stock Company Megafon,entity,出口管制·军工实体(Annex IV),Export control · military end-user (Annex IV),俄罗斯,Russia,2023-02-25,"Local name: Публичное Акционерное Общество «Мегафон» (ПАО «Мегафон»)；A.k.a: Megafon; PAO Megafon; PJSC Megafon ｜ Address(es): 127006, Moscow, Oruzheiny Lane, 41, Russian Federation Telephone: 8-800-550-05-00; + 7 922-111-05-00 Website: http://megafon.ru/ Registration number: 7812014560 (Tax I",Публичное Акционерное Общество «Мегафон» (ПАО «Мегафон»),Megafon; PAO Megafon; PJSC Megafon,"127006, Moscow, Oruzheiny Lane, 41, Russian Federation",7812014560 (Tax I,http://megafon.ru/
Public Joint Stock Company Tutaev Motor Plant,,Public Joint Stock Company Tutaev Motor Plant,entity,出口管制·军工实体(Annex IV),Export control · military end-user (Annex IV),俄罗斯,Russia,2023-02-25,"Local name: Публичное Акционерное Общество «Тутаевский Моторный Завод» (ПАО «ТМЗ»)；A.k.a: OAO Tutaevski Motorny Zavod; PAO TMZ; and PAO Tutaevski Motorny Zavod ｜ Address(es): 152303, Yaroslavl Oblast, Tutaevsky District, Tutaev, Stroiteley Str., 1, Russian Federation Telephone: + 7 800-234-12-21 Web",Публичное Акционерное Общество «Тутаевский Моторный Завод» (ПАО «ТМЗ»),OAO Tutaevski Motorny Zavod; PAO TMZ; and PAO Tutaevski Motorny Zavod,"152303, Yaroslavl Oblast, Tutaevsky District, Tutaev, Stroiteley Str., 1, Russian Federation",,
Public Joint Stock Company Vympel Interstate Corporation,,Public Joint Stock Company Vympel Interstate Corporation,entity,出口管制·军工实体(Annex IV),Export control · military end-user (Annex IV),俄罗斯,Russia,2023-02-25,"Local name: Публичное Акционерное Общество «Межгосударственная Акционерная Корпорация «Вымпел» (ПАО «МАК «Вымпел»)；A.k.a: JSC MAC Vympel; PAO MAK Vympel; PAO Mezhgosudarstvennaya Aktsionernaya Korporatsiya Vympel; Vympel Interstate Commercial Corporation ｜ Address(es): 125480, Moscow, Geroev Panfilo",Публичное Акционерное Общество «Межгосударственная Акционерная Корпорация «Вымпел» (ПАО «МАК «Вымпел»),JSC MAC Vympel; PAO MAK Vympel; PAO Mezhgosudarstvennaya Aktsionernaya Korporatsiya Vympel; Vympel Interstate Commercial Corporation,"125480, Moscow, Geroev Panfilo",,
RT-Inform Limited Liability Company,,RT-Inform Limited Liability Company,entity,出口管制·军工实体(Annex IV),Export control · military end-user (Annex IV),俄罗斯,Russia,2023-02-25,"Local name: Общество с Ограниченной Ответственностью «РТ-Информ» (ООО «РТ-Информ»)；A.k.a: OOO RT-Inform ｜ Address(es): 119048, Moscow, Turchaninov Lane, 6, Building 2, Office 105, Russian Federation; 119435, Moscow, Savvinskaya Embankment, 23, Building 2, Room 613, Russian Federation; ",Общество с Ограниченной Ответственностью «РТ-Информ» (ООО «РТ-Информ»),OOO RT-Inform,"119048, Moscow, Turchaninov Lane, 6, Building 2, Office 105, Russian Federation; 119435, Moscow, Savvinskaya Embankment, 23, Building 2, Room 613, Russian Federation",,
Skolkovo Foundation,,Skolkovo Foundation,entity,出口管制·军工实体(Annex IV),Export control · military end-user (Annex IV),俄罗斯,Russia,2023-02-25,Local name: Некоммерческая Организация Фонд Развития Центра Разработки и Коммерциализации Новых Технологий (Фонд «Сколково»)；A.k.a: Foundation for the Development of the Center for Elaboration and Commercialization of New Technologies; Fond Skolkovo; Fund Skolkovo; and Nekommercheskaya Organizatsiya,Некоммерческая Организация Фонд Развития Центра Разработки и Коммерциализации Новых Технологий (Фонд «Сколково»),Foundation for the Development of the Center for Elaboration and Commercialization of New Technologies; Fond Skolkovo; Fund Skolkovo; and Nekommercheskaya Organizatsiya,,,
Skolkovo Institute of Science and Technology,,Skolkovo Institute of Science and Technology,entity,出口管制·军工实体(Annex IV),Export control · military end-user (Annex IV),俄罗斯,Russia,2023-02-25,"Local name: Автономная Некоммерческая Образовательная Организация Высшего Образования «Сколковский Институт Науки и Технологий» (Сколковский Институт Науки И Технологий, Сколтех)；A.k.a: Autonomous Non-Profit Organization for Higher Education Skolkovo Institute of Science and Technology; Skolkovskiy ","Автономная Некоммерческая Образовательная Организация Высшего Образования «Сколковский Институт Науки и Технологий» (Сколковский Институт Науки И Технологий, Сколтех)",Autonomous Non-Profit Organization for Higher Education Skolkovo Institute of Science and Technology; Skolkovskiy,,,
State Flight Testing Center Named After V.P. Chkalov,,State Flight Testing Center Named After V.P. Chkalov,entity,出口管制·军工实体(Annex IV),Export control · military end-user (Annex IV),俄罗斯,Russia,2023-02-25,Local name: 929-й Государственный лётно-испытательный центр Министерства обороны Российской Федерации имени В. П. Чкалова (929 ГЛИЦ ВВС)；A.k.a: 929 GLITS; 929 State Flight Test Center; 929 GLITS VVS; 929 Gosudarstvenniy Letno-Ispytatelniy Tsentr Ministerstvo Oboroni Rossiiskoi Federatsii IM. V.P. Ch,929-й Государственный лётно-испытательный центр Министерства обороны Российской Федерации имени В. П. Чкалова (929 ГЛИЦ ВВС),929 GLITS; 929 State Flight Test Center; 929 GLITS VVS; 929 Gosudarstvenniy Letno-Ispytatelniy Tsentr Ministerstvo Oboroni Rossiiskoi Federatsii IM. V.P. Ch,,,
Joint Stock Company Research and Production Association Named After S.A. Lavochkina,,Joint Stock Company Research and Production Association Named After S.A. Lavochkina,entity,出口管制·军工实体(Annex IV),Export control · military end-user (Annex IV),俄罗斯,Russia,2023-02-25,Local name: Акционерное Общество «Научно-Производственное Объединение им. С.А.Лавочкина» (АО «НПО Лавочкина»)；A.k.a: AO Nauchno-Proizvodstvennoe Obedinenie IM. S.A. Lavochkina; JSC Lavochkin Science and Production Association; NPO imeni S.A. Lavochkina; NPO Lavochkin; S.A. Lavochkin Scientific Produ,Акционерное Общество «Научно-Производственное Объединение им. С.А.Лавочкина» (АО «НПО Лавочкина»),AO Nauchno-Proizvodstvennoe Obedinenie IM. S.A. Lavochkina; JSC Lavochkin Science and Production Association; NPO imeni S.A. Lavochkina; NPO Lavochkin; S.A. Lavochkin Scientific Produ,,,
VMK Limited Liability Company,,VMK Limited Liability Company,entity,出口管制·军工实体(Annex IV),Export control · military end-user (Annex IV),俄罗斯,Russia,2023-06-23,"Local name: Общество с Ограниченной Ответственностью «ВМК» (ООО «ВМК»)；A.k.a: VMK LLC; OOO VMK ｜ Address(es): 443050, Samara Oblast, Samara, Zubchaninovka Village, Smyshlyaevskoe Shosse, 1a, Office 258, Russian Federation Telephone: + 7 846 972-94-22; + 7 987 987-60-64; + 7 84",Общество с Ограниченной Ответственностью «ВМК» (ООО «ВМК»),VMK LLC; OOO VMK,"443050, Samara Oblast, Samara, Zubchaninovka Village, Smyshlyaevskoe Shosse, 1a, Office 258, Russian Federation",,
Testkomplekt LLC,,Testkomplekt LLC,entity,出口管制·军工实体(Annex IV),Export control · military end-user (Annex IV),俄罗斯,Russia,2023-06-23,"Local name: Общество с Ограниченной Ответственностью «Тесткомплект» (ООО «Тесткомплект»)；A.k.a: OOO TestKomplekt ｜ Address(es): 107140, Moscow, Upper Krasnoselskaya Str., 2/1, Building 1, Floor 3, Room 317, Russian Federation; 141008, Moscow Oblast, Mytishchi, Kolpakova Str., 24A, Office 5.06, ",Общество с Ограниченной Ответственностью «Тесткомплект» (ООО «Тесткомплект»),OOO TestKomplekt,"107140, Moscow, Upper Krasnoselskaya Str., 2/1, Building 1, Floor 3, Room 317, Russian Federation; 141008, Moscow Oblast, Mytishchi, Kolpakova Str., 24A, Office 5.06",,
Radiopriborsnab LLC,,Radiopriborsnab LLC,entity,出口管制·军工实体(Annex IV),Export control · military end-user (Annex IV),俄罗斯,Russia,2023-06-23,"Local name: Общество с Ограниченной Ответственностью «Радиоприборснаб» (ООО «Радиоприборснаб»)；A.k.a: OOO Radiopriborsnab; AO Radiopriborsnab ｜ Address(es): 141014, Moscow Oblast, Mytischi, Trudovaya Str., 31 Building 1, Office 111, Russian Federation Telephone: + 7 495 926-07-78; + 7 925 556-28-45 ",Общество с Ограниченной Ответственностью «Радиоприборснаб» (ООО «Радиоприборснаб»),OOO Radiopriborsnab; AO Radiopriborsnab,"141014, Moscow Oblast, Mytischi, Trudovaya Str., 31 Building 1, Office 111, Russian Federation",,
CJSC Radiotekhkomplekt,,CJSC Radiotekhkomplekt,entity,出口管制·军工实体(Annex IV),Export control · military end-user (Annex IV),俄罗斯,Russia,2023-06-23,"Local name: Акционерное Общество «Радиотехкомплект» (АО «РТКТ»)；A.k.a: AO RTKT; JSC Radiotekhkomplekt ｜ Address(es): 115184, Moscow, Bolshaya Tatarskaya Str., 35, Building 7-9, Floor 4, Russian Federation Telephone: + 7 495 741-65-80 Website: https://www.rtkt.ru/ Email: radio@rtkt.ru",Акционерное Общество «Радиотехкомплект» (АО «РТКТ»),AO RTKT; JSC Radiotekhkomplekt,"115184, Moscow, Bolshaya Tatarskaya Str., 35, Building 7-9, Floor 4, Russian Federation",,https://www.rtkt.ru/
Asia Pacific Links Ltd.,,Asia Pacific Links Ltd.,entity,出口管制·军工实体(Annex IV),Export control · military end-user (Annex IV),中国香港,Hong Kong (China),2023-06-23,"A.k.a: Asia Pacific Links Limited ｜ Address(es): Office E, 8/F., Shing Hing Commercial Building, 21-27 Wing Kut Street, Central District, Hong Kong Registration number: 2182045 (CR No.)",,Asia Pacific Links Limited,"Office E, 8/F., Shing Hing Commercial Building, 21-27 Wing Kut Street, Central District, Hong Kong",2182045 (CR No.),
Tordan Industry Limited,,Tordan Industry Limited,entity,出口管制·军工实体(Annex IV),Export control · military end-user (Annex IV),中国香港,Hong Kong (China),2023-06-23,"A.k.a: Tordan Industry Ltd. ｜ Address(es): Unit 617, 6/F, 131-132 Connaught Road West, Solo Workshops, Hong Kong Registration number: 2687207 (CR No.)",,Tordan Industry Ltd,"Unit 617, 6/F, 131-132 Connaught Road West, Solo Workshops, Hong Kong",2687207 (CR No.),
Alpha Trading Investments Limited,,Alpha Trading Investments Limited,entity,出口管制·军工实体(Annex IV),Export control · military end-user (Annex IV),中国香港,Hong Kong (China),2023-06-23,"A.k.a: Alpha Trading Investments; Alpha Trading Investments Ltd ｜ Address(es): Unit 617, 6/F, 131-132 Connaught Road West, Solo Workshops, Hong Kong Registration number: 3014289 (CR No.)",,Alpha Trading Investments; Alpha Trading Investments Ltd,"Unit 617, 6/F, 131-132 Connaught Road West, Solo Workshops, Hong Kong",3014289 (CR No.),
A-CONTRAKT,,A-CONTRAKT,entity,出口管制·军工实体(Annex IV),Export control · military end-user (Annex IV),俄罗斯,Russia,2023-06-23,"Local name: Холдинг А-Контракт；A.k.a: A-Kontrakt ｜ Address(es): 115419, Moscow, 2nd Roshchinskiy Prospekt, 8, Business Centre ""Serpukhovskoy Dvor"", Russian Federation; 197022, St. Petersburg, Aptekarsky Prospekt, 6, Russian Federat",Холдинг А-Контракт,A-Kontrakt,"115419, Moscow, 2nd Roshchinskiy Prospekt, 8, Business Centre ""Serpukhovskoy Dvor"", Russian Federation; 197022, St. Petersburg, Aptekarsky Prospekt, 6, Russian Federat",,
JCS Izhevsk Motozavod Axion-Holding,,JCS Izhevsk Motozavod Axion-Holding,entity,出口管制·军工实体(Annex IV),Export control · military end-user (Annex IV),俄罗斯,Russia,2023-06-23,"Local name: Акционерное Общество «Ижевский Мотозавод «Аксион-Холдинг» (АО «Ижевский Мотозавод «Аксион-Холдинг»)；A.k.a: JSC Izhevsk Motor Plant Aksion-Holding ｜ Address(es): 426008, Udmurt Republic, Izhevsk, Maksim Gorkogo Str., 90, Russian Federation Telephone: + 7 (3412) 56-08-99; + 7 (3412) 783–07",Акционерное Общество «Ижевский Мотозавод «Аксион-Холдинг» (АО «Ижевский Мотозавод «Аксион-Холдинг»),JSC Izhevsk Motor Plant Aksion-Holding,"426008, Udmurt Republic, Izhevsk, Maksim Gorkogo Str., 90, Russian Federation",,
Gorky Plant of Communication Equipment (GZAS),Gorky Plant of Communication Equipment,GZAS,entity,出口管制·军工实体(Annex IV),Export control · military end-user (Annex IV),俄罗斯,Russia,2023-06-23,"Local name: Акционерное Общество «Горьковский Завод Аппаратуры Связи им. А.С. Попова» (АО «ГЗАС им. А.С. Попова»)；A.k.a: Popov Communications Equipment Plant; JSC ""GZAS""; Joint Stock Company ""Gorky Communications Equipment Plant named after. A.S. Popova""; AO GZAS im. A. S. Popova ｜ Address(es): 6039",Акционерное Общество «Горьковский Завод Аппаратуры Связи им. А.С. Попова» (АО «ГЗАС им. А.С. Попова»),"Popov Communications Equipment Plant; JSC ""GZAS""; Joint Stock Company ""Gorky Communications Equipment Plant named after. A.S. Popova""; AO GZAS im. A. S. Popova",6039,,
Nizhny Novgorod Research Institute of Radio Engineering (NNIIRT),Nizhny Novgorod Research Institute of Radio Engineering,NNIIRT,entity,出口管制·军工实体(Annex IV),Export control · military end-user (Annex IV),俄罗斯,Russia,2023-06-23,"Local name: Акционерное Общество «Федеральный Научно-Производственный Центр «Нижегородский Научно-Исследовательский Институт Радиотехники» (АО «ФНПЦ «ННИИРТ»)；A.k.a: Federal Research and Production Center ""Nizhny Novgorod Scientific Research Institute of Radio Engineering""; AO FNPTs NNIIRT ｜ Address",Акционерное Общество «Федеральный Научно-Производственный Центр «Нижегородский Научно-Исследовательский Институт Радиотехники» (АО «ФНПЦ «ННИИРТ»),"Federal Research and Production Center ""Nizhny Novgorod Scientific Research Institute of Radio Engineering""; AO FNPTs NNIIRT",,,
Nizhegorodskiy Televizionnyy Zavod (NITEL JSC),Nizhegorodskiy Televizionnyy Zavod,NITEL JSC,entity,出口管制·军工实体(Annex IV),Export control · military end-user (Annex IV),俄罗斯,Russia,2023-06-23,"Local name: Публичное Акционерное Общество «Нижегородский Телевизионный Завод им. В. И. Ленина» (ПАО «НиТел»)；A.k.a: PAO NITEL; Public Joint Stock Company ""Nizhny Novgorod Television Plant named after. V. I. Lenin"" ｜ Address(es): 603009, Nizhny Novgorod Oblast, Nizhny Novgorod, Gagarina Prospekt, 37",Публичное Акционерное Общество «Нижегородский Телевизионный Завод им. В. И. Ленина» (ПАО «НиТел»),"PAO NITEL; Public Joint Stock Company ""Nizhny Novgorod Television Plant named after. V. I. Lenin""","603009, Nizhny Novgorod Oblast, Nizhny Novgorod, Gagarina Prospekt, 37",,
LLC Rezonit,,LLC Rezonit,entity,出口管制·军工实体(Annex IV),Export control · military end-user (Annex IV),俄罗斯,Russia,2023-06-23,"Local name: Общество с Ограниченной Ответственностью «Резонит» (ООО «Резонит»)；A.k.a: OOO Rezonit ｜ Address(es): 124527, Moscow, Zelenograd, Solnechnaya Alleya, 6, Premises III, Floor 2, Room 3, Russian Federation; 197022, St. Petersburg, Instrumentalnaya Str., Building 3, Letter",Общество с Ограниченной Ответственностью «Резонит» (ООО «Резонит»),OOO Rezonit,"124527, Moscow, Zelenograd, Solnechnaya Alleya, 6, Premises III, Floor 2, Room 3, Russian Federation; 197022, St. Petersburg, Instrumentalnaya Str., Building 3, Letter",,
ZAO Promelektronika,,ZAO Promelektronika,entity,出口管制·军工实体(Annex IV),Export control · military end-user (Annex IV),俄罗斯,Russia,2023-06-23,"Local name: Закрытое Акционерное Общество «Промэлектроника» (ЗАО «Промэлектроника»)；A.k.a: Closed Joint Stock Company ""Promelectronica""; Promelektronika, ｜ Address(es): 620034, Sverdlovsk Oblast, Ekaterinbourg, Kolmogorova Str.,70, Russian Federation Telephone: + 8 800 1000-321 Website: https://www.",Закрытое Акционерное Общество «Промэлектроника» (ЗАО «Промэлектроника»),"Closed Joint Stock Company ""Promelectronica""; Promelektronika","620034, Sverdlovsk Oblast, Ekaterinbourg, Kolmogorova Str.,70, Russian Federation",,
TD Promelektronika LLC,,TD Promelektronika LLC,entity,出口管制·军工实体(Annex IV),Export control · military end-user (Annex IV),俄罗斯,Russia,2023-06-23,"Local name: Общество с Ограниченной Ответственностью Торговый Дом «Промэлектроника» (ООО ТД «Промэлектроника»)；A.k.a: OOO TD Promelektronika; Trading House Promelektronica ｜ Address(es): 620034, Sverdlovsk Oblast, Ekaterinburg, Kolmogorova Str.,70, Office 209 Russian Federation; Ekaterinburg, Kolmog",Общество с Ограниченной Ответственностью Торговый Дом «Промэлектроника» (ООО ТД «Промэлектроника»),OOO TD Promelektronika; Trading House Promelektronica,"620034, Sverdlovsk Oblast, Ekaterinburg, Kolmogorova Str.,70, Office 209 Russian Federation; Ekaterinburg, Kolmog",,
Tako LLC,,Tako LLC,entity,出口管制·军工实体(Annex IV),Export control · military end-user (Annex IV),亚美尼亚,Armenia,2023-06-23,"Local name: «ՏԱԿՈ» ՍՊԸ; ООО «ТАКО»；A.k.a: Taco LLC; OOO TAKO ｜ Address(es): 17 Garegin Nzhdehi Street, Shengavit, Yerevan, 0026, Republic of Armenia Registration number: 269.110.1228684 (Registration No.)",«ՏԱԿՈ» ՍՊԸ; ООО «ТАКО»,Taco LLC; OOO TAKO,"17 Garegin Nzhdehi Street, Shengavit, Yerevan, 0026, Republic of Armenia",269.110.1228684 (Registration No.),
Art Logistics LLC,,Art Logistics LLC,entity,出口管制·军工实体(Annex IV),Export control · military end-user (Annex IV),俄罗斯,Russia,2023-06-23,"Local name: Общество с Ограниченной Ответственностью «Искусство Логистики» (ООО «Искусство Логистики»)；A.k.a: Art of Logistics LLC ｜ Address(es): 117519, Moscow, Kirovogradskaya Str., 32, Russian Federation Telephone: + 7 499 501-00-92 Registration number: 7726745648 (Tax ID/INN)",Общество с Ограниченной Ответственностью «Искусство Логистики» (ООО «Искусство Логистики»),Art of Logistics LLC,"117519, Moscow, Kirovogradskaya Str., 32, Russian Federation",7726745648 (Tax ID/INN),
GFK Logistics LLC,,GFK Logistics LLC,entity,出口管制·军工实体(Annex IV),Export control · military end-user (Annex IV),俄罗斯,Russia,2023-06-23,"Local name: Общество с Ограниченной Ответственностью «Джиэфкей Логистикс» (ООО «Джиэфкей Логистикс»)；A.k.a: OOO Dzhiefkei Logistiks ｜ Address(es): 117519, Moscow, Kirovogradskaya Str., 32, Russian Federation Telephone: + 7 (499) 340-11-69; + 8 (495) 506-74-10 Website: https://gfklog.ru/ Email: info@",Общество с Ограниченной Ответственностью «Джиэфкей Логистикс» (ООО «Джиэфкей Логистикс»),OOO Dzhiefkei Logistiks,"117519, Moscow, Kirovogradskaya Str., 32, Russian Federation",,https://gfklog.ru/
Novastream Limited,,Novastream Limited,entity,出口管制·军工实体(Annex IV),Export control · military end-user (Annex IV),俄罗斯,Russia,2023-06-23,"Local name: Общество с Ограниченной Ответственностью «Новастрим» (ООО «Новастрим»)；A.k.a: Novastream LTD; OOO Novastrim ｜ Address(es): 600007, Vladimir Oblast, Vladimir, Severnaya Str., 2A, Room 51, Russian Federation Telephone: + 7 999 516-75-09 Email: novastream@bk.ru Registration number: 33291012",Общество с Ограниченной Ответственностью «Новастрим» (ООО «Новастрим»),Novastream LTD; OOO Novastrim,"600007, Vladimir Oblast, Vladimir, Severnaya Str., 2A, Room 51, Russian Federation",33291012,
SKS Elektron Broker,,SKS Elektron Broker,entity,出口管制·军工实体(Annex IV),Export control · military end-user (Annex IV),俄罗斯,Russia,2023-06-23,"Local name: Общество с Ограниченной Ответственностью «СКС Электрон Брокер» (ООО «СКС Электрон Брокер»)；A.k.a: OOO SKS Elektron Broker; LLC SKS Electron Broker ｜ Address(es): 117218, Moscow, Krzhizhanovskogo Str., 15, Building 5, Floor 5, Office 517B, Russian Federation; 129301, Moscow, Kosmonavtov S",Общество с Ограниченной Ответственностью «СКС Электрон Брокер» (ООО «СКС Электрон Брокер»),OOO SKS Elektron Broker; LLC SKS Electron Broker,"117218, Moscow, Krzhizhanovskogo Str., 15, Building 5, Floor 5, Office 517B, Russian Federation; 129301, Moscow, Kosmonavtov S",,
Trust Logistics,,Trust Logistics,entity,出口管制·军工实体(Annex IV),Export control · military end-user (Annex IV),俄罗斯,Russia,2023-06-23,"Local name: Общество с Ограниченной Ответственностью «Логистика Доверия» (ООО «Логистика Доверия»)；A.k.a: OOO Logistika Deveriya; Trust Logistics LLC ｜ Address(es): 141402, Moscow Oblast, Khimki, Engels St., 27, Floor 2, Room. 89, Russian Federation; 141402, Moscow Oblast, Khimki, Territory of Shere",Общество с Ограниченной Ответственностью «Логистика Доверия» (ООО «Логистика Доверия»),OOO Logistika Deveriya; Trust Logistics LLC,"141402, Moscow Oblast, Khimki, Engels St., 27, Floor 2, Room. 89, Russian Federation; 141402, Moscow Oblast, Khimki, Territory of Shere",,
Trust Logistics LLC,,Trust Logistics LLC,entity,出口管制·军工实体(Annex IV),Export control · military end-user (Annex IV),俄罗斯,Russia,2023-06-23,"Local name: Общество с Ограниченной Ответственностью «Траст Лоджистикс Групп» (ООО «Траст Лоджистикс Групп»)；A.k.a: Trust Logistics Group LLC; OOO Trast Lodzhistiks Grupp ｜ Address(es): 125368, Moscow, Baryshikha Str., 32, Building 1, Room 1/1, Russian Federation; 141402, Samara; Yelizarova Str., 23",Общество с Ограниченной Ответственностью «Траст Лоджистикс Групп» (ООО «Траст Лоджистикс Групп»),Trust Logistics Group LLC; OOO Trast Lodzhistiks Grupp,"125368, Moscow, Baryshikha Str., 32, Building 1, Room 1/1, Russian Federation; 141402, Samara; Yelizarova Str., 23",,
Alfa Beta Creative LLC,,Alfa Beta Creative LLC,entity,出口管制·军工实体(Annex IV),Export control · military end-user (Annex IV),乌兹别克斯坦,Uzbekistan,2023-06-23,"Local name: ""ALFA BETA CREATIVE"" mas'uliyati cheklangan jamiyati ｜ Address(es): 16A Navoi Street, Shaykhantakhur District, Tashkent, 100011, Republic of Uzbekistan Telephone: 999810409 Email: seva4505@mail.ru Registration number: 309628784 (Tax ID","""ALFA BETA CREATIVE"" mas'uliyati cheklangan jamiyati",,"16A Navoi Street, Shaykhantakhur District, Tashkent, 100011, Republic of Uzbekistan",309628784 (Tax ID,
GFK Logistics Asia LLC,,GFK Logistics Asia LLC,entity,出口管制·军工实体(Annex IV),Export control · military end-user (Annex IV),乌兹别克斯坦,Uzbekistan,2023-06-23,"Local name: ""GFK LOGISTIC ASIA"" mas'uliyati cheklangan jamiyati ｜ Address(es): 16A Navoi Street, Shaykhantakhur District, Tashkent, 100011, Republic of Uzbekistan Telephone: 977467546 Email: lady.k.yu.a31@gmail.com Registration number: 305439019 ","""GFK LOGISTIC ASIA"" mas'uliyati cheklangan jamiyati",,"16A Navoi Street, Shaykhantakhur District, Tashkent, 100011, Republic of Uzbekistan",305439019,
I Jet Global DMCC,,I Jet Global DMCC,entity,出口管制·军工实体(Annex IV),Export control · military end-user (Annex IV),,,2023-06-23,"A.k.a: iJet ｜ Address(es): Damascus, Syrian Arab Republic",,iJet,"Damascus, Syrian Arab Republic",,
I Jet Global DMCC,,I Jet Global DMCC,entity,出口管制·军工实体(Annex IV),Export control · military end-user (Annex IV),阿联酋,United Arab Emirates,2023-06-23,"Local name: آي جت غلوبال م.د.م.س；A.k.a: iJet ｜ Address(es): Unit No: 3504, 1 Lake Plaza, Plot No: JLT-PH2-T2A, Jumeirah Lakes Towers, P.O. Box-211764, Dubai, United Arab Emirates; Telephone: + 971 4 553 04 02 Website: http://ww",آي جت غلوبال م.د.م.س,iJet,"Unit No: 3504, 1 Lake Plaza, Plot No: JLT-PH2-T2A, Jumeirah Lakes Towers, P.O. Box-211764, Dubai, United Arab Emirates",,
Success Aviation Services FZC,,Success Aviation Services FZC,entity,出口管制·军工实体(Annex IV),Export control · military end-user (Annex IV),阿联酋,United Arab Emirates,2023-06-23,"Local name: ساكسيس افييشن سيرفيسز ش م ح；A.k.a: Sucess Aviation; Success Aviation Services FZCO ｜ Address(es): 608, The Apricot Tower, Dubai Silicon Oasis, P.O.BOX-341999, Dubai, United Arab Emirates; Building L1, Sharjah International Airport, Sharjah, United Arab Emirates Tel",ساكسيس افييشن سيرفيسز ش م ح,Sucess Aviation; Success Aviation Services FZCO,"608, The Apricot Tower, Dubai Silicon Oasis, P.O.BOX-341999, Dubai, United Arab Emirates; Building L1, Sharjah International Airport, Sharjah, United Arab Emirates Tel",,
LLC CST (Zala Aero Group),LLC CST,Zala Aero Group,entity,出口管制·军工实体(Annex IV),Export control · military end-user (Annex IV),俄罗斯,Russia,2023-06-23,"Local name: Общество с Ограниченной Ответственностью «ЦСТ» (ООО «ЦСТ»)；A.k.a: Zala Aero Group; Zala Aero ｜ Address(es): 127030, Moscow, Institutskiy Lane, 2, Floor 5, Room 7, Russian Federation; 426011, Izhevsk, UR, P.O. 9050, Russian Federation; 127055, Moscow, Perunovsky Lane, 3, Buil",Общество с Ограниченной Ответственностью «ЦСТ» (ООО «ЦСТ»),Zala Aero Group; Zala Aero,"127030, Moscow, Institutskiy Lane, 2, Floor 5, Room 7, Russian Federation; 426011, Izhevsk, UR, P.O. 9050, Russian Federation; 127055, Moscow, Perunovsky Lane, 3, Buil",,
Iran Aircraft Manufacturing Industries Corporation,,Iran Aircraft Manufacturing Industries Corporation,entity,出口管制·军工实体(Annex IV),Export control · military end-user (Annex IV),伊朗,Iran,2023-06-23,"Local name: شرکت صنایع هواپیماسازی ایران；A.k.a: HESA; Iran Aircraft Manufacturing Industrial Company; Hava Peyma Sazi-e Iran; Havapeyma Sazhran; Havapeyma Sazi Iran; IAMI; IAMCO; HTC ｜ Address(es): P.O. Box 8140, No. 107 Sepahbod Gharany Ave, Tehran, Islamic Republic of Iran; Esfahan, P.O. Box 83145",شرکت صنایع هواپیماسازی ایران,HESA; Iran Aircraft Manufacturing Industrial Company; Hava Peyma Sazi-e Iran; Havapeyma Sazhran; Havapeyma Sazi Iran; IAMI; IAMCO; HTC,"P.O. Box 8140, No. 107 Sepahbod Gharany Ave, Tehran, Islamic Republic of Iran; Esfahan, P.O. Box 83145",,
Closed Joint Stock Company Special Design Bureau,,Closed Joint Stock Company Special Design Bureau,entity,出口管制·军工实体(Annex IV),Export control · military end-user (Annex IV),俄罗斯,Russia,2023-06-23,"Local name: Акционерное Общество «Специальное Конструкторское Бюро» (АО «СКБ»)；A.k.a: ZAO SKB; AO SKB ｜ Address(es): 614014, Perm Krai, Perm, 1905 Goda Str., 35/Zh, Russian Federation Telephone: + 7(342) 260-76-98 Website: http://mz.perm.ru Email: sdg@mz.perm.ru Registration number: ",Акционерное Общество «Специальное Конструкторское Бюро» (АО «СКБ»),ZAO SKB; AO SKB,"614014, Perm Krai, Perm, 1905 Goda Str., 35/Zh, Russian Federation",,http://mz.perm.ru
Federal State Enterprise Kazan State Gunpowder Plant,,Federal State Enterprise Kazan State Gunpowder Plant,entity,出口管制·军工实体(Annex IV),Export control · military end-user (Annex IV),俄罗斯,Russia,2023-06-23,"Local name: Федеральное Казенное Предприятие «Казанский Государственный Казенный Пороховой Завод» (ФКП «КГКПЗ»)；A.k.a: FKP KGKPZ ｜ Address(es): 420032, Republic of Tatarstan, Kazan, Pervogo Maya Str., 14, Russian Federation Telephone: + 7 (843) 554-45-73 Website: http://kazanpowder.ru/ Email: odp@kg",Федеральное Казенное Предприятие «Казанский Государственный Казенный Пороховой Завод» (ФКП «КГКПЗ»),FKP KGKPZ,"420032, Republic of Tatarstan, Kazan, Pervogo Maya Str., 14, Russian Federation",,http://kazanpowder.ru/
Federal State Unitary Enterprise Central Scientific Research Institute of Chemistry and Mechanics,,Federal State Unitary Enterprise Central Scientific Research Institute of Chemistry and Mechanics,entity,出口管制·军工实体(Annex IV),Export control · military end-user (Annex IV),俄罗斯,Russia,2023-06-23,"Local name: Федеральное Государственное Унитарное Предприятие «Центральный Научно-Исследовательский Институт Химии и Механики» (ФГУП «ЦНИИХМ»)；A.k.a: FGUP TSNIIKHM ｜ Address(es): 115487, Moscow, Nagatinskaya Str., 16A, Russian Federation Telephone: + 8 (499) 611-51-29 Website: http://cniihm.ru/ Emai",Федеральное Государственное Унитарное Предприятие «Центральный Научно-Исследовательский Институт Химии и Механики» (ФГУП «ЦНИИХМ»),FGUP TSNIIKHM,"115487, Moscow, Nagatinskaya Str., 16A, Russian Federation",,http://cniihm.ru/ Emai
Federal State Unitary Enterprise Rostov-On-Don Research Institute of Radio Communications,,Federal State Unitary Enterprise Rostov-On-Don Research Institute of Radio Communications,entity,出口管制·军工实体(Annex IV),Export control · military end-user (Annex IV),俄罗斯,Russia,2023-06-23,"Local name: Федеральное Государственное Унитарное Предприятие «Ростовский-На-Дону Научно-Исследовательский Институт Радиосвязи» (ФГУП «РНИИРС» или ФГУП «Федеральный Научно-Производственный Центр РНИИРС»)；A.k.a: FGUP RNIIRS; Federal Research and Production Centre RNIIRS ｜ Address(es): 344038, Rostov ",Федеральное Государственное Унитарное Предприятие «Ростовский-На-Дону Научно-Исследовательский Институт Радиосвязи» (ФГУП «РНИИРС» или ФГУП «Федеральный Научно-Производственный Центр РНИИРС»),FGUP RNIIRS; Federal Research and Production Centre RNIIRS,"344038, Rostov",,
Informtest Firm Limited Liability Company,,Informtest Firm Limited Liability Company,entity,出口管制·军工实体(Annex IV),Export control · military end-user (Annex IV),俄罗斯,Russia,2023-06-23,"Local name: Общество с Ограниченной Ответственностью Фирма «Информтест» (ООО Фирма «Информтест»)；A.k.a: Informtest Firm LLC; OOO Firma Informtest ｜ Address(es): 124482, Moscow, Zelenograd, Savyolkinsky Proezd, 4, Apartment 6, Floor XIV, Room 8, Russian Federation Telephone: + 7 (495) 983-10-73 Websi",Общество с Ограниченной Ответственностью Фирма «Информтест» (ООО Фирма «Информтест»),Informtest Firm LLC; OOO Firma Informtest,"124482, Moscow, Zelenograd, Savyolkinsky Proezd, 4, Apartment 6, Floor XIV, Room 8, Russian Federation",,
Joint Stock Company 150 Aircraft Repair Plant,,Joint Stock Company 150 Aircraft Repair Plant,entity,出口管制·军工实体(Annex IV),Export control · military end-user (Annex IV),俄罗斯,Russia,2023-06-23,"Local name: Акционерное Общество «150 Авиационный Ремонтный Завод» (АО «150 Авиационный Ремонтный Завод»)；A.k.a: JSC 150 ARZ ｜ Address(es): 238347, Kaliningrad Oblast, Svetly, Lublino Village, Garrisonnaya Str., 4, Russian Federation Telephone: + 7 (40152) 2 41 72 Website: http://150-arz.ru/; https:",Акционерное Общество «150 Авиационный Ремонтный Завод» (АО «150 Авиационный Ремонтный Завод»),JSC 150 ARZ,"238347, Kaliningrad Oblast, Svetly, Lublino Village, Garrisonnaya Str., 4, Russian Federation",,http://150-arz.ru/; https:
Joint Stock Company 810 Aircraft Repair Plant,,Joint Stock Company 810 Aircraft Repair Plant,entity,出口管制·军工实体(Annex IV),Export control · military end-user (Annex IV),俄罗斯,Russia,2023-06-23,"Local name: Акционерное Общество «810 Авиационный Ремонтный Завод» (АО «810 Авиационный Ремонтный Завод»)；A.k.a: 810 ARZ ｜ Address(es): 672003, Trans-Baikal Krai, Chita, Vertoletnaya Str., 1, Russian Federation Telephone: + 7 (3022) 28 34 11 Website: https://810arz.ru/; https://rhc.aero/structure/ao",Акционерное Общество «810 Авиационный Ремонтный Завод» (АО «810 Авиационный Ремонтный Завод»),810 ARZ,"672003, Trans-Baikal Krai, Chita, Vertoletnaya Str., 1, Russian Federation",,https://810arz.ru/; https://rhc.aero/structure/ao
Joint Stock Company Arzamas Instrument-Making Plant named after P.I. Plandin,,Joint Stock Company Arzamas Instrument-Making Plant named after P.I. Plandin,entity,出口管制·军工实体(Annex IV),Export control · military end-user (Annex IV),俄罗斯,Russia,2023-06-23,"Local name: Акционерное Общество «Арзамасский Приборостроительный Завод имени П.И. Пландина» (АО «АПЗ»)；A.k.a: AO APZ; Joint Stock Company Plandin Arzamas Instrument Manufacturing Plant ｜ Address(es): 607220, Nizhny Novgorod Oblast, Arzamas, 50 Let VLKSM Str., 8-А, Russian Federation Telephone: + 7 ",Акционерное Общество «Арзамасский Приборостроительный Завод имени П.И. Пландина» (АО «АПЗ»),AO APZ; Joint Stock Company Plandin Arzamas Instrument Manufacturing Plant,"607220, Nizhny Novgorod Oblast, Arzamas, 50 Let VLKSM Str., 8-А, Russian Federation",,
Joint Stock Company Concern Central Institute for Scientific Research Elektropribor,,Joint Stock Company Concern Central Institute for Scientific Research Elektropribor,entity,出口管制·军工实体(Annex IV),Export control · military end-user (Annex IV),俄罗斯,Russia,2023-06-23,"Local name: Акционерное Общество «Концерн «Центральный Научно-Исследовательский Институт «Электроприбор» (АО «Концерн «ЦНИИ «Электроприбор»)；A.k.a: Concern TsNII Elektropribor; State Research Center of the Russian Federation Concern CSRI Elektropribor, JSC; Elektropribor ｜ Address(es): 197046, St. P",Акционерное Общество «Концерн «Центральный Научно-Исследовательский Институт «Электроприбор» (АО «Концерн «ЦНИИ «Электроприбор»),"Concern TsNII Elektropribor; State Research Center of the Russian Federation Concern CSRI Elektropribor, JSC; Elektropribor","197046, St. P",,
Joint Stock Company Dux,,Joint Stock Company Dux,entity,出口管制·军工实体(Annex IV),Export control · military end-user (Annex IV),俄罗斯,Russia,2023-06-23,"Local name: Акционерное Общество «Дукс» (АО «Дукс»)；A.k.a: AO DUKS ｜ Address(es): 125124, Moscow, Pravdy Str. 8, Building 3, Room 1/2, Russian Federation Telephone: + 7 (499) 257-10-93 Website: http://duks.su/ Email: info@duks.su Registration number",Акционерное Общество «Дукс» (АО «Дукс»),AO DUKS,"125124, Moscow, Pravdy Str. 8, Building 3, Room 1/2, Russian Federation",,http://duks.su/
Joint Stock Company Eastern Shipyard,,Joint Stock Company Eastern Shipyard,entity,出口管制·军工实体(Annex IV),Export control · military end-user (Annex IV),俄罗斯,Russia,2023-06-23,"Local name: Акционерное Общество «Восточная Верфь» (АО «Восточная Верфь»)；A.k.a: AO Vostochnaya Verf; JSC Vostochnaia Verf; AO V-VERF ｜ Address(es): 690017, Primorsky Krai, Vladivostok, Geroev Tikachestsev Str., 1, Russian Federation Telephone: + 7 423 265-88-10 Website: https://vverf.ru/ Email: Inf",Акционерное Общество «Восточная Верфь» (АО «Восточная Верфь»),AO Vostochnaya Verf; JSC Vostochnaia Verf; AO V-VERF,"690017, Primorsky Krai, Vladivostok, Geroev Tikachestsev Str., 1, Russian Federation",,https://vverf.ru/
Joint Stock Company Information Satellite Systems Named After Academician M.F. Reshetnev,,Joint Stock Company Information Satellite Systems Named After Academician M.F. Reshetnev,entity,出口管制·军工实体(Annex IV),Export control · military end-user (Annex IV),俄罗斯,Russia,2023-06-23,"Local name: Акционерное Общество «Нформационные Спутниковые Системы» имени Академика М.Ф. Решетнёва» (АО «Решетнёв»)；A.k.a: AO ISS, AO Reshetnev; Satellite Information Systems Reshetnev ｜ Address(es): 662972, Krasnoyarsk Krai, Zheleznogorsk, Lenina Str., 52, Russian Federation Telephone: + 7 (3919) ",Акционерное Общество «Нформационные Спутниковые Системы» имени Академика М.Ф. Решетнёва» (АО «Решетнёв»),"AO ISS, AO Reshetnev; Satellite Information Systems Reshetnev","662972, Krasnoyarsk Krai, Zheleznogorsk, Lenina Str., 52, Russian Federation",,
Joint Stock Company Izhevsk Electromechanical Plant Kupol,,Joint Stock Company Izhevsk Electromechanical Plant Kupol,entity,出口管制·军工实体(Annex IV),Export control · military end-user (Annex IV),俄罗斯,Russia,2023-06-23,"Local name: Акционерное Общество «Ижевский Электромеханический Завод «Купол» (АО «ИЭМЗ «Купол»)；A.k.a: AO IEMZ Kupol ｜ Address(es): 426033, Udmurt Republic, Izhevsk, Pesochnaya Str., 3, Russian Federation Telephone: + 7 (3412) 72-22-09 Website: https://kupol.ru/ Email: iemz@kupol.ru Registration nu",Акционерное Общество «Ижевский Электромеханический Завод «Купол» (АО «ИЭМЗ «Купол»),AO IEMZ Kupol,"426033, Udmurt Republic, Izhevsk, Pesochnaya Str., 3, Russian Federation",,https://kupol.ru/
Joint Stock Company Kazan Optical-Mechanical Plant,,Joint Stock Company Kazan Optical-Mechanical Plant,entity,出口管制·军工实体(Annex IV),Export control · military end-user (Annex IV),俄罗斯,Russia,2023-06-23,"Local name: Акционерное Общество «Казанский Оптико-Механический Завод» (АО «КОМЗ»)；A.k.a: AO KOMZ; JSC Kazan Optical and Mechanical Plant ｜ Address(es): 420075, Republic of Tatarstan, Kazan, Lipatova Str., 37, Russian Federation Telephone: + 7(843) 235-80-01 Website: https://komzrt.ru/ Email: Info@k",Акционерное Общество «Казанский Оптико-Механический Завод» (АО «КОМЗ»),AO KOMZ; JSC Kazan Optical and Mechanical Plant,"420075, Republic of Tatarstan, Kazan, Lipatova Str., 37, Russian Federation",,https://komzrt.ru/
Joint Stock Company Khabarovsk Shipbuilding Yard,,Joint Stock Company Khabarovsk Shipbuilding Yard,entity,出口管制·军工实体(Annex IV),Export control · military end-user (Annex IV),俄罗斯,Russia,2023-06-23,"Local name: Акционерное Общество «Хабаровский Судостроительный Завод» (АО «ХСЗ»)；A.k.a: Joint-Stock Company Khabarovskiy Shipyard; Joint-Stock Company Khabarovsky Shipbuilding Plant; AO KhSZ ｜ Address(es): 680003, Khabarovsk Krai, Khabarovsk, Suvorova Str., 1, Russian Federation Telephone: + 7 (4212",Акционерное Общество «Хабаровский Судостроительный Завод» (АО «ХСЗ»),Joint-Stock Company Khabarovskiy Shipyard; Joint-Stock Company Khabarovsky Shipbuilding Plant; AO KhSZ,"680003, Khabarovsk Krai, Khabarovsk, Suvorova Str., 1, Russian Federation",,
Joint Stock Company Machine Building Company Vityaz,,Joint Stock Company Machine Building Company Vityaz,entity,出口管制·军工实体(Annex IV),Export control · military end-user (Annex IV),俄罗斯,Russia,2023-06-23,"Local name: Акционерное Общество «Машиностроительная Компания «Витязь» (АО «МК «Витязь»)；A.k.a: MK Vityaz AO; JSC Vityaz ｜ Address(es): 453203, Republic of Bashkortostan, Ishimbay District, Ishimbay, Industrialnoye Shosse, 2, Russian Federation Telephone: 8(34794)2-47-87 Website: http://bolotohod.ru",Акционерное Общество «Машиностроительная Компания «Витязь» (АО «МК «Витязь»),MK Vityaz AO; JSC Vityaz,"453203, Republic of Bashkortostan, Ishimbay District, Ishimbay, Industrialnoye Shosse, 2, Russian Federation",,http://bolotohod.ru
Joint Stock Company Management Company Radiostandard,,Joint Stock Company Management Company Radiostandard,entity,出口管制·军工实体(Annex IV),Export control · military end-user (Annex IV),俄罗斯,Russia,2023-06-23,"Local name: Акционерное Общество «Управляющая Компания «Радиостандарт» (АО «УК «Радиостандарт»)；A.k.a: JSC MC Radiostandard; AO UK Radiostandart ｜ Address(es): 198097, St. Petersburg, Marshala Govorova Str., 29, Letter N, Russian Federation Telephone: + 7 812 336-70-55; + 7 (812) 319-67-82 Website: ",Акционерное Общество «Управляющая Компания «Радиостандарт» (АО «УК «Радиостандарт»),JSC MC Radiostandard; AO UK Radiostandart,"198097, St. Petersburg, Marshala Govorova Str., 29, Letter N, Russian Federation",,
Joint Stock Company Marine Instrument Engineering Corporation,,Joint Stock Company Marine Instrument Engineering Corporation,entity,出口管制·军工实体(Annex IV),Export control · military end-user (Annex IV),俄罗斯,Russia,2023-06-23,"Local name: Акционерное Общество «Корпорация Морского Приборостроения» (АО «КМП»)；A.k.a: AO KMP; JSC Marine Instrumentation Corporation ｜ Address(es): 197046, St. Petersburg, Malaya Posadskaya Str., 30, Letter A, Russian Federation Telephone: + 8 (800)222-86-68 Website: https://aokmp.ru/ Email: mail",Акционерное Общество «Корпорация Морского Приборостроения» (АО «КМП»),AO KMP; JSC Marine Instrumentation Corporation,"197046, St. Petersburg, Malaya Posadskaya Str., 30, Letter A, Russian Federation",,https://aokmp.ru/
Joint Stock Company NII Gidrosvyazi Shtil,,Joint Stock Company NII Gidrosvyazi Shtil,entity,出口管制·军工实体(Annex IV),Export control · military end-user (Annex IV),俄罗斯,Russia,2023-06-23,"Local name: Акционерное Общество «Научно-Исследовательский Институт Гидросвязи «Штиль» (АО «НИИ Гидросвязи «Штиль»)；A.k.a: JSC Research Institute of Hydrocommunication ""Shtil"" ｜ Address(es): 400081, Volgograd Oblast, Volgograd, Angarskaya Str., 17, Russian Federation Telephone: + 7 (8442) 49-98-52 W",Акционерное Общество «Научно-Исследовательский Институт Гидросвязи «Штиль» (АО «НИИ Гидросвязи «Штиль»),"JSC Research Institute of Hydrocommunication ""Shtil""","400081, Volgograd Oblast, Volgograd, Angarskaya Str., 17, Russian Federation",,
Joint Stock Company Nizhny Novgorod Plant of the 70th Anniversary of Victory,,Joint Stock Company Nizhny Novgorod Plant of the 70th Anniversary of Victory,entity,出口管制·军工实体(Annex IV),Export control · military end-user (Annex IV),俄罗斯,Russia,2023-06-23,"Local name: Акционерное Общество «Нижегородский Завод 70-Летия Победы» (АО «НЗ 70-Летия Победы»)；A.k.a: AO Nizhegorodskiy Zavod 70 Letiya Pobedy; NZSLP; AO NZ 70-Letiya Pobedy ｜ Address(es): 603052, Nizhny Novgorod Oblast, Nizhny Novgorod, Sormovskoe Highway, 21, Russian Federation Telephone: + 7 (8",Акционерное Общество «Нижегородский Завод 70-Летия Победы» (АО «НЗ 70-Летия Победы»),AO Nizhegorodskiy Zavod 70 Letiya Pobedy; NZSLP; AO NZ 70-Letiya Pobedy,"603052, Nizhny Novgorod Oblast, Nizhny Novgorod, Sormovskoe Highway, 21, Russian Federation",,
Joint Stock Company Northern Production Association Arktika,,Joint Stock Company Northern Production Association Arktika,entity,出口管制·军工实体(Annex IV),Export control · military end-user (Annex IV),俄罗斯,Russia,2023-06-23,"Local name: Акционерное Общество «Северное Производственное Объединение «Арктика» (АО «СПО «Арктика»)；A.k.a: JSC SPO Arktika ｜ Address(es): 164500, 34 Arkhangelsk Oblast, Severodvinsk, Arkhangelskoye Shosse, Russian Federation Telephone: + 7 8184 58-75-99 Website: https://spoarktika.ru/ Email: arkti",Акционерное Общество «Северное Производственное Объединение «Арктика» (АО «СПО «Арктика»),JSC SPO Arktika,"164500, 34 Arkhangelsk Oblast, Severodvinsk, Arkhangelskoye Shosse, Russian Federation",,https://spoarktika.ru/
Joint Stock Company Perm Machine Building Plant,,Joint Stock Company Perm Machine Building Plant,entity,出口管制·军工实体(Annex IV),Export control · military end-user (Annex IV),俄罗斯,Russia,2023-06-23,"Local name: Акционерное Общество «Пермский Завод «Машиностроитель» (АО «ПЗ «Маш», АО «Пермский Завод «Машиностроитель»)；A.k.a: JSC PZ Mash; AO PZ Mash; AO Permskiy Zavod Mashinostroitel; JSC PP Mash; JSC Perm Plant Mashinostroitel ｜ Address(es): 614014, Perm Krai, Perm, Novozvyaginskaya Str., 57, Ru","Акционерное Общество «Пермский Завод «Машиностроитель» (АО «ПЗ «Маш», АО «Пермский Завод «Машиностроитель»)",JSC PZ Mash; AO PZ Mash; AO Permskiy Zavod Mashinostroitel; JSC PP Mash; JSC Perm Plant Mashinostroitel,"614014, Perm Krai, Perm, Novozvyaginskaya Str., 57, Ru",,
Joint Stock Company Production Complex Akhtuba,,Joint Stock Company Production Complex Akhtuba,entity,出口管制·军工实体(Annex IV),Export control · military end-user (Annex IV),俄罗斯,Russia,2023-06-23,"Local name: Акционерное Общество «Производственный Комплекс «Ахтуба» (АО «ПК «Ахтуба»)；A.k.a: JSC PC Akhtuba; AO PK Akhtuba ｜ Address(es): 400081, Volgogradskaya Oblast, Volgograd, Angarskaya Str., 17, Russian Federation Telephone: + 7 (8442) 37-69-48 Website: http://akhtuba.ru/ Email: pk@akhtuba.ru",Акционерное Общество «Производственный Комплекс «Ахтуба» (АО «ПК «Ахтуба»),JSC PC Akhtuba; AO PK Akhtuba,"400081, Volgogradskaya Oblast, Volgograd, Angarskaya Str., 17, Russian Federation",,http://akhtuba.ru/
Joint Stock Company Project Design Bureau RIO,,Joint Stock Company Project Design Bureau RIO,entity,出口管制·军工实体(Annex IV),Export control · military end-user (Annex IV),俄罗斯,Russia,2023-06-23,"Local name: Акционерное Общество «Проектно-Конструкторское Бюро «РИО» (АО «ПКБ «РИО»)；A.k.a: JSC PKB RIO; RIO Design Bureau; Joint Stock Company ""Design and Engineering Bureau RIO"" ｜ Address(es): 199155, St. Petersburg, Uralskaya Str., 19, Building 9, Letter Zh, Russian Federation Telephone: + 7 (81",Акционерное Общество «Проектно-Конструкторское Бюро «РИО» (АО «ПКБ «РИО»),"JSC PKB RIO; RIO Design Bureau; Joint Stock Company ""Design and Engineering Bureau RIO""","199155, St. Petersburg, Uralskaya Str., 19, Building 9, Letter Zh, Russian Federation",,
Joint Stock Company Scientific Production Association Orion,,Joint Stock Company Scientific Production Association Orion,entity,出口管制·军工实体(Annex IV),Export control · military end-user (Annex IV),俄罗斯,Russia,2023-06-23,"Local name: Акционерное Общество «НПО «Орион» (АО «НПО «Орион»)；A.k.a: JSC SPA Orion; AO NPO Orion; Orion Research Production Association ｜ Address(es): 111538, Moscow, Kosinskaya Str., 9, Russian Federation Telephone: + 7 (499) 374-94-00 Website: https://orion-ir.ru/ Email: orion@orion-ir.ru Regist",Акционерное Общество «НПО «Орион» (АО «НПО «Орион»),JSC SPA Orion; AO NPO Orion; Orion Research Production Association,"111538, Moscow, Kosinskaya Str., 9, Russian Federation",,https://orion-ir.ru/
Joint Stock Company Scientific Production Association Volna Plant,,Joint Stock Company Scientific Production Association Volna Plant,entity,出口管制·军工实体(Annex IV),Export control · military end-user (Annex IV),俄罗斯,Russia,2023-06-23,"Local name: Акционерное Общество «Научно-Производственное Объединение Завод «Волна» (АО «НПО Завод «Волна»)；A.k.a: AO NPO Zavod Volnaб AO Nauchno-Proizvodstvennoe Obedinenie Zavod Volna; JSC SPA Volna Plant; Volna SPB ｜ Address(es): 198095, St. Petersburg, Marshal Govorova Str., 29, Russian Federati",Акционерное Общество «Научно-Производственное Объединение Завод «Волна» (АО «НПО Завод «Волна»),AO NPO Zavod Volnaб AO Nauchno-Proizvodstvennoe Obedinenie Zavod Volna; JSC SPA Volna Plant; Volna SPB,"198095, St. Petersburg, Marshal Govorova Str., 29, Russian Federati",,
Joint Stock Company Scientific Research Engineering Institute,,Joint Stock Company Scientific Research Engineering Institute,entity,出口管制·军工实体(Annex IV),Export control · military end-user (Annex IV),俄罗斯,Russia,2023-06-23,"Local name: Акционерное Общество «Научно-Исследовательский Инженерный Институт» (АО «НИИИ»)；A.k.a: AO NIII; AO Nauchno-Issledovatelskiy Inzhenerniy Institut; JSC SREI ｜ Address(es): 143900, Moscow Oblast, Balashikha, Enthusiastov Shosse (Territory of the Western Industrial Zone), 6, Russian Federati",Акционерное Общество «Научно-Исследовательский Инженерный Институт» (АО «НИИИ»),AO NIII; AO Nauchno-Issledovatelskiy Inzhenerniy Institut; JSC SREI,"143900, Moscow Oblast, Balashikha, Enthusiastov Shosse (Territory of the Western Industrial Zone), 6, Russian Federati",,
Joint Stock Company Scientific Research Institute of Computing Complexes Named After M.A. Kartsev,,Joint Stock Company Scientific Research Institute of Computing Complexes Named After M.A. Kartsev,entity,出口管制·军工实体(Annex IV),Export control · military end-user (Annex IV),俄罗斯,Russia,2023-06-23,Local name: Акционерное Общество «Научно-Исследовательский Институт Вычислительных Комплексов им. М.А. Карцева» (АО «НИИВК им. М. А. Карцева»)；A.k.a: AO NIIVK N.A. M.A. Kartsev; AO NIIVK im. M.A. Kartsev; AO Nauchno-Issledelvatelsky Institut Vychislitelnykh Kompleksov imeni M.A. Kartseva ｜ Address(e,Акционерное Общество «Научно-Исследовательский Институт Вычислительных Комплексов им. М.А. Карцева» (АО «НИИВК им. М. А. Карцева»),AO NIIVK N.A. M.A. Kartsev; AO NIIVK im. M.A. Kartsev; AO Nauchno-Issledelvatelsky Institut Vychislitelnykh Kompleksov imeni M.A. Kartseva,,,
Joint Stock Company Scientific Technical Institute Radiosvyaz,,Joint Stock Company Scientific Technical Institute Radiosvyaz,entity,出口管制·军工实体(Annex IV),Export control · military end-user (Annex IV),俄罗斯,Russia,2023-06-23,"Local name: Акционерное Общество «Научно-Технический Институт «Радиосвязь» (АО «НТИ «Радиосвязь»)；A.k.a: AO NTO Radiosvyaz ｜ Address(es): 198097, St. Petersburg, Marshala Govorova Str., 29, Letter N, Russian Federation Telephone: + 7 (812) 714-28-54; + 7 (812) 305-25-20; + 7 (812) 305-25-28 Website:",Акционерное Общество «Научно-Технический Институт «Радиосвязь» (АО «НТИ «Радиосвязь»),AO NTO Radiosvyaz,"198097, St. Petersburg, Marshala Govorova Str., 29, Letter N, Russian Federation",,
Joint Stock Company Taganrog Plant Priboy,,Joint Stock Company Taganrog Plant Priboy,entity,出口管制·军工实体(Annex IV),Export control · military end-user (Annex IV),俄罗斯,Russia,2023-06-23,"Local name: Акционерное Общество «Таганрогский Завод «Прибой» (АО «ТЗ «Прибой»)；A.k.a: AO TZ Priboy ｜ Address(es): 347913, Rostov Oblast, Taganrog, Bolshaya Bulvarnaya Str., 13, Russian Federation Telephone: + 7 (812) 313-61-81 Website: https://pkb-rio.com/ Email: rio@pkb-rio.com R",Акционерное Общество «Таганрогский Завод «Прибой» (АО «ТЗ «Прибой»),AO TZ Priboy,"347913, Rostov Oblast, Taganrog, Bolshaya Bulvarnaya Str., 13, Russian Federation",,https://pkb-rio.com/
Joint Stock Company Tula Cartridge Works,,Joint Stock Company Tula Cartridge Works,entity,出口管制·军工实体(Annex IV),Export control · military end-user (Annex IV),俄罗斯,Russia,2023-06-23,"Local name: Акционерное Общество «Тульский Патронный Завод» (АО «ТПЗ»)；A.k.a: Tula Cartridge Plant JSC; TulAmmo; JSC ""Tula Ammunition Plant""; AO TPZ ｜ Address(es): 300004, Tula Oblast, Tula, Marata Str., 47B, Russian Federation Telephone: + 7 4872 46 90 43 Website: https://tulammo.ru/ Email: tpz@tul",Акционерное Общество «Тульский Патронный Завод» (АО «ТПЗ»),"Tula Cartridge Plant JSC; TulAmmo; JSC ""Tula Ammunition Plant""; AO TPZ","300004, Tula Oblast, Tula, Marata Str., 47B, Russian Federation",,https://tulammo.ru/
Joint Stock Company Tula Machine-Building Plant,,Joint Stock Company Tula Machine-Building Plant,entity,出口管制·军工实体(Annex IV),Export control · military end-user (Annex IV),俄罗斯,Russia,2023-06-23,"Local name: Акционерное Общество «Акционерная Компания «Туламашзавод» (АО «АК «Туламашзавод»)；A.k.a: AO AK Tulamashzavod ｜ Address(es): 300002, Tula Oblast, Tula, Mosina Str., 2, Russian Federation Telephone: + 7 (4872) 32-10-09; + 7 (4872) 55-87-13 Website: http://www.tulamash.ru/ Email: sekretar@t",Акционерное Общество «Акционерная Компания «Туламашзавод» (АО «АК «Туламашзавод»),AO AK Tulamashzavod,"300002, Tula Oblast, Tula, Mosina Str., 2, Russian Federation",,http://www.tulamash.ru/
Joint Stock Company Ulan-Ude Aviation Plant,,Joint Stock Company Ulan-Ude Aviation Plant,entity,出口管制·军工实体(Annex IV),Export control · military end-user (Annex IV),俄罗斯,Russia,2023-06-23,"Local name: Акционерное Общество «Улан-Удэнский Авиационный Завод» (АО «У-УАЗ»)；A.k.a: JSC UUAP; U-UAP JSC; AO U-UAZ; Ulan-Ude Aircraft Aviation Plant; Ulan-Ude Aviation Factory ｜ Address(es): 670009, Republic of Buryatia, Ulan-Ude, Khorinskaya Str., 1, Russian Federation; 670009, Republic of Buryat",Акционерное Общество «Улан-Удэнский Авиационный Завод» (АО «У-УАЗ»),JSC UUAP; U-UAP JSC; AO U-UAZ; Ulan-Ude Aircraft Aviation Plant; Ulan-Ude Aviation Factory,"670009, Republic of Buryatia, Ulan-Ude, Khorinskaya Str., 1, Russian Federation; 670009, Republic of Buryat",,
Joint Stock Company Ulyanovsk Cartridge Works,,Joint Stock Company Ulyanovsk Cartridge Works,entity,出口管制·军工实体(Annex IV),Export control · military end-user (Annex IV),俄罗斯,Russia,2023-06-23,"Local name: Акционерное Общество «Ульяновский Патронный Завод» (АО «УПЗ»)；A.k.a: AO UPZ; JSC ""Ulyanovsk Ammunition Plant"" ｜ Address(es): 432007, Ulyanovsk Oblast, Ulyanovsk, Shoferov Str., 1, Russian Federation Telephone: + 8 (8422) 26-95-55 Website: https://ulnammo.ru/ Email: info@ulnammo.ru Regist",Акционерное Общество «Ульяновский Патронный Завод» (АО «УПЗ»),"AO UPZ; JSC ""Ulyanovsk Ammunition Plant""","432007, Ulyanovsk Oblast, Ulyanovsk, Shoferov Str., 1, Russian Federation",,https://ulnammo.ru/
Joint Stock Company Ural Automotive Plant,,Joint Stock Company Ural Automotive Plant,entity,出口管制·军工实体(Annex IV),Export control · military end-user (Annex IV),俄罗斯,Russia,2023-06-23,"Local name: Акционерное Общество «Автомобильный Завод «Урал» (АО «АЗ «УРАЛ», АО «Автомобильный Завод «Урал»)；A.k.a: Ural AZ; JSC Automobile Plant URAL; AO AZ Ural ｜ Address(es): 456304, Chelyabinsk Oblast, Miass, Avtozavodtsev Prospekt, 1, Russian Federation Telephone: 8-800-100-11-74; + 7 (3513) 55","Акционерное Общество «Автомобильный Завод «Урал» (АО «АЗ «УРАЛ», АО «Автомобильный Завод «Урал»)",Ural AZ; JSC Automobile Plant URAL; AO AZ Ural,"456304, Chelyabinsk Oblast, Miass, Avtozavodtsev Prospekt, 1, Russian Federation",,
Joint Stock Company Vodtranspribor,,Joint Stock Company Vodtranspribor,entity,出口管制·军工实体(Annex IV),Export control · military end-user (Annex IV),俄罗斯,Russia,2023-06-23,"Local name: Акционерное Общество «Водтрансприбор» (АО «Водтрансприбор») ｜ Address(es): 197342, St. Petersburg, Serdobolskaya Str., 64, Russian Federation Telephone: + 7 (812) 416-55-39 Website: https://vodtranspribor.ru/ Email: vtp@vtp.ru Registration nu",Акционерное Общество «Водтрансприбор» (АО «Водтрансприбор»),,"197342, St. Petersburg, Serdobolskaya Str., 64, Russian Federation",,https://vodtranspribor.ru/
Joint Stock Company Zavolzhskiy Plant of Caterpillar Tractors,,Joint Stock Company Zavolzhskiy Plant of Caterpillar Tractors,entity,出口管制·军工实体(Annex IV),Export control · military end-user (Annex IV),俄罗斯,Russia,2023-06-23,"Local name: Акционерное Общество «Заволжский Завод Гусеничных Тягачей» (АО «ЗЗГТ»)；A.k.a: AO ZZGT; AO Zavolzhskiy Zavod Gusenichnikh Tyagachey; JSC ZCVP; Joint Stock Company ""Zavolzhsky Crawler Vehicle Plant"" ｜ Address(es): 606522, Nizhny Novgorod Oblast, Gorodetsky District, Zavolzhye, Zheleznodoro",Акционерное Общество «Заволжский Завод Гусеничных Тягачей» (АО «ЗЗГТ»),"AO ZZGT; AO Zavolzhskiy Zavod Gusenichnikh Tyagachey; JSC ZCVP; Joint Stock Company ""Zavolzhsky Crawler Vehicle Plant""","606522, Nizhny Novgorod Oblast, Gorodetsky District, Zavolzhye, Zheleznodoro",,
Joint Stock Company Zelenodolsk Plant Named After A.M. Gorky,,Joint Stock Company Zelenodolsk Plant Named After A.M. Gorky,entity,出口管制·军工实体(Annex IV),Export control · military end-user (Annex IV),俄罗斯,Russia,2023-06-23,"Local name: Акционерное Общество «Зеленодольский Завод имени А.М. Горького» (АО «Зеленодольский Завод имени А.М. Горького»)；A.k.a: JSC Zelenodolsk Shipyard; AO Zelenodolsky Zavod imeni A.M. Gorkogo ｜ Address(es): 422546, Republic of Tatarstan, Zelenodolsk District, Zelenodolsk, Zavodskaya Str., 5, R",Акционерное Общество «Зеленодольский Завод имени А.М. Горького» (АО «Зеленодольский Завод имени А.М. Горького»),JSC Zelenodolsk Shipyard; AO Zelenodolsky Zavod imeni A.M. Gorkogo,"422546, Republic of Tatarstan, Zelenodolsk District, Zelenodolsk, Zavodskaya Str., 5, R",,
Machine Building Group Limited Liability Company,,Machine Building Group Limited Liability Company,entity,出口管制·军工实体(Annex IV),Export control · military end-user (Annex IV),俄罗斯,Russia,2023-06-23,"Local name: Общество с Ограниченной Ответственностью «Машиностроительная Группа» (ООО «МГ»)；A.k.a: Machine Building Group; OOO Mashinostroitelnaya Gruppa; OOO MG; MG LLC ｜ Address(es): 123376, Moscow, Rochdelskaya Str., 15, Building 1, Russian Federation; 123022, Moscow, Rochdelskaya Str., 15, Build",Общество с Ограниченной Ответственностью «Машиностроительная Группа» (ООО «МГ»),Machine Building Group; OOO Mashinostroitelnaya Gruppa; OOO MG; MG LLC,"123376, Moscow, Rochdelskaya Str., 15, Building 1, Russian Federation; 123022, Moscow, Rochdelskaya Str., 15, Build",,
Military Industrial Company Limited Liability Company,,Military Industrial Company Limited Liability Company,entity,出口管制·军工实体(Annex IV),Export control · military end-user (Annex IV),俄罗斯,Russia,2023-06-23,"Local name: Общество С Ограниченной Ответственностью «Военно-Промышленная Компания» (ООО «ВПК»)；A.k.a: LLC Voenno-Promyshlennaya Kompaniya; OOO VPK; VPK Military Industrial Company ｜ Address(es): 123376, Rochdelskaya Str., 15, Building 8, Russian Federation Telephone: + 7 (495) 662-10-57 Website: ht",Общество С Ограниченной Ответственностью «Военно-Промышленная Компания» (ООО «ВПК»),LLC Voenno-Promyshlennaya Kompaniya; OOO VPK; VPK Military Industrial Company,"123376, Rochdelskaya Str., 15, Building 8, Russian Federation",,
Open Joint Stock Company Degtyaryov Plant,,Open Joint Stock Company Degtyaryov Plant,entity,出口管制·军工实体(Annex IV),Export control · military end-user (Annex IV),俄罗斯,Russia,2023-06-23,"Local name: Открытое Акционерное Общество «Завод им. В.А. Дегтярева» (ОАО «ЗИД»)；A.k.a: OJSC Plant im. V.A. Degtyareva; Degtyaryov Factory; OAO ZiD; Open Joint Stock Company ""Plant named after. V.A. Degtyarev""; Open Joint Stock Company ""V.A. Degtyarev Plant"" ｜ Address(es): 601900, Vladimir Oblast, K",Открытое Акционерное Общество «Завод им. В.А. Дегтярева» (ОАО «ЗИД»),"OJSC Plant im. V.A. Degtyareva; Degtyaryov Factory; OAO ZiD; Open Joint Stock Company ""Plant named after. V.A. Degtyarev""; Open Joint Stock Company ""V.A. Degtyarev Plant""","601900, Vladimir Oblast, K",,
Promtekhnologiya Limited Liability Company,,Promtekhnologiya Limited Liability Company,entity,出口管制·军工实体(Annex IV),Export control · military end-user (Annex IV),俄罗斯,Russia,2023-06-23,"Local name: Общество с Ограниченной Ответственностью «Промтехнология» (ООО «Промтехнология»)；A.k.a: LLC ""Promtechnology""; Limited Liability Company Promtechnologia; OOO Promtekhnologiya; ORSIS ｜ Address(es): 109052, Moscow, 14 Podyomnaya Str.,14, Building 8; Russian Federation; 117218, Moscow, Krzhi",Общество с Ограниченной Ответственностью «Промтехнология» (ООО «Промтехнология»),"LLC ""Promtechnology""; Limited Liability Company Promtechnologia; OOO Promtekhnologiya; ORSIS","109052, Moscow, 14 Podyomnaya Str.,14, Building 8; Russian Federation; 117218, Moscow, Krzhi",,
Public Joint Stock Company Kurganmashzavod,,Public Joint Stock Company Kurganmashzavod,entity,出口管制·军工实体(Annex IV),Export control · military end-user (Annex IV),俄罗斯,Russia,2023-06-23,"Local name: Акционерное Общество «Курганский Машиностроительный Завод» (АО «Курганмашзавод»)；A.k.a: AO Kurganmashzavod; Joint Stock Company ""Kurgan Machine-Building Plant"" ｜ Address(es): 640021, Kurgan Oblast, Kurgan, Mashinostroiteley Prospekt, 17, Office Letter 1Zh, Russian Federation Telephone: +",Акционерное Общество «Курганский Машиностроительный Завод» (АО «Курганмашзавод»),"AO Kurganmashzavod; Joint Stock Company ""Kurgan Machine-Building Plant""","640021, Kurgan Oblast, Kurgan, Mashinostroiteley Prospekt, 17, Office Letter 1Zh, Russian Federation",,
Public Joint Stock Company Motovilikha Plants,,Public Joint Stock Company Motovilikha Plants,entity,出口管制·军工实体(Annex IV),Export control · military end-user (Annex IV),俄罗斯,Russia,2023-06-23,Local name: Публичное Акционерное Общество Специального Машиностроения и Металлургии «Мотовилихинские Заводы» (ПАО «Мотовилихинские Заводы»)；A.k.a: PJSC Motovilikha Plants; Public Joint Stock Company of Special Machine Building and Metallurgy Motovilikhinskie Zavody; PJSC Motovilikhinskie Zavody ｜ A,Публичное Акционерное Общество Специального Машиностроения и Металлургии «Мотовилихинские Заводы» (ПАО «Мотовилихинские Заводы»),PJSC Motovilikha Plants; Public Joint Stock Company of Special Machine Building and Metallurgy Motovilikhinskie Zavody; PJSC Motovilikhinskie Zavody,,,
Public Joint Stock Company Proletarsky Plant,,Public Joint Stock Company Proletarsky Plant,entity,出口管制·军工实体(Annex IV),Export control · military end-user (Annex IV),俄罗斯,Russia,2023-06-23,"Local name: Публичное Акционерное Общество «Пролетарский Завод» (ПАО «Пролетарский Завод»)；A.k.a: PJSC Proletarsky Factory; PAO Proletarsky Zavod ｜ Address(es): 192029, St. Petersburg, Dudko Str., 3, Russian Federation Telephone: + 7 (812) 640-11-69 Website: https://proletarsky.ru/ Email: info@prole",Публичное Акционерное Общество «Пролетарский Завод» (ПАО «Пролетарский Завод»),PJSC Proletarsky Factory; PAO Proletarsky Zavod,"192029, St. Petersburg, Dudko Str., 3, Russian Federation",,https://proletarsky.ru/
Public Joint Stock Company Rostvertol,,Public Joint Stock Company Rostvertol,entity,出口管制·军工实体(Annex IV),Export control · military end-user (Annex IV),俄罗斯,Russia,2023-06-23,"Local name: Ростовский Вертолетный Производственный Комплекс Публичное Акционерное Общество «Роствертол» имени Б.Н.слюсаря (ПАО «Роствертол»)；A.k.a: Rostov Helicopter Production Complex; Rostvertol PJSC; PAO Rosvertol; Rostov Helicopter Production Complex Public Joint Stock Company ""Rostvertol"" name",Ростовский Вертолетный Производственный Комплекс Публичное Акционерное Общество «Роствертол» имени Б.Н.слюсаря (ПАО «Роствертол»),"Rostov Helicopter Production Complex; Rostvertol PJSC; PAO Rosvertol; Rostov Helicopter Production Complex Public Joint Stock Company ""Rostvertol"" name",,,
Scientific Production Association Izhevsk Unmanned Systems Limited Liability Company,,Scientific Production Association Izhevsk Unmanned Systems Limited Liability Company,entity,出口管制·军工实体(Annex IV),Export control · military end-user (Annex IV),俄罗斯,Russia,2023-06-23,"Local name: Общество с Ограниченной Ответственностью «Научно-Производственное Объединение «Ижевские Беспилотные Систем» (ООО «НПО «ИжБС»)；A.k.a: Izhevsk Unmanned Systems Research and Production Association LLC; Limited Liability Company ""Research and Production Association ""Izhevsk Unmanned Systems""",Общество с Ограниченной Ответственностью «Научно-Производственное Объединение «Ижевские Беспилотные Систем» (ООО «НПО «ИжБС»),"Izhevsk Unmanned Systems Research and Production Association LLC; Limited Liability Company ""Research and Production Association ""Izhevsk Unmanned Systems""",,,
Scientific Production Enterprise Prima Limited Liability Company,,Scientific Production Enterprise Prima Limited Liability Company,entity,出口管制·军工实体(Annex IV),Export control · military end-user (Annex IV),俄罗斯,Russia,2023-06-23,"Local name: Общество с Ограниченной Ответственностью «Научно-Производственное Предприяти «Прима» (ООО НПП «Прима»)；A.k.a: NPP Proma; OOO Nauchno-Proizvodstvennoe Predpriyatie Prima; Research & Production Company Prima; Prima Systems; SPE Prima LLC ｜ Address(es): 603003, Nizhny Novgorod Oblast, Nizhn",Общество с Ограниченной Ответственностью «Научно-Производственное Предприяти «Прима» (ООО НПП «Прима»),NPP Proma; OOO Nauchno-Proizvodstvennoe Predpriyatie Prima; Research & Production Company Prima; Prima Systems; SPE Prima LLC,"603003, Nizhny Novgorod Oblast, Nizhn",,
United Machine Building Group Limited Liability Company,,United Machine Building Group Limited Liability Company,entity,出口管制·军工实体(Annex IV),Export control · military end-user (Annex IV),俄罗斯,Russia,2023-06-23,Local name: Общество с Ограниченной Ответственностью «Объединенная Машиностроительная Группа» (ООО «ОМГ»); Общество с Ограниченной Ответственностью «Производственное Объединение «Уралаз» (ООО «ПО «Уралаз»)；A.k.a: OOO OMG; OOO Obedinennaya Mashinostroitelnaya Gruppa; UMG LLC; Limited Liability Compan,Общество с Ограниченной Ответственностью «Объединенная Машиностроительная Группа» (ООО «ОМГ»); Общество с Ограниченной Ответственностью «Производственное Объединение «Уралаз» (ООО «ПО «Уралаз»),OOO OMG; OOO Obedinennaya Mashinostroitelnaya Gruppa; UMG LLC; Limited Liability Compan,,,
Volgograd Machine Building Company Limited Liability Company,,Volgograd Machine Building Company Limited Liability Company,entity,出口管制·军工实体(Annex IV),Export control · military end-user (Annex IV),俄罗斯,Russia,2023-06-23,"Local name: Общество с Ограниченной Ответственностью «Волгоградская Машиностроительная Компания «ВГТЗ» (ООО «ВМК «ВГТЗ»)；A.k.a: OOO VMK VGTZ; Volgograd Tractor Plant ｜ Address(es): 400006, Volgograd Oblast, Volgograd, Dzerzhinsky Square, 1, Russian Federation Telephone: + 7 (8442) 77-10-04; + 7 (844",Общество с Ограниченной Ответственностью «Волгоградская Машиностроительная Компания «ВГТЗ» (ООО «ВМК «ВГТЗ»),OOO VMK VGTZ; Volgograd Tractor Plant,"400006, Volgograd Oblast, Volgograd, Dzerzhinsky Square, 1, Russian Federation",,
VXI-Systems Limited Liability Company,,VXI-Systems Limited Liability Company,entity,出口管制·军工实体(Annex IV),Export control · military end-user (Annex IV),俄罗斯,Russia,2023-06-23,"Local name: Общество с Ограниченной Ответственностью «VXI-Системы» (ООО «VXI-Системы»)；A.k.a: InformTest Holdings ｜ Address(es): 124482, Moscow, Zelenograd, Savyolkinsky Proezd, 4, Apartment 6, Floor XIV, Room 1, Russian Federation; 124482, Moscow, Zelenograd, Savyolkinsky Proezd, 4, Floor 11, R",Общество с Ограниченной Ответственностью «VXI-Системы» (ООО «VXI-Системы»),InformTest Holdings,"124482, Moscow, Zelenograd, Savyolkinsky Proezd, 4, Apartment 6, Floor XIV, Room 1, Russian Federation; 124482, Moscow, Zelenograd, Savyolkinsky Proezd, 4, Floor 11, R",,
LLC Yadro,,LLC Yadro,entity,出口管制·军工实体(Annex IV),Export control · military end-user (Annex IV),俄罗斯,Russia,2023-06-23,"Local name: Общество с Ограниченной Ответственностью «Группа Компаний Ядро» (ООО «ГК Ядро»)；A.k.a: Yadro Group of Companies; Limited Liability Company ""Yadro Group of Companies""; OOO GK Yadro ｜ Address(es): 123376, Moscow, Rochdelskaya Str. 15, Building 13, Technical Floor/IV, Room 1, Russian Federa",Общество с Ограниченной Ответственностью «Группа Компаний Ядро» (ООО «ГК Ядро»),"Yadro Group of Companies; Limited Liability Company ""Yadro Group of Companies""; OOO GK Yadro","123376, Moscow, Rochdelskaya Str. 15, Building 13, Technical Floor/IV, Room 1, Russian Federa",,
Perm Powder Plant,,Perm Powder Plant,entity,出口管制·军工实体(Annex IV),Export control · military end-user (Annex IV),俄罗斯,Russia,2023-06-23,"Local name: Федеральное Казенное Предприятие «Пермский Пороховой Завод» (ФКП «Пермский Пороховой Завод»)；A.k.a: Federal State Enterprise ""Perm Powder Plant""; FPK Perm Powder Plant; FKP Permsky Porokhovoy Zavod ｜ Address(es): 614042, Perm Oblast, Perm, Galperina Str., 11, Russian Federation Telephone",Федеральное Казенное Предприятие «Пермский Пороховой Завод» (ФКП «Пермский Пороховой Завод»),"Federal State Enterprise ""Perm Powder Plant""; FPK Perm Powder Plant; FKP Permsky Porokhovoy Zavod","614042, Perm Oblast, Perm, Galperina Str., 11, Russian Federation Telephone",,
RPA Kazan Machine Building Plant,,RPA Kazan Machine Building Plant,entity,出口管制·军工实体(Annex IV),Export control · military end-user (Annex IV),俄罗斯,Russia,2023-06-23,"Local name: Акционерное Общество «Казанское Моторостроительное Производственное Объединение» (АО «КМПО»)；A.k.a: Kazan Engine Building Production Association; AO KMPO ｜ Address(es): 420036, Republic of Tatarstan, Kazan, Dementiev Str, 1, Russian Federation Telephone: + 7 (843) 221-26-00 Website: http",Акционерное Общество «Казанское Моторостроительное Производственное Объединение» (АО «КМПО»),Kazan Engine Building Production Association; AO KMPO,"420036, Republic of Tatarstan, Kazan, Dementiev Str, 1, Russian Federation",,
Proton JSC,,Proton JSC,entity,出口管制·军工实体(Annex IV),Export control · military end-user (Annex IV),俄罗斯,Russia,2023-06-23,"Local name: Акционерное Общество «Протон» (АО «Протон»)；A.k.a: AO Proton ｜ Address(es): 302040, Orel Oblast, Orel, Leskova Str., 19, Russian Federation Telephone: + 7 (4862) 41-44-10; + 7 4862 498634; + 7 4862 414403 Website: https://www.proton-orel.ru/ E",Акционерное Общество «Протон» (АО «Протон»),AO Proton,"302040, Orel Oblast, Orel, Leskova Str., 19, Russian Federation",,https://www.proton-orel.ru/ E
Grant Instrument,,Grant Instrument,entity,出口管制·军工实体(Annex IV),Export control · military end-user (Annex IV),俄罗斯,Russia,2023-12-18,"Local name: Общество с Ограниченной Ответственностью «Грант Инструмент» (ООО «Грант Инструмент»)；A.k.a: OOO Grant Instrument; Grant Tools ｜ Address(es): 196006, St. Petersburg, Tsvetochnaya Str., 16, Building 1, Premises 425, Russian Federation Telephone: + 7 812 309 94 73 Website: http://grant-tool",Общество с Ограниченной Ответственностью «Грант Инструмент» (ООО «Грант Инструмент»),OOO Grant Instrument; Grant Tools,"196006, St. Petersburg, Tsvetochnaya Str., 16, Building 1, Premises 425, Russian Federation",,
Streloy,,Streloy,entity,出口管制·军工实体(Annex IV),Export control · military end-user (Annex IV),俄罗斯,Russia,2023-12-18,"Local name: Общество с Ограниченной Ответственностью «Стрелой» (ООО «Стрелой»)；A.k.a: LLC Streloy; Limited Liability Company Streloy; Limited Liability Company Streloi; Obshchestvo S Ogranichennoi Otvetstvennostyu Streloi; Streloi OOO; Streloy OOO ｜ Address(es): 191025, St. Petersburg, Dmitrovsky Pe",Общество с Ограниченной Ответственностью «Стрелой» (ООО «Стрелой»),LLC Streloy; Limited Liability Company Streloy; Limited Liability Company Streloi; Obshchestvo S Ogranichennoi Otvetstvennostyu Streloi; Streloi OOO; Streloy OOO,"191025, St. Petersburg, Dmitrovsky Pe",,
LLC Research and Production Enterprise Itelma,,LLC Research and Production Enterprise Itelma,entity,出口管制·军工实体(Annex IV),Export control · military end-user (Annex IV),俄罗斯,Russia,2023-12-18,"Local name: Общество с Ограниченной Ответственностью «Научно-Производственное Предприятие «ИТЭЛМА» (ООО «НПП «ИТЭЛМА»); Итэлма Электронные Решения；A.k.a: Research and Production Enterprise Itelma LLC; Itelma; LLC ""RK-ITELMA""; Itelma Electronics; Nauchno Proizvodstvennoe Predpriyatie Itelma; LLC NPP ",Общество с Ограниченной Ответственностью «Научно-Производственное Предприятие «ИТЭЛМА» (ООО «НПП «ИТЭЛМА»); Итэлма Электронные Решения,"Research and Production Enterprise Itelma LLC; Itelma; LLC ""RK-ITELMA""; Itelma Electronics; Nauchno Proizvodstvennoe Predpriyatie Itelma; LLC NPP",,,
TTK Kammarket LLC,,TTK Kammarket LLC,entity,出口管制·军工实体(Annex IV),Export control · military end-user (Annex IV),俄罗斯,Russia,2023-12-18,"Local name: Общество с Ограниченной Ответственностью Торгово-Техническая Компания «Каммаркет» (ООО ТТК «Каммаркет»)；A.k.a: Kammamarket Company; Limited Liability Company Trade and Technical Company ""Kammarket"" ｜ Address(es): 423600, Republic of Tatarstan, Elabuga, Kazanskaya Str., 41, Office 1, Russ",Общество с Ограниченной Ответственностью Торгово-Техническая Компания «Каммаркет» (ООО ТТК «Каммаркет»),"Kammamarket Company; Limited Liability Company Trade and Technical Company ""Kammarket""","423600, Republic of Tatarstan, Elabuga, Kazanskaya Str., 41, Office 1, Russ",,
JSC Kompel,,JSC Kompel,entity,出口管制·军工实体(Annex IV),Export control · military end-user (Annex IV),俄罗斯,Russia,2023-12-18,"Local name: Акционерное Общество «Компэл» (АО «Компэл»)；A.k.a: Kompel; Kompel Joint Stock Company; AO Kompel ｜ Address(es): 109316, Moscow, Volgogdradsky Avenue, 28A, Building I, Room 6, Russian Federation; 109052, Moscow, Novokhokhlovskaya Str. 23, Building 1 (Ring Park Business Park), 3rd",Акционерное Общество «Компэл» (АО «Компэл»),Kompel; Kompel Joint Stock Company; AO Kompel,"109316, Moscow, Volgogdradsky Avenue, 28A, Building I, Room 6, Russian Federation; 109052, Moscow, Novokhokhlovskaya Str. 23, Building 1 (Ring Park Business Park), 3rd",,
LLC MBR-Avia,,LLC MBR-Avia,entity,出口管制·军工实体(Annex IV),Export control · military end-user (Annex IV),俄罗斯,Russia,2023-12-18,"Local name: Общество с Ограниченной Ответственностью «МБР-АВИА» (ООО «МБР-АВИА»)；A.k.a: MBR Avia ｜ Address(es): 125167, Moscow, Vosmova Marta Str. 3, Russian Federation Telephone: + 7 (495) 613-35-35; + 8 (495) 999-30-28 Email: mbravia2001@gmail.com Registration number: 77142105",Общество с Ограниченной Ответственностью «МБР-АВИА» (ООО «МБР-АВИА»),MBR Avia,"125167, Moscow, Vosmova Marta Str. 3, Russian Federation",77142105,
LLC NeoTech,,LLC NeoTech,entity,出口管制·军工实体(Annex IV),Export control · military end-user (Annex IV),俄罗斯,Russia,2023-12-18,"Local name: Общество с Ограниченной Ответственностью «НЕОТЕХ» (ООО «НЕОТЕХ»)；A.k.a: Limited Liability Company NeoTech; OOO Neotekh ｜ Address(es): 194044, St. Petersburg, Chugunnaya Str., 20, Letter A, Note 25H (No. 8), Russian Federation Telephone: + 7 (812) 640-19-10, + 7 (921) 910-31-32 Website: h",Общество с Ограниченной Ответственностью «НЕОТЕХ» (ООО «НЕОТЕХ»),Limited Liability Company NeoTech; OOO Neotekh,"194044, St. Petersburg, Chugunnaya Str., 20, Letter A, Note 25H (No. 8), Russian Federation",,
JSC Sozvezdie Concern,,JSC Sozvezdie Concern,entity,出口管制·军工实体(Annex IV),Export control · military end-user (Annex IV),俄罗斯,Russia,2023-12-18,"Local name: Акционерное Общество Концерн «Созвездие» (АО Концерн «Созвездие»)；A.k.a: Joint-Stock Company Concern Sozvezdie; AO Kontsern Sozvezdie ｜ Address(es): 394018, Voronezh, Plekhanovskaya Str. 14, Russian Federation Telephone: + 7 (473) 252 52 52 Website: https://www.sozvezdie.su Email: office",Акционерное Общество Концерн «Созвездие» (АО Концерн «Созвездие»),Joint-Stock Company Concern Sozvezdie; AO Kontsern Sozvezdie,"394018, Voronezh, Plekhanovskaya Str. 14, Russian Federation",,https://www.sozvezdie.su
Serov Machine-Building Plant JSC,,Serov Machine-Building Plant JSC,entity,出口管制·军工实体(Annex IV),Export control · military end-user (Annex IV),俄罗斯,Russia,2023-12-18,"Local name: Акционерное Общество «Серовский Механический Завод» (АО «СМЗ»)；A.k.a: Serov Mechanical Plant JSC; SMZ; Joint Stock Company ""Serov Mechanical Plant""; JSC SMP; AO CM3 ｜ Address(es): 624981, Sverdlovsk Oblast, Serov, Aglomeratchikov Str. 10, Russian Federation Telephone: + 7 (34385) 736-88 ",Акционерное Общество «Серовский Механический Завод» (АО «СМЗ»),"Serov Mechanical Plant JSC; SMZ; Joint Stock Company ""Serov Mechanical Plant""; JSC SMP; AO CM3","624981, Sverdlovsk Oblast, Serov, Aglomeratchikov Str. 10, Russian Federation",,
Aeroscan LLC,,Aeroscan LLC,entity,出口管制·军工实体(Annex IV),Export control · military end-user (Annex IV),俄罗斯,Russia,2023-12-18,"Local name: Общество с Ограниченной Ответственностью «Аэроскан» (ООО «Аэроскан»)；A.k.a: Aeroscan; Aeroskan LLC, Aeroscan Limited Liablity Company; Limited Liability Company Aeroskan; OOO Aeroskan ｜ Address(es): 127055, Moscow, Perunovskiy Pereulok, 3, Building 2, Floor 2, Room 11, Russian Federation",Общество с Ограниченной Ответственностью «Аэроскан» (ООО «Аэроскан»),"Aeroscan; Aeroskan LLC, Aeroscan Limited Liablity Company; Limited Liability Company Aeroskan; OOO Aeroskan","127055, Moscow, Perunovskiy Pereulok, 3, Building 2, Floor 2, Room 11, Russian Federation",,
STC Orion LLC,,STC Orion LLC,entity,出口管制·军工实体(Annex IV),Export control · military end-user (Annex IV),俄罗斯,Russia,2023-12-18,"Local name: Общество с Ограниченной Ответственностью Научно-Технический Центр «Орион» (ООО НТЦ «Орион»)；A.k.a: LLC Scientific and Technical Center Orion; Limited Liability Company Scientific and Technical Center Orion; OOO NTTS Orion; OOO Nauchno-Tekhnicheski Tsentr Orion ｜ Address(es): 127106, Mosc",Общество с Ограниченной Ответственностью Научно-Технический Центр «Орион» (ООО НТЦ «Орион»),LLC Scientific and Technical Center Orion; Limited Liability Company Scientific and Technical Center Orion; OOO NTTS Orion; OOO Nauchno-Tekhnicheski Tsentr Orion,"127106, Mosc",,
Technical Center Windeq LLC,,Technical Center Windeq LLC,entity,出口管制·军工实体(Annex IV),Export control · military end-user (Annex IV),俄罗斯,Russia,2023-12-18,"Local name: Общество с Ограниченной Ответственностью «Технический Центр «Виндэк» (ООО «Технический Центр «Виндэк»)；A.k.a: Windek Technical Center; LLC ""Technical Center ""Vindek""; Limited Liability Company Technical Center Windeq ｜ Address(es): 142116, Moscow Oblast, Podolsk, Selkhoztekhnika Village,",Общество с Ограниченной Ответственностью «Технический Центр «Виндэк» (ООО «Технический Центр «Виндэк»),"Windek Technical Center; LLC ""Technical Center ""Vindek""; Limited Liability Company Technical Center Windeq","142116, Moscow Oblast, Podolsk, Selkhoztekhnika Village",,
OrelMetallPolimer LLC,,OrelMetallPolimer LLC,entity,出口管制·军工实体(Annex IV),Export control · military end-user (Annex IV),俄罗斯,Russia,2023-12-18,"Local name: Общество с Ограниченной Ответственностью «Орелметаллполимер» (ООО «ОМП»)；A.k.a: ORELMETALLPOLYMER; Limited Liability Company Orelmetallpolymer; OOO ""OMP"" ｜ Address(es): 303032, Oryol Region, Mtsensk, Avtomagistral Str., 1Yu, Russian Federation; 105066 Moscow, Olkhovskaya Str., 45, Buildi",Общество с Ограниченной Ответственностью «Орелметаллполимер» (ООО «ОМП»),"ORELMETALLPOLYMER; Limited Liability Company Orelmetallpolymer; OOO ""OMP""","303032, Oryol Region, Mtsensk, Avtomagistral Str., 1Yu, Russian Federation; 105066 Moscow, Olkhovskaya Str., 45, Buildi",,
OMP LLC,,OMP LLC,entity,出口管制·军工实体(Annex IV),Export control · military end-user (Annex IV),俄罗斯,Russia,2023-12-18,"Local name: Общество с Ограниченной Ответственностью «ОМП» (ООО «ОМП»)；A.k.a: Limited Liability Company OMP; OOO ""OMP"" ｜ Address(es): 630079, Novosibirsk, Stanislavskogo Str., 3, Building 31/1, Floor 1, Office 2, Russian Federation Registration number: 5403049953 (Tax ID/INN)",Общество с Ограниченной Ответственностью «ОМП» (ООО «ОМП»),"Limited Liability Company OMP; OOO ""OMP""","630079, Novosibirsk, Stanislavskogo Str., 3, Building 31/1, Floor 1, Office 2, Russian Federation",5403049953 (Tax ID/INN),
Spetstehnotreyd LLC,,Spetstehnotreyd LLC,entity,出口管制·军工实体(Annex IV),Export control · military end-user (Annex IV),俄罗斯,Russia,2023-12-18,"Local name: Общество с Ограниченной Ответственностью «Спецтехнотрейд» (ООО «Спецтехнотрейд»)；A.k.a: LLC ""SpetsTechnoTrade""; OOO Spetstekhnotreid ｜ Address(es): 1. 426028, Udmurt Republic, Izhevsk, Mekhanizatorskyi Lane 11, Office 105, Russian Federation Telephone: + 7 912 856-76-23 Registration numb",Общество с Ограниченной Ответственностью «Спецтехнотрейд» (ООО «Спецтехнотрейд»),"LLC ""SpetsTechnoTrade""; OOO Spetstekhnotreid","1. 426028, Udmurt Republic, Izhevsk, Mekhanizatorskyi Lane 11, Office 105, Russian Federation",,
BIC-inform,,BIC-inform,entity,出口管制·军工实体(Annex IV),Export control · military end-user (Annex IV),俄罗斯,Russia,2023-12-18,"Local name: Общество с Ограниченной Ответственностью «БИК-Информ» (ООО «БИК-Информ»)；A.k.a: BIK Inform OOO; Limited Liability Company BIK Inform; BIK Inform LLC ｜ Address(es): 190020, St. Petersburg, Bumazhnaya Str. 9, Building 1, Russian Federation Telephone: + 7 (812) 447-95-55, + 7 (495) 645-23-9",Общество с Ограниченной Ответственностью «БИК-Информ» (ООО «БИК-Информ»),BIK Inform OOO; Limited Liability Company BIK Inform; BIK Inform LLC,"190020, St. Petersburg, Bumazhnaya Str. 9, Building 1, Russian Federation",,
Spel LLC,,Spel LLC,entity,出口管制·军工实体(Annex IV),Export control · military end-user (Annex IV),俄罗斯,Russia,2023-12-18,"Local name: Общество с Ограниченной Ответственностью «Спэл» (ООО «Спэл»)；A.k.a: Limited Liability Company Spel; OOO Spel ｜ Address(es): 199106, St. Petersburg, Gavanskaya Str., 12, Building 2, lit. B, Room 1-H, Russian Federation Telephone: + 7 (812) 401-44-78 Website: https://sp-el.ru/ Email: sales",Общество с Ограниченной Ответственностью «Спэл» (ООО «Спэл»),Limited Liability Company Spel; OOO Spel,"199106, St. Petersburg, Gavanskaya Str., 12, Building 2, lit. B, Room 1-H, Russian Federation",,https://sp-el.ru/
Alfakomponent LLC,,Alfakomponent LLC,entity,出口管制·军工实体(Annex IV),Export control · military end-user (Annex IV),俄罗斯,Russia,2023-12-18,"Local name: Общество с Ограниченной Ответственностью «Альфакомпонент» (ООО «Альфакомпонент»)；A.k.a: Limited Liability Company Alfacomponent; Limitied Liability Company Alfakomponent ｜ Address(es): 198216, St. Petersburg, Leninsky Prospekt, 140, Letter E, Office 307, Russian Federation Telephone: + 7",Общество с Ограниченной Ответственностью «Альфакомпонент» (ООО «Альфакомпонент»),Limited Liability Company Alfacomponent; Limitied Liability Company Alfakomponent,"198216, St. Petersburg, Leninsky Prospekt, 140, Letter E, Office 307, Russian Federation",,
ID Solution LLC,,ID Solution LLC,entity,出口管制·军工实体(Annex IV),Export control · military end-user (Annex IV),俄罗斯,Russia,2023-12-18,"Local name: Общество с Ограниченной Ответственностью «Айди Солюшн» (ООО «Айди Солюшн»)；A.k.a: Limited Liability Company ID Solution; IDI Solution LLC; OOO Aydi Solyushn ｜ Address(es): 117405, Moscow, Dorozhnaya St. 60B, Office 421, Russian Federation Telephone: + 7 (495) 545-32-83 Website: http://ww",Общество с Ограниченной Ответственностью «Айди Солюшн» (ООО «Айди Солюшн»),Limited Liability Company ID Solution; IDI Solution LLC; OOO Aydi Solyushn,"117405, Moscow, Dorozhnaya St. 60B, Office 421, Russian Federation",,
Inelso LLC,,Inelso LLC,entity,出口管制·军工实体(Annex IV),Export control · military end-user (Annex IV),俄罗斯,Russia,2023-12-18,"Local name: Общество с Ограниченной Ответственностью «Инелсо» (ООО «Инелсо»)；A.k.a: Limited Liability Company Inelso; OOO Inelso ｜ Address(es): 194044, St. Petersburg, Gelsingforsskaya Str., 3, Letter Z, Office 412, Russian Federation; Moscow, 2nd Roshchinsky Proezd, 8, Building 6, Business Centre """,Общество с Ограниченной Ответственностью «Инелсо» (ООО «Инелсо»),Limited Liability Company Inelso; OOO Inelso,"194044, St. Petersburg, Gelsingforsskaya Str., 3, Letter Z, Office 412, Russian Federation; Moscow, 2nd Roshchinsky Proezd, 8, Building 6, Business Centre """,,
Elitan Trade LLC,,Elitan Trade LLC,entity,出口管制·军工实体(Annex IV),Export control · military end-user (Annex IV),俄罗斯,Russia,2023-12-18,"Local name: Общество с Ограниченной Ответственностью «Элитан Трейд» (ООО «Элитан Трейд»)；A.k.a: OOO Elitan Treid; Limited Liability Company Elite Trade ｜ Address(es): 426063, Udmurt Republic, Izhevsk, Melnichnaya Str., 34A, Russian Federation Telephone: + 7 (495) 649-84-45 Website: https://www.elita",Общество с Ограниченной Ответственностью «Элитан Трейд» (ООО «Элитан Трейд»),OOO Elitan Treid; Limited Liability Company Elite Trade,"426063, Udmurt Republic, Izhevsk, Melnichnaya Str., 34A, Russian Federation",,https://www.elita
Hartis DV LLC,,Hartis DV LLC,entity,出口管制·军工实体(Annex IV),Export control · military end-user (Annex IV),俄罗斯,Russia,2023-12-18,"Local name: Общество с Ограниченной Ответственностью «Хартис ДВ» (ООО «Хартис ДВ»)；A.k.a: Limited Liability Company ""Charteris DV""; LLC ""Charteris DV""; Limited Liability Company Hartis DV; OOO Khartis DV ｜ Address(es): 125362, Moscow, Svobody Str., 35, Building 5, Floor 1, Premises 1, Room 4, Russia",Общество с Ограниченной Ответственностью «Хартис ДВ» (ООО «Хартис ДВ»),"Limited Liability Company ""Charteris DV""; LLC ""Charteris DV""; Limited Liability Company Hartis DV; OOO Khartis DV","125362, Moscow, Svobody Str., 35, Building 5, Floor 1, Premises 1, Room 4, Russia",,
SFT LLC,,SFT LLC,entity,出口管制·军工实体(Annex IV),Export control · military end-user (Annex IV),俄罗斯,Russia,2023-12-18,"Local name: Общество с Ограниченной Ответственностью «СФТ» (ООО «СФТ»)；A.k.a: Limited Liability Company SFT; CFT; OOO SFT; Obshchestvo s Organzichennoi Otvetstvennostyu SFT ｜ Address(es): 115114, Moscow, Zamoskvorechye Municipal District, Kozhevnicheskaya Str., 10, Building 1, Russian Federation Tel",Общество с Ограниченной Ответственностью «СФТ» (ООО «СФТ»),Limited Liability Company SFT; CFT; OOO SFT; Obshchestvo s Organzichennoi Otvetstvennostyu SFT,"115114, Moscow, Zamoskvorechye Municipal District, Kozhevnicheskaya Str., 10, Building 1, Russian Federation Tel",,
Kami Group LLC,,Kami Group LLC,entity,出口管制·军工实体(Annex IV),Export control · military end-user (Annex IV),俄罗斯,Russia,2023-12-18,"Local name: Общество с Ограниченной Ответственностью «Ками-Групп» (ООО «Ками-Групп»)；A.k.a: Limited Liability Company Kami Group; Obshchestvo s Ogranichennoi Otvetstvennostyu Kami Grupp; Kami Group OOO ｜ Address(es): 107023, Moscow, Bolshaya Semenovskaya Str., 40, Building 13, Floor 3, Room 307, Rus",Общество с Ограниченной Ответственностью «Ками-Групп» (ООО «Ками-Групп»),Limited Liability Company Kami Group; Obshchestvo s Ogranichennoi Otvetstvennostyu Kami Grupp; Kami Group OOO,"107023, Moscow, Bolshaya Semenovskaya Str., 40, Building 13, Floor 3, Room 307, Rus",,
AGT Systems LLC,,AGT Systems LLC,entity,出口管制·军工实体(Annex IV),Export control · military end-user (Annex IV),俄罗斯,Russia,2023-12-18,"Local name: Общество с Ограниченной Ответственностью «АГТ Системс» (ООО «АГТ Системс»)；A.k.a: Limited Liability Company AGT Systems ｜ Address(es): 125445, Moscow, Smolnaya Str., 24/A, Office 1420, Russian Federation Telephone: + 7 (495) 232-07-86 Website: https://agtsys.ru/ Email: sales@agtsys.ru Re",Общество с Ограниченной Ответственностью «АГТ Системс» (ООО «АГТ Системс»),Limited Liability Company AGT Systems,"125445, Moscow, Smolnaya Str., 24/A, Office 1420, Russian Federation",,https://agtsys.ru/
Entep LLC,,Entep LLC,entity,出口管制·军工实体(Annex IV),Export control · military end-user (Annex IV),俄罗斯,Russia,2023-12-18,"Local name: Общество с Ограниченной Ответственностью «Энтеп» (ООО «Энтеп»)；A.k.a: Limited Liability Company Entep ｜ Address(es): 108811, Moscow, Bianchi Str., 12, Building 2, Office 112, Russian Federation; 113039, Moscow, B. Serpukhovskaya Str., 30, Building 7, Russian Federation Registration n",Общество с Ограниченной Ответственностью «Энтеп» (ООО «Энтеп»),Limited Liability Company Entep,"108811, Moscow, Bianchi Str., 12, Building 2, Office 112, Russian Federation; 113039, Moscow, B. Serpukhovskaya Str., 30, Building 7, Russian Federation Registration n",,
Mvizion LLC,,Mvizion LLC,entity,出口管制·军工实体(Annex IV),Export control · military end-user (Annex IV),乌兹别克斯坦,Uzbekistan,2023-12-18,"Local name: ""MVIZION"" mas'uliyati cheklangan jamiyati；A.k.a: OOO Mvizion ｜ Address(es):100096, Tashkent, Tursunkulova Street 8, Uzbekistan; 100161, Tashkent, Gaydar Alieev Kuchasi 313, Republic of Uzbekistan; 10113, Chilanzarskiy District, Tashkent, Katar","""MVIZION"" mas'uliyati cheklangan jamiyati",OOO Mvizion,"100096, Tashkent, Tursunkulova Street 8, Uzbekistan; 100161, Tashkent, Gaydar Alieev Kuchasi 313, Republic of Uzbekistan; 10113, Chilanzarskiy District, Tashkent, Katar",,
Design Bureau of Navigation Sytems (NAVIS),Design Bureau of Navigation Sytems,NAVIS,entity,出口管制·军工实体(Annex IV),Export control · military end-user (Annex IV),俄罗斯,Russia,2023-12-18,"Local name: Акционерное Общество «Конструкторское Бюро Навигационных Систем» (АО «КБ НАВИС»)；A.k.a: JSC ""KB NAVIS""; Joint-Stock Company Design Bureau Navigation Systems; AO KB NAVIS; Navis Inc. ｜ Address(es): 121170, Moscow, Kulneva Str. 3, Building 1, Room III/5, 6, Russian Federation; Telephone: +",Акционерное Общество «Конструкторское Бюро Навигационных Систем» (АО «КБ НАВИС»),"JSC ""KB NAVIS""; Joint-Stock Company Design Bureau Navigation Systems; AO KB NAVIS; Navis Inc","121170, Moscow, Kulneva Str. 3, Building 1, Room III/5, 6, Russian Federation",,
Deflog Technologies PTE LTD,,Deflog Technologies PTE LTD,entity,出口管制·军工实体(Annex IV),Export control · military end-user (Annex IV),新加坡,Singapore,2023-12-18,"A.k.a: Deflog Tech ｜ Address(es): 367957, Shaw Road 30, #06-01, Roche Building, Republic of Singapore Telephone: + 65 6383 1735; + 65 6 383 5084 Website: www.deflog-tech.com/ Email: tech@deflog-tech.co",,Deflog Tech,"367957, Shaw Road 30, #06-01, Roche Building, Republic of Singapore",,http://www.deflog-tech.com/
JSC VNIIR Progress,,JSC VNIIR Progress,entity,出口管制·军工实体(Annex IV),Export control · military end-user (Annex IV),俄罗斯,Russia,2024-02-23,"Local name: Акционерное Общество «ВНИИР-Прогресс» (АО «ВНИИР-Прогресс»)；A.k.a: Joint-Stock Company ""VNIIR-Progress"" ｜ Address(es): 428024, Chuvash Republic – Chuvashia, Cheboksary, I. Y. Yakovlev Prospekt, 4, Russian Federation; 197348, St. Petersburg, Bogatyrsky Prospekt, 18, Building 1, Letter A",Акционерное Общество «ВНИИР-Прогресс» (АО «ВНИИР-Прогресс»),"Joint-Stock Company ""VNIIR-Progress""","428024, Chuvash Republic – Chuvashia, Cheboksary, I. Y. Yakovlev Prospekt, 4, Russian Federation; 197348, St. Petersburg, Bogatyrsky Prospekt, 18, Building 1, Letter A",,
Si2 Microsystems Pvt Ltd,,Si2 Microsystems Pvt Ltd,entity,出口管制·军工实体(Annex IV),Export control · military end-user (Annex IV),印度,India,2024-02-23,"A.k.a: Si2 Microsystems; Si2; Si2 Microsystems Private Limited ｜ Address(es): 84, Deep Towers, EPIP Industrial Area, Whitefield, Bangalore, Karnataka, 560066 Republic of India; 52/A, 1st Cross, 3rd Main KIADB Industrial Area, Hoskote, Bangalore,",,Si2 Microsystems; Si2; Si2 Microsystems Private Limited,"84, Deep Towers, EPIP Industrial Area, Whitefield, Bangalore, Karnataka, 560066 Republic of India; 52/A, 1st Cross, 3rd Main KIADB Industrial Area, Hoskote, Bangalore",,
Spark TT,,Spark TT,entity,出口管制·军工实体(Annex IV),Export control · military end-user (Annex IV),俄罗斯,Russia,2024-02-23,"Local name: Общество с Ограниченной Ответственностью «Спарк ТТ» (ООО «Спарк ТТ»)；A.k.a: Spark TT LLC ｜ Address(es): 428022, Chuvash Republic - Chuvashia, Cheboksary, Patrice Lumumba Str., 8, Building 44B, Office 123B, Russian Federation Telephone: + 7(8352) 37-00-94; + 7(937) 015-00",Общество с Ограниченной Ответственностью «Спарк ТТ» (ООО «Спарк ТТ»),Spark TT LLC,"428022, Chuvash Republic - Chuvashia, Cheboksary, Patrice Lumumba Str., 8, Building 44B, Office 123B, Russian Federation",,
Euro Asia Cargo (Private) Ltd.,Euro Asia Cargo,Ltd.,entity,出口管制·军工实体(Annex IV),Export control · military end-user (Annex IV),斯里兰卡,Sri Lanka,2024-02-23,"A.k.a: Euro Asia Group; Euro Asia Cargo ｜ Address(es): 51/2, Ananda Coomaraswamy Mawatha, Colombo 00700, Democratic Socialist Republic of Sri Lanka; Bandaranaike International Airport Katunayake, 11450, Democratic Socialis",,Euro Asia Group; Euro Asia Cargo,"51/2, Ananda Coomaraswamy Mawatha, Colombo 00700, Democratic Socialist Republic of Sri Lanka; Bandaranaike International Airport Katunayake, 11450, Democratic Socialis",,
Ultran Electronic Components LLC,,Ultran Electronic Components LLC,entity,出口管制·军工实体(Annex IV),Export control · military end-user (Annex IV),俄罗斯,Russia,2024-02-23,"Local name: Общество с Ограниченной Ответственностью «Ультран Электронные Компоненты» (ООО «Ультран ЭК»)；A.k.a: Ultran EC LLC; OOO Ultran EK ｜ Address(es): 194021, St. Petersburg, Politekhnicheskaya Str., 22, Letter L, Premises 1-N, Room 8, Russian Federation; 194021, St. Petersburg, Politekhnichesk",Общество с Ограниченной Ответственностью «Ультран Электронные Компоненты» (ООО «Ультран ЭК»),Ultran EC LLC; OOO Ultran EK,"194021, St. Petersburg, Politekhnicheskaya Str., 22, Letter L, Premises 1-N, Room 8, Russian Federation; 194021, St. Petersburg, Politekhnichesk",,
RG Solutions Limited,,RG Solutions Limited,entity,出口管制·军工实体(Annex IV),Export control · military end-user (Annex IV),中国香港,Hong Kong (China),2024-02-23,"Address(es): Room 606, Celebrity Comm., Centre, 64 Castle Peak Road, Sham Shui Po, Hong Kong Website: www.logistics-sgs.com; https://88hebing.site/ Registration number: 2115045 (CR",,,"Room 606, Celebrity Comm., Centre, 64 Castle Peak Road, Sham Shui Po, Hong Kong",2115045 (CR,
JSC SEZ Alabuga,,JSC SEZ Alabuga,entity,出口管制·军工实体(Annex IV),Export control · military end-user (Annex IV),俄罗斯,Russia,2024-02-23,"Local name: Акционерное Общество «Особая Экономическая Зона Промышленно-Производственного Типа «Алабуга» (АО «ОЭЗ ППТ «Алабуга»)；A.k.a: JSC ""Alabuga"" Special Economic Zone of Industrial and Production Type; Alabuga Special；Economic Zone (SEZ); Yelabuga Special Economic Zone (SEZ); AO OEZ PPT Alabuga",Акционерное Общество «Особая Экономическая Зона Промышленно-Производственного Типа «Алабуга» (АО «ОЭЗ ППТ «Алабуга»),"JSC ""Alabuga"" Special Economic Zone of Industrial and Production Type; Alabuga Special",,,
LLC Alabuga Development,,LLC Alabuga Development,entity,出口管制·军工实体(Annex IV),Export control · military end-user (Annex IV),俄罗斯,Russia,2024-02-23,"Local name: Общество с Ограниченной Ответственностью «Алабуга Девелопмент» (ООО «Алабуга Девелопмент»)；A.k.a: Alabuga Development Company ｜ Address(es): 423601, Republic of Tatarstan, Territory of the Alabuga Special Economic Zone, Sh-2 Str., Building 4, Rooms. 8, 9, 11, 12, 13, 14, Russian Federati",Общество с Ограниченной Ответственностью «Алабуга Девелопмент» (ООО «Алабуга Девелопмент»),Alabuga Development Company,"423601, Republic of Tatarstan, Territory of the Alabuga Special Economic Zone, Sh-2 Str., Building 4, Rooms. 8, 9, 11, 12, 13, 14, Russian Federati",,
AO Geomir,,AO Geomir,entity,出口管制·军工实体(Annex IV),Export control · military end-user (Annex IV),俄罗斯,Russia,2024-02-23,"Local name: Акционерное Общество «Геомир» (АО «Геомир»)；A.k.a: Inzhenerny Tsentr Geomir, AO; CJSC Engineering Center Geomir, JSC Geomir; ZAO Inzhenerny Tsentr Geomir ｜ Address(es): 141006, Moscow Oblast, Mytishchi, Olimiyskiy Prospekt, 50, Russian Federation; 394030, Voronezh, Melnichny Pereulok, 24",Акционерное Общество «Геомир» (АО «Геомир»),"Inzhenerny Tsentr Geomir, AO; CJSC Engineering Center Geomir, JSC Geomir; ZAO Inzhenerny Tsentr Geomir","141006, Moscow Oblast, Mytishchi, Olimiyskiy Prospekt, 50, Russian Federation; 394030, Voronezh, Melnichny Pereulok, 24",,
OOO Albatross,,OOO Albatross,entity,出口管制·军工实体(Annex IV),Export control · military end-user (Annex IV),俄罗斯,Russia,2024-02-23,"Local name: Общество с Ограниченной Ответственностью «Альбатрос» (ООО «Альбатрос»)；A.k.a: Albatross LLC; Limited Liability Company ""Albatros""; OOO Albatros ｜ Address(es): 423601, Republic of Tatarstan, Territory of the Alabuga Special Economic Zone, Sh-2 Str., 5/12, Premises 253, Russian Federation;",Общество с Ограниченной Ответственностью «Альбатрос» (ООО «Альбатрос»),"Albatross LLC; Limited Liability Company ""Albatros""; OOO Albatros","423601, Republic of Tatarstan, Territory of the Alabuga Special Economic Zone, Sh-2 Str., 5/12, Premises 253, Russian Federation",,
AO SET-1,,AO SET-1,entity,出口管制·军工实体(Annex IV),Export control · military end-user (Annex IV),俄罗斯,Russia,2024-02-23,"Local name: Акционерное Общество «СЕТ-1» (АО «СЕТ-1»)；A.k.a: Set-1 JSC ｜ Address(es): 127287, Moscow, 2nd Khutorskaya Str., 38A, Building 1, Floor 6, Office 614, Russian Federation; 105264, Moscow, Pervomayskaya Verkhnaya Str., 43, Room 16, Office 6, Ru",Акционерное Общество «СЕТ-1» (АО «СЕТ-1»),Set-1 JSC,"127287, Moscow, 2nd Khutorskaya Str., 38A, Building 1, Floor 6, Office 614, Russian Federation; 105264, Moscow, Pervomayskaya Verkhnaya Str., 43, Room 16, Office 6, Ru",,
OOO Alabuga Volokno,,OOO Alabuga Volokno,entity,出口管制·军工实体(Annex IV),Export control · military end-user (Annex IV),俄罗斯,Russia,2024-02-23,"Local name: Общество с Ограниченной Ответственностью «Алабуга-Волокно» (ООО «Алабуга Волокно»)；A.k.a: Alabuga-Fiber LLC ｜ Address(es): 423601, Republic of Tatarstan, Elabuga, Territory of the Alabuga Special Economic Zone, Sh-2 Str., 11/9, Russian Federation Telephone: + 7 855 575 34 00 Website: htt",Общество с Ограниченной Ответственностью «Алабуга-Волокно» (ООО «Алабуга Волокно»),Alabuga-Fiber LLC,"423601, Republic of Tatarstan, Elabuga, Territory of the Alabuga Special Economic Zone, Sh-2 Str., 11/9, Russian Federation",,
SuperCam,,SuperCam,entity,出口管制·军工实体(Annex IV),Export control · military end-user (Annex IV),俄罗斯,Russia,2024-02-23,"Local name: Общество с Ограниченной Ответственностью «Беспилотные Системы» (ООО «Беспилотные Системы»)；A.k.a: LLC Unmanned Systems; Supercam.Aero; SuperCam Unmanned Systems Group; GK ""Bespilontye Sistemy""; OOO Bespilotnye Sistemy ｜ Address(es): 426011, Udmurt Republic, Izhevsk, 10 Let Oktyabrya Str.",Общество с Ограниченной Ответственностью «Беспилотные Системы» (ООО «Беспилотные Системы»),"LLC Unmanned Systems; Supercam.Aero; SuperCam Unmanned Systems Group; GK ""Bespilontye Sistemy""; OOO Bespilotnye Sistemy","426011, Udmurt Republic, Izhevsk, 10 Let Oktyabrya Str",,
AviatestAero,,AviatestAero,entity,出口管制·军工实体(Annex IV),Export control · military end-user (Annex IV),俄罗斯,Russia,2024-02-23,"Local name: Общество с Ограниченной Ответственностью «Авиационные Измерительные Технологии» (ООО «Авиационные Измерительные Технологии»); Авиатест.аэро；A.k.a: Aviation Measurement Technologies LLC; Aviatest.aero ｜ Address(es): 115432 Moscow, 2nd Kozhukhovsky Proezd, 29, Block 2, Building 16, Russian",Общество с Ограниченной Ответственностью «Авиационные Измерительные Технологии» (ООО «Авиационные Измерительные Технологии»); Авиатест.аэро,Aviation Measurement Technologies LLC; Aviatest.aero,"115432 Moscow, 2nd Kozhukhovsky Proezd, 29, Block 2, Building 16, Russian",,
Conex Doo Beograd-Stari Grad,,Conex Doo Beograd-Stari Grad,entity,出口管制·军工实体(Annex IV),Export control · military end-user (Annex IV),塞尔维亚,Serbia,2024-02-23,"Local name: Društvo Za Proizvodnju i Promet Conex Društvo Sa Ograničenom Odgovornošću Beograd-Stari Grad；A.k.a: Conex Doo; CONEX D.O.O. BEOGRAD-STARI GRAD; Company for Production and Trade Conex Limited Liability Company Belgrade-Stari Grad ｜ Address(es): Uzun Mirkova 7, 11102 Belgrade (Stari Grad),",Društvo Za Proizvodnju i Promet Conex Društvo Sa Ograničenom Odgovornošću Beograd-Stari Grad,Conex Doo; CONEX D.O.O. BEOGRAD-STARI GRAD; Company for Production and Trade Conex Limited Liability Company Belgrade-Stari Grad,"Uzun Mirkova 7, 11102 Belgrade (Stari Grad)",,
广州欧赛科技有限公司 Guangzhou Ausay Technology Co Limited,广州欧赛科技有限公司,Guangzhou Ausay Technology Co Limited,entity,出口管制·军工实体(Annex IV),Export control · military end-user (Annex IV),中国,China,2024-02-23,"Local name: 广州欧赛科技有限公司；A.k.a: Ausay Pcb, HK Ausay Technology Co.,Limited ｜ Address(es): 8e, Guangzhou, Baiyun District, Building C Mizi Industrial, Zone 5, Hebian, People's Republic of China; R301 Block A of No 3 Building West Area of Tongda Industrial Zo",广州欧赛科技有限公司,"Ausay Pcb, HK Ausay Technology Co.,Limited","8e, Guangzhou, Baiyun District, Building C Mizi Industrial, Zone 5, Hebian, People's Republic of China; R301 Block A of No 3 Building West Area of Tongda Industrial Zo",,
深圳市比广贸易有限公司 Shenzhen Biguang Trading Co. Ltd,深圳市比广贸易有限公司,Shenzhen Biguang Trading Co. Ltd,entity,出口管制·军工实体(Annex IV),Export control · military end-user (Annex IV),中国,China,2024-02-23,"Local name: 深圳市比广贸易有限公司 ｜ Address(es): 18e, Block B, World Trade Square, Shenzhen, Guangdong, People's Republic of China Website: http://biguang.en.alibaba.com Registration number: 91440300MA5GH3DL64 (USCC)",深圳市比广贸易有限公司,,"18e, Block B, World Trade Square, Shenzhen, Guangdong, People's Republic of China",91440300MA5GH3DL64 (USCC),http://biguang.en.alibaba.com
Yilufa Electronics Ltd. Local name: 深圳市亿路发科技有限公司,Yilufa Electronics Ltd. Local name: 深圳市亿路发科技有限公司,,entity,出口管制·军工实体(Annex IV),Export control · military end-user (Annex IV),中国,China,2024-02-23,"A.k.a: Yilufa Electronics Limited ｜ Address(es): 1806, Futian District, Shenzhen City, Guangdong Province, Hanguo Center, Shenzhen, People's Republic of China; Flat 419, 4/F, Block B, Sheung Shui Plaza, 3, Ka Fu Clos",,Yilufa Electronics Limited,"1806, Futian District, Shenzhen City, Guangdong Province, Hanguo Center, Shenzhen, People's Republic of China; Flat 419, 4/F, Block B, Sheung Shui Plaza, 3, Ka Fu Clos",,
TOO Elem Group,,TOO Elem Group,entity,出口管制·军工实体(Annex IV),Export control · military end-user (Annex IV),哈萨克斯坦,Kazakhstan,2024-02-23,"Local name: Товарищество с Ограниченной Ответственностью «ELEM GROUP (ЭЛЕМ ГРУПП)» (ТОО «ELEM GROUP (ЭЛЕМ ГРУПП)»); «ELEM GROUP (ЭЛЕМ ГРУПП)» Жауапкершілігі Шектеулі Серіктестігі；A.k.a: Elem Group LLP, Limited Liability Partnership ""Elem Group (Elem Grupp)"" ｜ Address(es): 05004, Almaty, Almalinsky D",Товарищество с Ограниченной Ответственностью «ELEM GROUP (ЭЛЕМ ГРУПП)» (ТОО «ELEM GROUP (ЭЛЕМ ГРУПП)»); «ELEM GROUP (ЭЛЕМ ГРУПП)» Жауапкершілігі Шектеулі Серіктестігі,"Elem Group LLP, Limited Liability Partnership ""Elem Group (Elem Grupp)""","05004, Almaty, Almalinsky D",,
"Thai IT Hardware Co., Ltd",,"Thai IT Hardware Co., Ltd",entity,出口管制·军工实体(Annex IV),Export control · military end-user (Annex IV),泰国,Thailand,2024-02-23,"Local name: บริษัท ไทย ไอที ฮาร์ดแวร์ จำกัด；A.k.a: Thai IT Hardware; Roll Up Co., Ltd. ｜ Address(es): 315/85 Floor 3, Moo 12, Nongprue, Banglamung, Chonburi, Kingdom of Thailand Telephone: + 5396534771 Website: https://www.thai-it-hardware.co.th/ Email: sale@thai-it-ha",บริษัท ไทย ไอที ฮาร์ดแวร์ จำกัด,"Thai IT Hardware; Roll Up Co., Ltd","315/85 Floor 3, Moo 12, Nongprue, Banglamung, Chonburi, Kingdom of Thailand",,https://www.thai-it-hardware.co.th/
Yildiz Çip Teknoloji Elektronik Elektrik Bilgisayar Malzemeleri Ticaret Sanayi Limited Sirketi,,Yildiz Çip Teknoloji Elektronik Elektrik Bilgisayar Malzemeleri Ticaret Sanayi Limited Sirketi,entity,出口管制·军工实体(Annex IV),Export control · military end-user (Annex IV),土耳其,Türkiye,2024-02-23,Local name: Yildiz Çip Teknoloji Elektronik Elektrik Bilgisayar Malzemeleri Ticaret Sanayi Limited Șirketi；A.k.a: Yildiz Çip; Yildiz Çip Teknoloji Elektronik Elektrik Bilgisayar Malzemeleri Tic. San. Ltd. Ști.; Yildiz Chip Technology Electronic Electric Computer Materials Trade Industry Limited ｜ Ad,Yildiz Çip Teknoloji Elektronik Elektrik Bilgisayar Malzemeleri Ticaret Sanayi Limited Șirketi,Yildiz Çip; Yildiz Çip Teknoloji Elektronik Elektrik Bilgisayar Malzemeleri Tic. San. Ltd. Ști.; Yildiz Chip Technology Electronic Electric Computer Materials Trade Industry Limited,,,
LLC Fregat,,LLC Fregat,entity,出口管制·军工实体(Annex IV),Export control · military end-user (Annex IV),俄罗斯,Russia,2024-02-23,"Local name: Общество с Ограниченной Ответственностью «Фрегат» (ООО «Фрегат»)；A.k.a: Fregat LLC; OOO Fregat ｜ Address(es): 197101, St. Petersburg, Petrogradskaya Embankment, 36, Letter A, Russian Federation; 191144, St. Petersburg, Moiseenko Str., 24A, Room 1-H, Office 404-404a, Russian Fe",Общество с Ограниченной Ответственностью «Фрегат» (ООО «Фрегат»),Fregat LLC; OOO Fregat,"197101, St. Petersburg, Petrogradskaya Embankment, 36, Letter A, Russian Federation; 191144, St. Petersburg, Moiseenko Str., 24A, Room 1-H, Office 404-404a, Russian Fe",,
IC Specpostavka,,IC Specpostavka,entity,出口管制·军工实体(Annex IV),Export control · military end-user (Annex IV),俄罗斯,Russia,2024-02-23,"Local name: Общество с Ограниченной Ответственностью «ОЭС Спецпоставка» (ООО «ОЭС Спецпоставка»)；A.k.a: OES SPECPOSTAVKA; OOO OES Spetspostavka; OESSP ｜ Address(es): 197183, St. Petersburg, Lipovaya Alley, 9, Letter A, Room 27N, Russian Federation; 197046, St. Petersburg, Petrogradskaya Embankment, ",Общество с Ограниченной Ответственностью «ОЭС Спецпоставка» (ООО «ОЭС Спецпоставка»),OES SPECPOSTAVKA; OOO OES Spetspostavka; OESSP,"197183, St. Petersburg, Lipovaya Alley, 9, Letter A, Room 27N, Russian Federation; 197046, St. Petersburg, Petrogradskaya Embankment",,
Nordlase LLC,,Nordlase LLC,entity,出口管制·军工实体(Annex IV),Export control · military end-user (Annex IV),俄罗斯,Russia,2024-02-23,"Local name: Общество с Ограниченной Ответственностью Нордлэйз (ООО Нордлэйз)；A.k.a: NordLase; OOO Nordleyz ｜ Address(es): 198205, St. Petersburg, Staro-Panovo, Tallinskoye Shosse, 206, Letter A, Premises 2126, Office 1, Russian Federation Telephone: 8 (800) 200-65-60 Website: https://nord",Общество с Ограниченной Ответственностью Нордлэйз (ООО Нордлэйз),NordLase; OOO Nordleyz,"198205, St. Petersburg, Staro-Panovo, Tallinskoye Shosse, 206, Letter A, Premises 2126, Office 1, Russian Federation",,
Leningrad Laser Systems,,Leningrad Laser Systems,entity,出口管制·军工实体(Annex IV),Export control · military end-user (Annex IV),俄罗斯,Russia,2024-02-23,"Local name: Акционерное Общество «ЛЛС» (АО «ЛЛС»); Ленинградские Лазерные Системы；A.k.a: AO LLS; LenLasers ｜ Address(es): 197198, St. Petersburg, Yablochkova Str., 20, Letter Ya, Office 408, Russian Federation; 630090, Novosibirsk, Boris Bogatkova Str., 210, Russian Federation; 119019, Mo",Акционерное Общество «ЛЛС» (АО «ЛЛС»); Ленинградские Лазерные Системы,AO LLS; LenLasers,"197198, St. Petersburg, Yablochkova Str., 20, Letter Ya, Office 408, Russian Federation; 630090, Novosibirsk, Boris Bogatkova Str., 210, Russian Federation; 119019, Mo",,
LLS Mark,,LLS Mark,entity,出口管制·军工实体(Annex IV),Export control · military end-user (Annex IV),俄罗斯,Russia,2024-02-23,"Local name: ЛЛС Марк；A.k.a: LLS ｜ Address(es): 197198, St. Petersburg, Yablochkova Str., 20, Letter Ya, Office 40, Russian Federation; 197198, St. Petersburg, Birzhevaya Liniya, 16, ITMO Technopark, Office 401, Rus",ЛЛС Марк,LLS,"197198, St. Petersburg, Yablochkova Str., 20, Letter Ya, Office 40, Russian Federation; 197198, St. Petersburg, Birzhevaya Liniya, 16, ITMO Technopark, Office 401, Rus",,
OOO Staut,,OOO Staut,entity,出口管制·军工实体(Annex IV),Export control · military end-user (Annex IV),俄罗斯,Russia,2024-02-23,"Local name: Общество с Ограниченной Ответственностью «Стаут» (ООО «Стаут»)；A.k.a: Staut Design Center ｜ Address(es): 200961, St. Petersburg, BOX 1410, Russian Federation; 191144, St. Petersburg, Moiseenko Str., 41, Letter B, Room 4, Floor 2, Office 1, Russian Federation; 192029, St. ",Общество с Ограниченной Ответственностью «Стаут» (ООО «Стаут»),Staut Design Center,"200961, St. Petersburg, BOX 1410, Russian Federation; 191144, St. Petersburg, Moiseenko Str., 41, Letter B, Room 4, Floor 2, Office 1, Russian Federation; 192029, St",,
MFK Fulcrum (Russia),MFK Fulcrum,Russia,entity,出口管制·军工实体(Annex IV),Export control · military end-user (Annex IV),俄罗斯,Russia,2024-06-25,"Local name: Общество с Ограниченной Ответственностью «МФК Точка Опоры» (ООО «МФК Точка Опоры»)；A.k.a: MFC Fulcrum; MFK Fulcrum LLC; OOO MFK Tochka Opory ｜ Address(es): 117452, Moscow, Balaklavskiy Prospekt, 28B, Building 1, Russian Federation; 195027, St. Petersburg, Shaumyana Prospekt, 4, Building ",Общество с Ограниченной Ответственностью «МФК Точка Опоры» (ООО «МФК Точка Опоры»),MFC Fulcrum; MFK Fulcrum LLC; OOO MFK Tochka Opory,"117452, Moscow, Balaklavskiy Prospekt, 28B, Building 1, Russian Federation; 195027, St. Petersburg, Shaumyana Prospekt, 4, Building",,
Power Telecom LLC,,Power Telecom LLC,entity,出口管制·军工实体(Annex IV),Export control · military end-user (Annex IV),俄罗斯,Russia,2024-06-25,"Local name: Общество с Ограниченной Ответственностью «Пауэр Телеком» (ООО «Пауэр Телеком»)；A.k.a: Pauer Telekom; Ural Telecom Systems; OOO UTS ｜ Address(es): 623630, Sverdlovsk Oblast, Alapaevsk, Vokzalnaya Str., 1, Russian Federation; 620014, Sverdlovsk Oblast, Yekaterinburg, Khokhryakova Str., 72,",Общество с Ограниченной Ответственностью «Пауэр Телеком» (ООО «Пауэр Телеком»),Pauer Telekom; Ural Telecom Systems; OOO UTS,"623630, Sverdlovsk Oblast, Alapaevsk, Vokzalnaya Str., 1, Russian Federation; 620014, Sverdlovsk Oblast, Yekaterinburg, Khokhryakova Str., 72",,
Smart VIP LLC,,Smart VIP LLC,entity,出口管制·军工实体(Annex IV),Export control · military end-user (Annex IV),俄罗斯,Russia,2024-06-25,"Local name: Общество с Ограниченной Ответственностью «Смарт ВИП» (ООО «Смарт ВИП») ｜ Address(es): 115404, Moscow, 6th Radialnaya Str., 9, Premises XII, Floor 4, Room 2, Russian Federation Telephone: + 7 (499) 403-37-42 Website: http://smart-sps.ru Email: info@smart",Общество с Ограниченной Ответственностью «Смарт ВИП» (ООО «Смарт ВИП»),,"115404, Moscow, 6th Radialnaya Str., 9, Premises XII, Floor 4, Room 2, Russian Federation",,http://smart-sps.ru
日新電子有限公司 RX Electronics Limited,日新電子有限公司,RX Electronics Limited,entity,出口管制·军工实体(Annex IV),Export control · military end-user (Annex IV),中国香港,Hong Kong (China),2024-06-25,"Local name: 日新電子有限公司；Alias: RX Electronics ｜ Address(es): Flat/Rm C9, 9/F Wing Hing Industrial Building, No14 Hing Yip Str., Kwun Tong, Kowloon, Hong Kong Telephone: + 852-3482 3889; + 852-9187-299363 Website: https://www.rxe",日新電子有限公司,,"Flat/Rm C9, 9/F Wing Hing Industrial Building, No14 Hing Yip Str., Kwun Tong, Kowloon, Hong Kong",,https://www.rxe
Zixis Limited,,Zixis Limited,entity,出口管制·军工实体(Annex IV),Export control · military end-user (Annex IV),中国香港,Hong Kong (China),2024-06-25,"Alias: Zixis Ltd. ｜ Address(es): Unit A22, Block A, 10/F, Prince Industrial Building, 706 Prince Edward Road East, San Po Kong, Kln, Hong Kong; 501–503 Castle Peak Road, Unit B090, International Indus",,,"Unit A22, Block A, 10/F, Prince Industrial Building, 706 Prince Edward Road East, San Po Kong, Kln, Hong Kong; 501–503 Castle Peak Road, Unit B090, International Indus",,
LLC NVS Navigation Technologies,,LLC NVS Navigation Technologies,entity,出口管制·军工实体(Annex IV),Export control · military end-user (Annex IV),俄罗斯,Russia,2024-06-25,"Local name: Общество с Ограниченной Ответственностью «НВС Навигационные Технологии» (ООО «НВС Навигационные Технологии»)；A.k.a: NVS Technologies; NVS Navigation Technologies Ltd; OOO NVS Navigatsionnye Tekhnologii ｜ Address(es): 121170, Moscow, Kulneva Str., 3, Building 1, Office III, Room 25, Russi",Общество с Ограниченной Ответственностью «НВС Навигационные Технологии» (ООО «НВС Навигационные Технологии»),NVS Technologies; NVS Navigation Technologies Ltd; OOO NVS Navigatsionnye Tekhnologii,"121170, Moscow, Kulneva Str., 3, Building 1, Office III, Room 25, Russi",,
JSC Navis Group,,JSC Navis Group,entity,出口管制·军工实体(Annex IV),Export control · military end-user (Annex IV),俄罗斯,Russia,2024-06-25,"Local name: Акционерное Общество «Навис Групп» (АО «Навис Групп»)；A.k.a: Aktsionernoe Obshchestvo Navis Grupp ｜ Address(es): 121170, Moscow, Kulneva Str., 3, Building 1, Office III, Room 15, Russian Federation Telephone: + 7 (495) 665-61-54113 Website: https://group.navis.ru/ Registration nu",Акционерное Общество «Навис Групп» (АО «Навис Групп»),Aktsionernoe Obshchestvo Navis Grupp,"121170, Moscow, Kulneva Str., 3, Building 1, Office III, Room 15, Russian Federation",,https://group.navis.ru/ Registration nu
JSC Navis-Electronics,,JSC Navis-Electronics,entity,出口管制·军工实体(Annex IV),Export control · military end-user (Annex IV),俄罗斯,Russia,2024-06-25,"Local name: Акционерное Общество «Навис-Электроника» (АО «Навис-Электроника»)；A.k.a: Aktsionernoe Obshchestvo Navis Elektronika ｜ Address(es): 121170, Moscow, Kulneva Str., 3, Building 1, Office III, Room 15, Russian Federation; 127411, Moscow, Dimitrovskoe Shosse, 157, Building 8, Russian Federatio",Акционерное Общество «Навис-Электроника» (АО «Навис-Электроника»),Aktsionernoe Obshchestvo Navis Elektronika,"121170, Moscow, Kulneva Str., 3, Building 1, Office III, Room 15, Russian Federation; 127411, Moscow, Dimitrovskoe Shosse, 157, Building 8, Russian Federatio",,
ANO KB Korund-M,,ANO KB Korund-M,entity,出口管制·军工实体(Annex IV),Export control · military end-user (Annex IV),俄罗斯,Russia,2024-06-25,"Local name: Автономная Некоммерческая Организация Конструкторское Бюро «Корунд-М» (АНО КБ «Корунд-М»)；A.k.a: Autonomous Nonprofit Organisation Design Bureau Korund-M; Autonomous NGO Design Bureau Korund-M ｜ Address(es): 115280, Moscow, Avtozavodskaya Str., 23, Building 15, Russian Federation; 115280",Автономная Некоммерческая Организация Конструкторское Бюро «Корунд-М» (АНО КБ «Корунд-М»),Autonomous Nonprofit Organisation Design Bureau Korund-M; Autonomous NGO Design Bureau Korund-M,"115280, Moscow, Avtozavodskaya Str., 23, Building 15, Russian Federation; 115280",,
JSC KB Korund-M,,JSC KB Korund-M,entity,出口管制·军工实体(Annex IV),Export control · military end-user (Annex IV),俄罗斯,Russia,2024-06-25,"Local name: Акционерное Общество «Конструкторское Бюро «Корунд-М» (АО КБ «Корунд-М»)；A.k.a: JSC Design Bureau Korund-M ｜ Address(es): 115230, Moscow, Elektrolitny Proezd, 9, Building 1, Russian Federation Telephone: + 7 (495) 719-76-51; + 7 499 678-20-60 Website: https://korund-m.ru/ Email: oao_koru",Акционерное Общество «Конструкторское Бюро «Корунд-М» (АО КБ «Корунд-М»),JSC Design Bureau Korund-M,"115230, Moscow, Elektrolitny Proezd, 9, Building 1, Russian Federation",,https://korund-m.ru/
"JSC Radio Engineering Concern ""Vega"" (Vega Konsern)","JSC Radio Engineering Concern ""Vega""",Vega Konsern,entity,出口管制·军工实体(Annex IV),Export control · military end-user (Annex IV),俄罗斯,Russia,2024-06-25,"Local name: Акционерное Общество «Концерн Радиостроения «Вега» (АО «Концерн «Вега») A.k.a: Vega Radio Engineering Corporation ｜ Address(es): 121170, Moscow, Kutuzovsky Prospekt, 34, Russian Federation Telephone: + 7 (499) 753-40-04 Website: https://www.vega.su/ (offline) Email: mail@vega.su Registra",Акционерное Общество «Концерн Радиостроения «Вега» (АО «Концерн «Вега»),Vega Radio Engineering Corporation,"121170, Moscow, Kutuzovsky Prospekt, 34, Russian Federation",,https://www.vega.su/ (offline)
LLC Optics.Signals.Antennas (O.S.A.),LLC Optics.Signals.Antennas,O.S.A.,entity,出口管制·军工实体(Annex IV),Export control · military end-user (Annex IV),俄罗斯,Russia,2024-06-25,"Local name: Общество с Ограниченной Ответственностью «Оптика.Сигналы.Антенны» (ООО «О. С. А.»)；A.k.a: LLC O.S.A. ｜ Address(es): 197348, St. Petersburg, Kolomyazhsky Prospekt, 10, Letter E, Russian Federation Telephone: + 7 (812) 930-07-03; + 7 (812) 986-81-57; + 7 (950) 013-3535 Website: https:",Общество с Ограниченной Ответственностью «Оптика.Сигналы.Антенны» (ООО «О. С. А.»),LLC O.S.A,"197348, St. Petersburg, Kolomyazhsky Prospekt, 10, Letter E, Russian Federation",,
Federal State Unitary Enterprise NPP Gamma,,Federal State Unitary Enterprise NPP Gamma,entity,出口管制·军工实体(Annex IV),Export control · military end-user (Annex IV),俄罗斯,Russia,2024-06-25,"Local name: Федеральное Государственное Унитарное Предприятие ""Научно-Производственное Предприятие ‘Гамма'"" (ФГУП ""НПП ‘Гамма'"")；A.k.a: Federal State Unitary Enterprise Scientific and Production Enterprise Gamma; Federal State Unitary Enterprise ""Research and Production Enterprise ‘Gamma'""; FGUP NPP","Федеральное Государственное Унитарное Предприятие ""Научно-Производственное Предприятие ‘Гамма'"" (ФГУП ""НПП ‘Гамма'"")","Federal State Unitary Enterprise Scientific and Production Enterprise Gamma; Federal State Unitary Enterprise ""Research and Production Enterprise ‘Gamma'""; FGUP NPP",,,
Dielcom LLC,,Dielcom LLC,entity,出口管制·军工实体(Annex IV),Export control · military end-user (Annex IV),俄罗斯,Russia,2024-06-25,"Local name: Общество с Ограниченной Ответственностью «Диэлком» (ООО «Диэлком») A.k.a: OOO Dielkom ｜ Address(es): 190000, St. Petersburg, Obuchovskoy Oborony Prospekt, 163, Russian Federation; 195196, St. Petersburg, Tallinskaya Str., 7, Letter O, Russian Federation Telephone: + 7",Общество с Ограниченной Ответственностью «Диэлком» (ООО «Диэлком»),OOO Dielkom,"190000, St. Petersburg, Obuchovskoy Oborony Prospekt, 163, Russian Federation; 195196, St. Petersburg, Tallinskaya Str., 7, Letter O, Russian Federation",,
Dielcom EK,,Dielcom EK,entity,出口管制·军工实体(Annex IV),Export control · military end-user (Annex IV),俄罗斯,Russia,2024-06-25,"Local name: Общество с Ограниченной Ответственностью «Диэлком-ЭК» (ООО «Диэлком-ЭК»)；A.k.a: OOO Dielkom-EK; Dielcom EC LLC ｜ Address(es): 195196, St. Petersburg, Tallinskaya Str., 7, Letter O, Premises 4-N, Office 403-6, Room 117, Russian Federation Telephone: + 7 (921) 091-47-55; + 7 (812) 339-45-9",Общество с Ограниченной Ответственностью «Диэлком-ЭК» (ООО «Диэлком-ЭК»),OOO Dielkom-EK; Dielcom EC LLC,"195196, St. Petersburg, Tallinskaya Str., 7, Letter O, Premises 4-N, Office 403-6, Room 117, Russian Federation",,
Telecommunications Technology (TKT),Telecommunications Technology,TKT,entity,出口管制·军工实体(Annex IV),Export control · military end-user (Annex IV),俄罗斯,Russia,2024-06-25,"Local name: Общество с Ограниченной Ответственностью «Телекоммуникационные Технологии» (ООО «ТКТ»)；A.k.a: OOO TKT; Telecommunication Technologies LLC ｜ Address(es): 121593, Moscow, Gorbunova Str., 2, Building 3, Foor 8, Premises II, Room 27235, Russian Federation; 121357, Moscow, Vereyskaya Str., 29",Общество с Ограниченной Ответственностью «Телекоммуникационные Технологии» (ООО «ТКТ»),OOO TKT; Telecommunication Technologies LLC,"121593, Moscow, Gorbunova Str., 2, Building 3, Foor 8, Premises II, Room 27235, Russian Federation; 121357, Moscow, Vereyskaya Str., 29",,
Azimut LLC,,Azimut LLC,entity,出口管制·军工实体(Annex IV),Export control · military end-user (Annex IV),俄罗斯,Russia,2024-06-25,"Local name: Общество с Ограниченной Ответственностью «Азимут» (ООО «Азимут») A.k.a: OOO Azimut ｜ Address(es): 115230, Moscow, Varshavskoe Shosse, 42, Floor 7, Office 7122, Russian Federation Registration number: 5002005356 (Tax ID/INN)",Общество с Ограниченной Ответственностью «Азимут» (ООО «Азимут»),OOO Azimut,"115230, Moscow, Varshavskoe Shosse, 42, Floor 7, Office 7122, Russian Federation",5002005356 (Tax ID/INN),
Win Key Limited,,Win Key Limited,entity,出口管制·军工实体(Annex IV),Export control · military end-user (Annex IV),中国香港,Hong Kong (China),2024-06-25,"Local name:；A.k.a: Win Key; Win Ket Ltd ｜ Address(es): Room 1606, 16/F Workingbond Commercial Centre, 162-164 Prince Edward Road West, Mong Kok, Kowloon, Hong Kong; Unit 1008, 10/F, Sun Cheong Industrial Building, 2-4 Cheu",,Win Key; Win Ket Ltd,"Room 1606, 16/F Workingbond Commercial Centre, 162-164 Prince Edward Road West, Mong Kok, Kowloon, Hong Kong; Unit 1008, 10/F, Sun Cheong Industrial Building, 2-4 Cheu",,
LLC Titan-Micro,,LLC Titan-Micro,entity,出口管制·军工实体(Annex IV),Export control · military end-user (Annex IV),俄罗斯,Russia,2024-06-25,"Local name: Общество с Ограниченной Ответственностью «Титан-Микро» (ООО «Титан-Микро»)；Alias: Titan Mikro ｜ Address(es): 125481, Moscow, Severnoye Tushino Municipal District, Svobody Str., 103, Building 8, Floor 2, Room 4265, Russian Federation; 390023, Ryazan, Yesenina Str, 41, Room N11",Общество с Ограниченной Ответственностью «Титан-Микро» (ООО «Титан-Микро»),,"125481, Moscow, Severnoye Tushino Municipal District, Svobody Str., 103, Building 8, Floor 2, Room 4265, Russian Federation; 390023, Ryazan, Yesenina Str, 41, Room N11",,
Streloi Ekommerts,,Streloi Ekommerts,entity,出口管制·军工实体(Annex IV),Export control · military end-user (Annex IV),俄罗斯,Russia,2024-06-25,"Local name: Общество с Ограниченной Ответственностью «Стрелой Е-Коммерц» (ООО «Стрелой Е-Коммерц»)；A.k.a: LLC Streloy E-Commerce ｜ Address(es): 191025, St. Petersburg, Vladimir Municipal District, Dmitrovsky Pereulok, 13, Letter A280, Russian Federation; 194292, St. Petersburg, Parnassus 1st Vekhny ",Общество с Ограниченной Ответственностью «Стрелой Е-Коммерц» (ООО «Стрелой Е-Коммерц»),LLC Streloy E-Commerce,"191025, St. Petersburg, Vladimir Municipal District, Dmitrovsky Pereulok, 13, Letter A280, Russian Federation; 194292, St. Petersburg, Parnassus 1st Vekhny",,
LLC Chipdevice,,LLC Chipdevice,entity,出口管制·军工实体(Annex IV),Export control · military end-user (Annex IV),俄罗斯,Russia,2024-06-25,"Local name: Общество с Ограниченной Ответственностью «Чипдевайс» (ООО «Чипдевайс»)；A.k.a: OOO Chipdevais ｜ Address(es): 195196, St. Petersburg, Malaya Oktha Municipal District, Rizhskaya Str., 5, Building 1, Letter A, Room 27, 28, Office 416291, Russian Federation Telephone: + 7 (812) 3",Общество с Ограниченной Ответственностью «Чипдевайс» (ООО «Чипдевайс»),OOO Chipdevais,"195196, St. Petersburg, Malaya Oktha Municipal District, Rizhskaya Str., 5, Building 1, Letter A, Room 27, 28, Office 416291, Russian Federation",,
OOO Novelco,,OOO Novelco,entity,出口管制·军工实体(Annex IV),Export control · military end-user (Annex IV),俄罗斯,Russia,2024-06-25,"Local name: Общество с Ограниченной Ответственностью «Новелко» (ООО «Новелко») A.k.a: Novelco LLC; OOO Novelko ｜ Address(es): 141506, Moscow Oblast, Solnechnogorsk, Krasnaya Str., 58, Russian Federation; 141580, Moscow Oblast, Khimki, Dubrovki Village, Aeroportovskaya Str., 2, Building 2, Bus",Общество с Ограниченной Ответственностью «Новелко» (ООО «Новелко»),Novelco LLC; OOO Novelko,"141506, Moscow Oblast, Solnechnogorsk, Krasnaya Str., 58, Russian Federation; 141580, Moscow Oblast, Khimki, Dubrovki Village, Aeroportovskaya Str., 2, Building 2, Bus",,
Kvantek Limited,,Kvantek Limited,entity,出口管制·军工实体(Annex IV),Export control · military end-user (Annex IV),中国香港,Hong Kong (China),2024-06-25,"A.k.a: Kvantek; Kvantek (HK) Limited ｜ Address(es): Unit 704, 7/F, 135 Bonham Strand Trade Center, Sheung Wan, Hong Kong Telephone: + 852 6078 0744; + 852 5801 4778316 Website: www.kvantek-ltd.com Email: info@kvantek-lt",,Kvantek; Kvantek (HK) Limited,"Unit 704, 7/F, 135 Bonham Strand Trade Center, Sheung Wan, Hong Kong",,http://www.kvantek-ltd.com
SuperChip Limited,,SuperChip Limited,entity,出口管制·军工实体(Annex IV),Export control · military end-user (Annex IV),中国香港,Hong Kong (China),2024-06-25,"A.k.a: Superchip (HK) Limited; Superchip Ltd ｜ Address(es): Unit 704, 7/F, 135 Bonham Strand Trade Center, Sheung Wan, Hong Kong Telephone: + 85239733866 Website: www.superchip-ltd.com Email: info@superchip-ltd.com Registration",,Superchip (HK) Limited; Superchip Ltd,"Unit 704, 7/F, 135 Bonham Strand Trade Center, Sheung Wan, Hong Kong",,http://www.superchip-ltd.com
Crynofist Aviation,,Crynofist Aviation,entity,出口管制·军工实体(Annex IV),Export control · military end-user (Annex IV),阿联酋,United Arab Emirates,2024-06-25,"Local name: تسيفونيرك نشييفا ش.م.ح；A.k.a: Crynofist Aviation FZCO ｜ Address(es): 9WB 159-SO-26, First Floor, 9WB, Dubai Airport Freezone, Dubai, United Arab Emirates Telephone: + 971 4 261 4263 Website: https://crynofistaviation.com/ Email: sales@c",تسيفونيرك نشييفا ش.م.ح,Crynofist Aviation FZCO,"9WB 159-SO-26, First Floor, 9WB, Dubai Airport Freezone, Dubai, United Arab Emirates",,https://crynofistaviation.com/
香港凱利實業有限公司 Kaili Industrial HK Limited,香港凱利實業有限公司,Kaili Industrial HK Limited,entity,出口管制·军工实体(Annex IV),Export control · military end-user (Annex IV),中国香港,Hong Kong (China),2024-06-25,"Local name: 香港凱利實業有限公司；A.k.a: Kaili Industrial H.K. Ltd ｜ Address(es): Room 803, Chevalier House, 45-51 Chatham Road South, Tsim Sha Tsui, Kowloon, Hong Kong Telephone: + 7 (423) 242-85-03; + 7 (423) 261-46-41 Registration number: 3030778",香港凱利實業有限公司,Kaili Industrial H.K. Ltd,"Room 803, Chevalier House, 45-51 Chatham Road South, Tsim Sha Tsui, Kowloon, Hong Kong",3030778,
莫斯特發展有限公司 Most Development Limited,莫斯特發展有限公司,Most Development Limited,entity,出口管制·军工实体(Annex IV),Export control · military end-user (Annex IV),中国香港,Hong Kong (China),2024-06-25,"Local name: 莫斯特發展有限公司；A.k.a: Most Development; Most Development Ltd ｜ Address(es): 2–16 Fayuen Street, Office 4, 16/F, Ho King Commercial Center, Hong Kong; 9 Yin Chong Street, 21F, Room 01, Prosper Commercial Building, Hong Kong Website: https://mos",莫斯特發展有限公司,Most Development; Most Development Ltd,"2–16 Fayuen Street, Office 4, 16/F, Ho King Commercial Center, Hong Kong; 9 Yin Chong Street, 21F, Room 01, Prosper Commercial Building, Hong Kong",,
Muller Markt LLC,,Muller Markt LLC,entity,出口管制·军工实体(Annex IV),Export control · military end-user (Annex IV),吉尔吉斯斯坦,Kyrgyzstan,2024-06-25,"Local name: Общество с Ограниченной Ответственностью «Мюллер Маркт» (ООО «Мюллер Маркт»); «Мюллер Маркт» жоопкерчилиги чектелген коому；Alias: Müller Markt; OOO Myuller Markt ｜ Address(es): Bishkek, Leninsky District, 95, Kalyk Akieva Str., 3rd Floor, Kyrgyz Republic; 720005, Bishkek, Fatyanova Str.,",Общество с Ограниченной Ответственностью «Мюллер Маркт» (ООО «Мюллер Маркт»); «Мюллер Маркт» жоопкерчилиги чектелген коому,,"Bishkek, Leninsky District, 95, Kalyk Akieva Str., 3rd Floor, Kyrgyz Republic; 720005, Bishkek, Fatyanova Str",,
Profflab LLC,,Profflab LLC,entity,出口管制·军工实体(Annex IV),Export control · military end-user (Annex IV),吉尔吉斯斯坦,Kyrgyzstan,2024-06-25,"Local name: Общество с Ограниченной Ответственностью «ПроффЛаб» (ООО «ПроффЛаб»); «ПроффЛаб» жоопкерчилиги чектелген коому；A.k.a: Profflab OSOO ｜ Address(es): 720001, Bishkek, Leninsky District, Toktogula Str., 179/2, Kyrgyz Republic Website: http://proff-lab.kg/ Registration number: 01703202210047 ",Общество с Ограниченной Ответственностью «ПроффЛаб» (ООО «ПроффЛаб»); «ПроффЛаб» жоопкерчилиги чектелген коому,Profflab OSOO,"720001, Bishkek, Leninsky District, Toktogula Str., 179/2, Kyrgyz Republic",01703202210047,http://proff-lab.kg/
Megasan Elektronik Ticaret Ve Sanayi A S,,Megasan Elektronik Ticaret Ve Sanayi A S,entity,出口管制·军工实体(Annex IV),Export control · military end-user (Annex IV),土耳其,Türkiye,2024-06-25,"Local name: Megasan Elektronik Ticaret Ve Sanayi Anonim Șirketi；Alias: Megasan ｜ Address(es): 34771, Fatih Sultan Mehmet Mahallesi Poligon Caddesi OneBlock İș Merkezi No:16 Floor:11, Umraniye Istanbul, Republic of Türkiye; Perpa Trading Centers A Block Floor:11",Megasan Elektronik Ticaret Ve Sanayi Anonim Șirketi,,"34771, Fatih Sultan Mehmet Mahallesi Poligon Caddesi OneBlock İș Merkezi No:16 Floor:11, Umraniye Istanbul, Republic of Türkiye; Perpa Trading Centers A Block Floor:11",,
Karasani Dis Ticaret Limited Sirketi,,Karasani Dis Ticaret Limited Sirketi,entity,出口管制·军工实体(Annex IV),Export control · military end-user (Annex IV),土耳其,Türkiye,2024-06-25,"Local name: Karasani Diș Ticaret Limited Șirketi；Alias: Karasani Foreign Trade Limited Company ｜ Address(es): Cumhuriyet Mah.Cevval Sk. No:1/3 İç Kapi No:180, Büyükçekmece, Istanbul, Republic of Türkiye; Bahcesehir 2. Kisim Mah. Waterfall Cad. 13e, Basaksehir, Istanbul, Republ",Karasani Diș Ticaret Limited Șirketi,,"Cumhuriyet Mah.Cevval Sk. No:1/3 İç Kapi No:180, Büyükçekmece, Istanbul, Republic of Türkiye; Bahcesehir 2. Kisim Mah. Waterfall Cad. 13e, Basaksehir, Istanbul, Republ",,
CTL Dis Ticaret Limited,,CTL Dis Ticaret Limited,entity,出口管制·军工实体(Annex IV),Export control · military end-user (Annex IV),土耳其,Türkiye,2024-06-25,"Local name: CTL Diș Ticaret Limited Șirketi；A.k.a: CTL Foreign Trade Limited; CTL Limited ｜ Address(es): Nisbetiye Mah., Gazi Güçnar Sk. Uygur Iș Merkezi Blok No: 4, İc Kapı No: 2, Beșiktaș, Istanbul, Republic of Türkiye Telephone: + 905346311587 Website: https://www.ctl-",CTL Diș Ticaret Limited Șirketi,CTL Foreign Trade Limited; CTL Limited,"Nisbetiye Mah., Gazi Güçnar Sk. Uygur Iș Merkezi Blok No: 4, İc Kapı No: 2, Beșiktaș, Istanbul, Republic of Türkiye",,
Bion Group Ic Ve Dis Ticaret Limited,,Bion Group Ic Ve Dis Ticaret Limited,entity,出口管制·军工实体(Annex IV),Export control · military end-user (Annex IV),土耳其,Türkiye,2024-06-25,"Local name: Bion Group İç Ve Diș Ticaret Limited Șirketi；A.k.a: Bion Trade Group Limited; Bion Group Ltd Sti ｜ Address(es): Maslak Mah. Büyükdere Cad. Noramin İș Merkezi No: 237 İç Kapi No: 202, Sariyer, Istanbul, Republic of Türkiye Telephone: + 90 212 438 3235 Website: https://www.biontra",Bion Group İç Ve Diș Ticaret Limited Șirketi,Bion Trade Group Limited; Bion Group Ltd Sti,"Maslak Mah. Büyükdere Cad. Noramin İș Merkezi No: 237 İç Kapi No: 202, Sariyer, Istanbul, Republic of Türkiye",,https://www.biontra
Ervacan Makina Ekipmanlari Ve San Ted Ltd,,Ervacan Makina Ekipmanlari Ve San Ted Ltd,entity,出口管制·军工实体(Annex IV),Export control · military end-user (Annex IV),土耳其,Türkiye,2024-06-25,"Local name: Ervacan Makina Ekipmanlari Ve Sanayi Tedarik Limited Șirketi；A.k.a: Ervacan Makina Ekipmanları ve Sanayi Tedarik Ltd Ști. ｜ Address(es): Küçükbakkalköy Mah., Defne Sok., Flora Suite Office, KNo: 1, DNo: 365, PK: 34750, Atasehir, Istanbul, Republic of Türkiye Telephone: 532 317 72 99 Webs",Ervacan Makina Ekipmanlari Ve Sanayi Tedarik Limited Șirketi,Ervacan Makina Ekipmanları ve Sanayi Tedarik Ltd Ști,"Küçükbakkalköy Mah., Defne Sok., Flora Suite Office, KNo: 1, DNo: 365, PK: 34750, Atasehir, Istanbul, Republic of Türkiye",,
Smart Trading Tasimacilik Sanayi Ve Ticaret Limited,,Smart Trading Tasimacilik Sanayi Ve Ticaret Limited,entity,出口管制·军工实体(Annex IV),Export control · military end-user (Annex IV),土耳其,Türkiye,2024-06-25,"Local name: Smart Trading Tașimacilik Sanayi Ve Ticaret Limited Șirketi ｜ Address(es): Esentepe Mah., Harman 1, Sk.Duran İș Merkezi Blok No:4/8, Șișli, Istanbul, Republic of Türkiye Telephone: 555 604 38 91 Registration number: 0772-1465-6280-0001(Centra",Smart Trading Tașimacilik Sanayi Ve Ticaret Limited Șirketi,,"Esentepe Mah., Harman 1, Sk.Duran İș Merkezi Blok No:4/8, Șișli, Istanbul, Republic of Türkiye",0772-1465-6280-0001(Centra,
Orel Dis Tic. Ltd. Sti,,Orel Dis Tic. Ltd. Sti,entity,出口管制·军工实体(Annex IV),Export control · military end-user (Annex IV),土耳其,Türkiye,2024-06-25,"Local name: Orel Diș Ticaret Limited Șirketi；A.k.a: Orel Dis Ticaret Ltd.; Orel Foreign Trade Limited Company ｜ Address(es): Alaaddinbey Mah. 632. Sk. No: 6a İç Kapi No: 1 Nilüfer, Bursa, Republic of Türkiye",Orel Diș Ticaret Limited Șirketi,Orel Dis Ticaret Ltd.; Orel Foreign Trade Limited Company,"Alaaddinbey Mah. 632. Sk. No: 6a İç Kapi No: 1 Nilüfer, Bursa, Republic of Türkiye",,
长光卫星技术股份有限公司 Chang Guang Satellite Technology Co. Ltd,长光卫星技术股份有限公司,Chang Guang Satellite Technology Co. Ltd,entity,出口管制·军工实体(Annex IV),Export control · military end-user (Annex IV),中国,China,2024-06-25,"Local name: 长光卫星技术股份有限公司 (长光卫星)；A.k.a: CGST; Changguang Setellite Co., Ltd; ""Charming Globe"" ｜ Address(es): 1299, Mingxi Road, Beihu Technological Development Zone, Changchun City, Jilin Province, People's Republic of China Telephone: + 86-0431-81785191 Website: http://www.j",长光卫星技术股份有限公司 (长光卫星),"CGST; Changguang Setellite Co., Ltd; ""Charming Globe""","1299, Mingxi Road, Beihu Technological Development Zone, Changchun City, Jilin Province, People's Republic of China",,
北京和德宇航技术有限公司 China Head Aerospace Group,北京和德宇航技术有限公司,China Head Aerospace Group,entity,出口管制·军工实体(Annex IV),Export control · military end-user (Annex IV),中国,China,2024-06-25,"Local name: 北京和德宇航技术有限公司；A.k.a: China Head Aerospace Technology Co.; China Head Technology Co.; China Head Technology Company ｜ Address(es): Room n o 1, 13th floor, Building n o 5, Defence Science and Technology Park, Compound A2, West 3rd Ring North Road, Haidian district, Beijing, People's Republi",北京和德宇航技术有限公司,China Head Aerospace Technology Co.; China Head Technology Co.; China Head Technology Company,"Room n o 1, 13th floor, Building n o 5, Defence Science and Technology Park, Compound A2, West 3rd Ring North Road, Haidian district, Beijing, People's Republi",,
长沙天仪空间科技研究院有限公司 Changsha Tianyi Space Science and Technology Research (SpaceTy),长沙天仪空间科技研究院有限公司 Changsha Tianyi Space Science and Technology Research,SpaceTy,entity,出口管制·军工实体(Annex IV),Export control · military end-user (Annex IV),中国,China,2024-06-25,"Local name: 长沙天仪空间科技研究院有限公司；A.k.a: Spacety China; Changsha Tianyi Space Science and Technology Research Institute Co. LTD; Spacety Co., Ltd. ｜ Address(es): 25th floor, A Building, Lugu Science&Technology Innovation and Entrepreneurship Park, 1698 Yuelu West Avenue, High-tech development zone, Changs",长沙天仪空间科技研究院有限公司,"Spacety China; Changsha Tianyi Space Science and Technology Research Institute Co. LTD; Spacety Co., Ltd","25th floor, A Building, Lugu Science&Technology Innovation and Entrepreneurship Park, 1698 Yuelu West Avenue, High-tech development zone, Changs",,
"深圳五力高科创新科技有限公司 Shenzhen 5G High Tech Innovation Co., Ltd",深圳五力高科创新科技有限公司,"Shenzhen 5G High Tech Innovation Co., Ltd",entity,出口管制·军工实体(Annex IV),Export control · military end-user (Annex IV),中国,China,2024-06-25,"Local name: 深圳五力高科创新科技有限公司 ｜ Address(es): B502, Block B, Rongchao Yinglong Building, Longfu Road, Shangjing Community, Longcheng Sub-district, Longgang District, Shenzhen, People's Republic of China; 306 Garde",深圳五力高科创新科技有限公司,,"B502, Block B, Rongchao Yinglong Building, Longfu Road, Shangjing Community, Longcheng Sub-district, Longgang District, Shenzhen, People's Republic of China; 306 Garde",,
元富科技集團股份有限公司 Afox Corporation,元富科技集團股份有限公司,Afox Corporation,entity,出口管制·军工实体(Annex IV),Export control · military end-user (Annex IV),中国香港,Hong Kong (China),2024-06-25,"Local name: 元富科技集團股份有限公司 ｜ Address(es): Ft F 10/F, Hung Cheung Ind Ctr Phs 1, 12 Tsing Yeung Circuit Tuen Mun Nt, Hong Kong; 807, Yan Hing Centre, 9-13 Wong Chuk Yeung St., Fo Tan, NT, Hong Kong; Pan-Asia, A",元富科技集團股份有限公司,,"Ft F 10/F, Hung Cheung Ind Ctr Phs 1, 12 Tsing Yeung Circuit Tuen Mun Nt, Hong Kong; 807, Yan Hing Centre, 9-13 Wong Chuk Yeung St., Fo Tan, NT, Hong Kong; Pan-Asia, A",,
DEXP International Limited,,DEXP International Limited,entity,出口管制·军工实体(Annex IV),Export control · military end-user (Annex IV),中国香港,Hong Kong (China),2024-06-25,"Address(es): Unit 7103, 7/F Yf Life Tower 33 Lockhart Road Wan Chai, Hong Kong; 7B, 1801-03, 18/F, East Town Building, 41 Lockhart Road, Wan Chai, Hong Kong Telephone: + 852 2760 2",,,"Unit 7103, 7/F Yf Life Tower 33 Lockhart Road Wan Chai, Hong Kong; 7B, 1801-03, 18/F, East Town Building, 41 Lockhart Road, Wan Chai, Hong Kong",,
麥克維爾工業貿易有限公司 Agu Information Technology Co Limited,麥克維爾工業貿易有限公司,Agu Information Technology Co Limited,entity,出口管制·军工实体(Annex IV),Export control · military end-user (Annex IV),中国香港,Hong Kong (China),2024-06-25,"Local name: 麥克維爾工業貿易有限公司；A.k.a: Makewell Industrial Trading Co., Limited ｜ Address(es): Unit 22, 2/F, Foo To Building, 98 Argyle Street, Mongkok, Kowloon, Hong Kong Registration number: 3142653 (CR No.)",麥克維爾工業貿易有限公司,"Makewell Industrial Trading Co., Limited","Unit 22, 2/F, Foo To Building, 98 Argyle Street, Mongkok, Kowloon, Hong Kong",3142653 (CR No.),
Grants Promotion Service Limited,,Grants Promotion Service Limited,entity,出口管制·军工实体(Annex IV),Export control · military end-user (Annex IV),中国香港,Hong Kong (China),2024-06-25,"A.k.a: Catalano Limited; GPSL; Zhenao Co. Ltd. ｜ Address: 430-436 Nathan Road, Nathan Commercial Building, 8th Floor, Room A, Yau Ma Tei, Hong Kong Website: https://grantspsltd.com/ Email: clients@grantspsltd.com Registration num",,Catalano Limited; GPSL; Zhenao Co. Ltd,"430-436 Nathan Road, Nathan Commercial Building, 8th Floor, Room A, Yau Ma Tei, Hong Kong",,https://grantspsltd.com/
Innovio Ventures,,Innovio Ventures,entity,出口管制·军工实体(Annex IV),Export control · military end-user (Annex IV),印度,India,2024-06-25,"Address(es): 944 Block C Sushant Lok Phase 1, Gurugram, Haryana, 122001, Republic of India; Basai Road, Shop No. 141, Gurgaon, Haryana, 122001, Republic of India Telephone: + 91 97",,,"944 Block C Sushant Lok Phase 1, Gurugram, Haryana, 122001, Republic of India; Basai Road, Shop No. 141, Gurgaon, Haryana, 122001, Republic of India",,
愛瑪芯科技有限公司 Imaxchip,愛瑪芯科技有限公司,Imaxchip,entity,出口管制·军工实体(Annex IV),Export control · military end-user (Annex IV),中国,China,2024-06-25,"Local name: 愛瑪芯科技有限公司；A.k.a: Imaxchip Technology Co Limited; Imaxchip Technology CO Ltd.; Emmaxin Technology Co., Ltd ｜ Address(es): 18E, Building 2, China Phoenix Building, Shennan Road, Futian District, 518000, Shenzhen, People's Republic of China; No. 59 King Yip Street, King Yip Factory Building",愛瑪芯科技有限公司,"Imaxchip Technology Co Limited; Imaxchip Technology CO Ltd.; Emmaxin Technology Co., Ltd","18E, Building 2, China Phoenix Building, Shennan Road, Futian District, 518000, Shenzhen, People's Republic of China; No. 59 King Yip Street, King Yip Factory Building",,
美星國際貿易有限公司 M Star International Trading Company Limited,美星國際貿易有限公司,M Star International Trading Company Limited,entity,出口管制·军工实体(Annex IV),Export control · military end-user (Annex IV),中国,China,2024-06-25,"Local name: 美星國際貿易有限公司；A.k.a: M-Star International Trading Co., Ltd.; Meixing International Trade Co., Ltd ｜ Address(es): Room 2501, International Science & Technology Building, Futian District, Shenzhen, Guangdong, People's Republic of China; Flat/Rm D19 3/F, Wong King Industrial Buildin",美星國際貿易有限公司,"M-Star International Trading Co., Ltd.; Meixing International Trade Co., Ltd","Room 2501, International Science & Technology Building, Futian District, Shenzhen, Guangdong, People's Republic of China; Flat/Rm D19 3/F, Wong King Industrial Buildin",,
Ix Elektronik Ic Ve Dis Ticaret Limited,,Ix Elektronik Ic Ve Dis Ticaret Limited,entity,出口管制·军工实体(Annex IV),Export control · military end-user (Annex IV),土耳其,Türkiye,2024-06-25,"Local name: Ix Elektronik İç Ve Diș Ticaret Limited Șirketi ｜ Address(es): Summer Park Sitesi D Blok, No:8D-23 OBA Mahallesi, Antalya, Republic of Türkiye; 07450, Alanya/Antalya, Oba Mahallesi 225, Sok Summer Park Sitesi No:8 D BL, Republic o",Ix Elektronik İç Ve Diș Ticaret Limited Șirketi,,"Summer Park Sitesi D Blok, No:8D-23 OBA Mahallesi, Antalya, Republic of Türkiye; 07450, Alanya/Antalya, Oba Mahallesi 225, Sok Summer Park Sitesi No:8 D BL, Republic o",,
"Allparts Trading Co, Limited",,"Allparts Trading Co, Limited",entity,出口管制·军工实体(Annex IV),Export control · military end-user (Annex IV),中国,China,2024-06-25,"A.k.a: All Parts Trading Company Limited ｜ Address(es): 3 Garden Road Central, Hong Kong; Room 13, 27/F, Ho King Commercial Centre, 2-16 Fa Yuen, Street, Mongkok Kowloon, Hong Kong; Room 2901B, Bank of Communications, Futia",,All Parts Trading Company Limited,"3 Garden Road Central, Hong Kong; Room 13, 27/F, Ho King Commercial Centre, 2-16 Fa Yuen, Street, Mongkok Kowloon, Hong Kong; Room 2901B, Bank of Communications, Futia",,
Bee Insaat Mimarlik Anonim Sirketi,,Bee Insaat Mimarlik Anonim Sirketi,entity,出口管制·军工实体(Annex IV),Export control · military end-user (Annex IV),土耳其,Türkiye,2024-06-25,"Local name: Bee İnșaat Mimarlik Anonim Șirketi；Alsiases: Bee Insaat; Bee İnșaat Mimarlik A.Ș. ｜ Address(es): Merkez Mah., Seckin Sok. Z Ofis 2-4 A, Kagithane, Istanbul, Republic of Türkiye Website: https://beeinsaat.com/ Email: Info@beeinsaat.com Registration number: 0160-072",Bee İnșaat Mimarlik Anonim Șirketi,,"Merkez Mah., Seckin Sok. Z Ofis 2-4 A, Kagithane, Istanbul, Republic of Türkiye",0160-072,https://beeinsaat.com/
"達仕恩(香港)科技有限公司 Dason HK Technology Co., Ltd.",達仕恩(香港)科技有限公司,"Dason HK Technology Co., Ltd.",entity,出口管制·军工实体(Annex IV),Export control · military end-user (Annex IV),中国香港,Hong Kong (China),2024-06-25,"Local name: 達仕恩(香港)科技有限公司；A.k.a: Dason (HK) Technology Co., Limited ｜ Address(es): Unit 08, 15/F Witty Commercial Building 1A-1L Tung Choi St. KLN, Hong Kong Registration number: 1827596 (CR No.)",達仕恩(香港)科技有限公司,"Dason (HK) Technology Co., Limited","Unit 08, 15/F Witty Commercial Building 1A-1L Tung Choi St. KLN, Hong Kong",1827596 (CR No.),
Da Group 22,,Da Group 22,entity,出口管制·军工实体(Annex IV),Export control · military end-user (Annex IV),哈萨克斯坦,Kazakhstan,2024-06-25,"Local name: Товарищество с Ограниченной Ответственностью «DA GROUP 22» (ТОО «DA GROUP 22»); «DA GROUP 22» Жауапкершілігі Шектеулі Серіктестігі («DA GROUP 22» ЖШС) ｜ Address(es): Office 1309, ISKER Business Center, 13, Abay Avenue, Saryarka District, Astana, Republic of Kazakhstan Telephone: + 7 (705",Товарищество с Ограниченной Ответственностью «DA GROUP 22» (ТОО «DA GROUP 22»); «DA GROUP 22» Жауапкершілігі Шектеулі Серіктестігі («DA GROUP 22» ЖШС),,"Office 1309, ISKER Business Center, 13, Abay Avenue, Saryarka District, Astana, Republic of Kazakhstan",,
SERVIS-SN,,SERVIS-SN,entity,出口管制·军工实体(Annex IV),Export control · military end-user (Annex IV),俄罗斯,Russia,2024-06-25,"Local name: Общество с Ограниченной Ответственностью «СЕРВИС-СН» (ООО «СЕРВИС-СН»)；A.k.a: SERVIS-SN LLC ｜ Address(es): 426065, Udmurt Republic, Izhevsk, Avotzavodskaya Str., 2A, Premises 162, Russian Federation Telephone: + 73412708888 Website: http://servicesn.ru/ Registration number:",Общество с Ограниченной Ответственностью «СЕРВИС-СН» (ООО «СЕРВИС-СН»),SERVIS-SN LLC,"426065, Udmurt Republic, Izhevsk, Avotzavodskaya Str., 2A, Premises 162, Russian Federation",,http://servicesn.ru/
RTK LLC,,RTK LLC,entity,出口管制·军工实体(Annex IV),Export control · military end-user (Annex IV),俄罗斯,Russia,2024-06-25,"Local name: Общество с Ограниченной Ответственностью «РТК» (ООО «РТК»)；A.k.a: OOO RTK; RTC LLC ｜ Address(es): 107113, Moscow, Sokolniki Municipal District, Malenkovskaya Str. 14, Building 3, Russian Federation Telephone: + 79855407740 Registration number: 9715415169 (Tax ID/IN",Общество с Ограниченной Ответственностью «РТК» (ООО «РТК»),OOO RTK; RTC LLC,"107113, Moscow, Sokolniki Municipal District, Malenkovskaya Str. 14, Building 3, Russian Federation",9715415169 (Tax ID/IN,
LLC GAUSS,,LLC GAUSS,entity,出口管制·军工实体(Annex IV),Export control · military end-user (Annex IV),俄罗斯,Russia,2024-06-25,"Local name: Общество с Ограниченной Ответственностью «ГАУСС» (ООО «ГАУСС»)；A.k.a: OOO GAUSS ｜ Address(es): 107113, Moscow, Marina Roshcha Municipal District, Perunovsky Pereulok, 3, Building 2, Russian Federation Telephone: + 7 (495) 112-00-20 Website: https://gaussaero.ru/",Общество с Ограниченной Ответственностью «ГАУСС» (ООО «ГАУСС»),OOO GAUSS,"107113, Moscow, Marina Roshcha Municipal District, Perunovsky Pereulok, 3, Building 2, Russian Federation",,https://gaussaero.ru/
JSC Emergency Digital Solutions (EDS),JSC Emergency Digital Solutions,EDS,entity,出口管制·军工实体(Annex IV),Export control · military end-user (Annex IV),俄罗斯,Russia,2024-06-25,"Local name: Акционерное Общество «Эмердженси Диджитал Солюшенс» (АО «ЭДС»)；A.k.a: AO EDS ｜ Address(es): 107113, Moscow, Marina Roshcha Municipal District, Perunovsky Pereulok, 3, Building 2, Russian Federation; 127055, Moscow, P.O. Box 132, Russian Federation Telephone: ",Акционерное Общество «Эмердженси Диджитал Солюшенс» (АО «ЭДС»),AO EDS,"107113, Moscow, Marina Roshcha Municipal District, Perunovsky Pereulok, 3, Building 2, Russian Federation; 127055, Moscow, P.O. Box 132, Russian Federation",,
48th Central Scientific Research Institute (TsNII),48th Central Scientific Research Institute,TsNII,entity,出口管制·军工实体(Annex IV),Export control · military end-user (Annex IV),俄罗斯,Russia,2024-06-25,"Local name: Федеральное Государственное Бюджетное Учреждение «48 Центральный Научно-Исследовательский Институт» Министерства Обороны Российской Федерации (ФГБУ «48 ЦНИИ» Минобороны России)；A.k.a: 48th TsNII; Federal State Budgetary Institution ""48 Central Scientific Research Institute"" of the Minist",Федеральное Государственное Бюджетное Учреждение «48 Центральный Научно-Исследовательский Институт» Министерства Обороны Российской Федерации (ФГБУ «48 ЦНИИ» Минобороны России),"48th TsNII; Federal State Budgetary Institution ""48 Central Scientific Research Institute"" of the Minist",,,
27th Central Scientific Research Institute (TsNII),27th Central Scientific Research Institute,TsNII,entity,出口管制·军工实体(Annex IV),Export control · military end-user (Annex IV),俄罗斯,Russia,2024-06-25,"Local name: Федеральное Государственное Бюджетное Учреждение «27 Центральный Научно-Исследовательский Институт» Министерства Обороны Российской Федерации (ФГБУ «27 ЦНИИ» Минобороны России)；A.k.a: 27th TsNII; Federal State Budgetary Institution ""27 Central Scientific Research Institute"" of the Minist",Федеральное Государственное Бюджетное Учреждение «27 Центральный Научно-Исследовательский Институт» Министерства Обороны Российской Федерации (ФГБУ «27 ЦНИИ» Минобороны России),"27th TsNII; Federal State Budgetary Institution ""27 Central Scientific Research Institute"" of the Minist",,,
33rd Central Scientific Research Institute (TsNII),33rd Central Scientific Research Institute,TsNII,entity,出口管制·军工实体(Annex IV),Export control · military end-user (Annex IV),俄罗斯,Russia,2024-06-25,Local name: Федеральное Государственное Бюджетное Учреждение «33 Центральный Научно-Исследовательский Испытательный Институт» Министерства Обороны Российской Федерации (ФГБУ «33 ЦНИИИ» Минобороны России)；A.k.a: 33rd Scientific Research and Testing Institute; Institute of Chemical Defence; 33rd Centr,Федеральное Государственное Бюджетное Учреждение «33 Центральный Научно-Исследовательский Испытательный Институт» Министерства Обороны Российской Федерации (ФГБУ «33 ЦНИИИ» Минобороны России),33rd Scientific Research and Testing Institute; Institute of Chemical Defence; 33rd Centr,,,
Engineering Center of Innovative Technologies,,Engineering Center of Innovative Technologies,entity,出口管制·军工实体(Annex IV),Export control · military end-user (Annex IV),俄罗斯,Russia,2024-06-25,"Local name: Общество с Ограниченной Ответственностью «Центр Инновационных Технологий и Инжиниринга» (ООО «ЦИТИ»)；A.k.a: ECITECH; OOO TsITI; LLC ""Centre of Innovative Technologies and Engineering"" ｜ Address(es): 141190, Moscow Oblast, Fryazino, Zavodskoy Proezd, 2, Office 632, Russian Federation Tele",Общество с Ограниченной Ответственностью «Центр Инновационных Технологий и Инжиниринга» (ООО «ЦИТИ»),"ECITECH; OOO TsITI; LLC ""Centre of Innovative Technologies and Engineering""","141190, Moscow Oblast, Fryazino, Zavodskoy Proezd, 2, Office 632, Russian Federation Tele",,
Limited Liability Company Technology Flybridge,,Limited Liability Company Technology Flybridge,entity,出口管制·军工实体(Annex IV),Export control · military end-user (Annex IV),俄罗斯,Russia,2024-06-25,"Local name: Общество с Ограниченной Ответственностью Технологическая Компания «Флай Бридж» (ООО ТК «Флай Бридж»)；A.k.a: OOO TK FLY BRIDGE; Limited Liability Company Technological Company Fly Bridge; LLC TC Fly Bridge ｜ Address(es): 141707, Moscow Oblast, Dolgoprudny, Patsaeva Prospekt, 7, Building 1",Общество с Ограниченной Ответственностью Технологическая Компания «Флай Бридж» (ООО ТК «Флай Бридж»),OOO TK FLY BRIDGE; Limited Liability Company Technological Company Fly Bridge; LLC TC Fly Bridge,"141707, Moscow Oblast, Dolgoprudny, Patsaeva Prospekt, 7, Building 1",,
OSTEC-Enterprise LTD,,OSTEC-Enterprise LTD,entity,出口管制·军工实体(Annex IV),Export control · military end-user (Annex IV),俄罗斯,Russia,2024-12-17,"Local Name: Общество с ограниченной ответственностью ""Предприятие Остек""；A.k.a.: OOO ""Предприятие Остек"" (Predpriyatie Ostek) ｜ Address(es): ul. Moldavskaya, d. 5, korp. 2, 121467, Moscow, Russian Federation Telephone: + 74957884444 Website: www.ostec-materials.ru Email: materials@ostec-group.ru; cl","Общество с ограниченной ответственностью ""Предприятие Остек""","OOO ""Предприятие Остек"" (Predpriyatie Ostek)","ul. Moldavskaya, d. 5, korp. 2, 121467, Moscow, Russian Federation",,http://www.ostec-materials.ru
OSTEC-ARTTOOL LTD,,OSTEC-ARTTOOL LTD,entity,出口管制·军工实体(Annex IV),Export control · military end-user (Annex IV),俄罗斯,Russia,2024-12-17,"Local name: Общество с ограниченной ответственностью ""Остек-АртТул""；A.k.a.: ООО ""Остек-АртТул"" ｜ Address(es): Barklaya Street 6/3, zip code: 121087, Moscow, Russian Federation Telephone: + 7 495 7884444 Website: www.arttool.ru Email: info@arttool.ru Registration number: 773148","Общество с ограниченной ответственностью ""Остек-АртТул""","ООО ""Остек-АртТул""","Barklaya Street 6/3, zip code: 121087, Moscow, Russian Federation",773148,http://www.arttool.ru
OSTEC-EC LTD,,OSTEC-EC LTD,entity,出口管制·军工实体(Annex IV),Export control · military end-user (Annex IV),俄罗斯,Russia,2024-12-17,"Local name: Общество с ограниченной ответственностью ""Остек-Эк""；A.k.a.: OOO ""Остек-Эк"" ｜ Address(es): ul. Moldavskaya, d. 5, korp. 2, Moscow, Russian Federation Telephone: + 74957884444 Website: www.ostec-group.ru; www.ostec-group.com Registration number: 7731481077 (T","Общество с ограниченной ответственностью ""Остек-Эк""","OOO ""Остек-Эк""","ul. Moldavskaya, d. 5, korp. 2, Moscow, Russian Federation",7731481077 (T,
OSTEC-Electro LTD,,OSTEC-Electro LTD,entity,出口管制·军工实体(Annex IV),Export control · military end-user (Annex IV),俄罗斯,Russia,2024-12-17,"Local name: Общество с ограниченной ответственностью ""Остек-Электро""；A.k.a.: OOO ""Остек-Электро"" (OOO Ostek Electro) ｜ Address(es): ul. Moldavskaya, d. 5, korp. 2, Moscow, Russian Federation Telephone: + 74957884444 Website: www.ostec-electro.ru Email: ostecelectro@ostec-group.ru Registration numbe","Общество с ограниченной ответственностью ""Остек-Электро""","OOO ""Остек-Электро"" (OOO Ostek Electro)","ul. Moldavskaya, d. 5, korp. 2, Moscow, Russian Federation",,http://www.ostec-electro.ru
OSTEC-ETC LTD,,OSTEC-ETC LTD,entity,出口管制·军工实体(Annex IV),Export control · military end-user (Annex IV),俄罗斯,Russia,2024-12-17,"Local name: Общество с ограниченной ответственностью ""Остек-ETK""；A.k.a.: OOO ""Остек-ETK"" ｜ Address(es): Nab. Luzhnetskaya, d. 2/4, str. 16, et/pom. 3/303, 119270, Moscow, Russian Federation; ul. Moldavskaya d. 5, korp. 2, 121467 Moscow, Russian Federation Telephone: + 74","Общество с ограниченной ответственностью ""Остек-ETK""","OOO ""Остек-ETK""","Nab. Luzhnetskaya, d. 2/4, str. 16, et/pom. 3/303, 119270, Moscow, Russian Federation; ul. Moldavskaya d. 5, korp. 2, 121467 Moscow, Russian Federation",,
OSTEC-INTEGRA LTD,,OSTEC-INTEGRA LTD,entity,出口管制·军工实体(Annex IV),Export control · military end-user (Annex IV),俄罗斯,Russia,2024-12-17,"Local name: Общество с ограниченной ответственностью ""Остек Интегрa""；A.k.a.: OOO ""Остек Материалс"" (Ostek Materials); ООО ""Остек-Интегра"" ｜ Address(es): Partizanskaya Street 25, zip code: 121351, Moscow, Russian Federation Telephone:+74957884444 Website: www.ostec-materials.ru Email: materials@ostec","Общество с ограниченной ответственностью ""Остек Интегрa""","OOO ""Остек Материалс"" (Ostek Materials); ООО ""Остек-Интегра""","Partizanskaya Street 25, zip code: 121351, Moscow, Russian Federation",,http://www.ostec-materials.ru
OSTEC-SMT LTD,,OSTEC-SMT LTD,entity,出口管制·军工实体(Annex IV),Export control · military end-user (Annex IV),俄罗斯,Russia,2024-12-17,"Local name: Общество с ограниченной ответственностью ""Остек-CMT""；A.k.a.: OOO ""Остек-CMT"" ｜ Address(es): ul. Kulakova d. 20, str. 1G, 123592 Moscow, Russian Federation Telephone: + 74957884441; + 74957884441 (extension 5833) Website: www.ostec-smart.ru Email: smt@ostec-gr","Общество с ограниченной ответственностью ""Остек-CMT""","OOO ""Остек-CMT""","ul. Kulakova d. 20, str. 1G, 123592 Moscow, Russian Federation",,http://www.ostec-smart.ru
OSTEC-ST LTD,,OSTEC-ST LTD,entity,出口管制·军工实体(Annex IV),Export control · military end-user (Annex IV),俄罗斯,Russia,2024-12-17,"Local name: Общество с ограниченной ответственностью ""Остек-Cepвиc-Texнoлoгия""；A.k.a.: OOO ""Остек-CT"" ｜ Address(es): ul. Moldavskaya, d. 5, korp. 2, 121467, Moscow, Russian Federation Telephone: + 74957884444 Website: www.ostec-st.ru Email: ost@ostec-group.ru Registration number: 773","Общество с ограниченной ответственностью ""Остек-Cepвиc-Texнoлoгия""","OOO ""Остек-CT""","ul. Moldavskaya, d. 5, korp. 2, 121467, Moscow, Russian Federation",773,http://www.ostec-st.ru
OSTEC-TEST LTD,,OSTEC-TEST LTD,entity,出口管制·军工实体(Annex IV),Export control · military end-user (Annex IV),俄罗斯,Russia,2024-12-17,"Local name: Общество с ограниченной ответственностью ""Остек-TECT""；A.k.a.: OOO ""Остек-TECT"" ｜ Address(es): ul. Moldavskaya, d. 5, korp. 2, 121467, Moscow, Russian Federation Telephone: + 74957884444 Website: www.ostec-test.ru Registration number: 7731481020 (Tax ID/INN)","Общество с ограниченной ответственностью ""Остек-TECT""","OOO ""Остек-TECT""","ul. Moldavskaya, d. 5, korp. 2, 121467, Moscow, Russian Federation",7731481020 (Tax ID/INN),http://www.ostec-test.ru
OSTEC-UМT LTD,,OSTEC-UМT LTD,entity,出口管制·军工实体(Annex IV),Export control · military end-user (Annex IV),俄罗斯,Russia,2024-12-17,"Local name: Общество с ограниченной ответственностью ""ОСТЕК-УМНЫЕ ТЕХНОЛОГИИ""；A.k.a.: OOO ""Остек-УМT"" ｜ Address(es): ul. Kulakova d. 20, str. 1G, 123592, Moscow, Russian Federation Telephone: + 74957884444 Registration number: 7734462210 (Tax ID/INN)","Общество с ограниченной ответственностью ""ОСТЕК-УМНЫЕ ТЕХНОЛОГИИ""","OOO ""Остек-УМT""","ul. Kulakova d. 20, str. 1G, 123592, Moscow, Russian Federation",7734462210 (Tax ID/INN),
RIIT LTD,,RIIT LTD,entity,出口管制·军工实体(Annex IV),Export control · military end-user (Annex IV),俄罗斯,Russia,2024-12-17,"Local name: Общество с ограниченной ответственностью ""НИИИT""；A.k.a.: OOO ""NIIIT"" ｜ Address(es): ul. Kulakova d. 20, str. 1G, pom. XIV et 3, kom 10, 11, 52-57, 123592, Moscow, Russian Federation Registration number: 7731481013 (Tax ID/INN)","Общество с ограниченной ответственностью ""НИИИT""","OOO ""NIIIT""","ul. Kulakova d. 20, str. 1G, pom. XIV et 3, kom 10, 11, 52-57, 123592, Moscow, Russian Federation",7731481013 (Tax ID/INN),
LLC Atlas,,LLC Atlas,entity,出口管制·军工实体(Annex IV),Export control · military end-user (Annex IV),俄罗斯,Russia,2024-12-17,"Local name: Общество с Ограниченной Ответственностью «Атлас» (ООО «Атлас»)；A.k.a.: OOO Atlas ｜ Address(es): 100-Letiya Prospekt, 155, Building 3 Office 5, 690068, Vladivostok, Primorsky Krai, Russian Federation Telephone: + 7 (423) 242-85-03; + 7 (423) 261-46-41 Registration",Общество с Ограниченной Ответственностью «Атлас» (ООО «Атлас»),OOO Atlas,"100-Letiya Prospekt, 155, Building 3 Office 5, 690068, Vladivostok, Primorsky Krai, Russian Federation",,
Mistral,,Mistral,entity,出口管制·军工实体(Annex IV),Export control · military end-user (Annex IV),俄罗斯,Russia,2024-12-17,"Local name: Общество с Ограниченной Ответственностью «Мистраль» (ООО «Мистраль»)；A.k.a: OOO Mistral; Mistral LLC ｜ Address(es): 129626, Moscow, Alekseevsky Municipal District; 1st Mytihchinskaya Str., 3, Building 1, Room 8, Russian Federation; 113054, Moscow, Bolshoy Strochenovsky Pereulok, 13,",Общество с Ограниченной Ответственностью «Мистраль» (ООО «Мистраль»),OOO Mistral; Mistral LLC,"129626, Moscow, Alekseevsky Municipal District; 1st Mytihchinskaya Str., 3, Building 1, Room 8, Russian Federation; 113054, Moscow, Bolshoy Strochenovsky Pereulok, 13",,
KOMINVEX D.O.O BEOGRAD,,KOMINVEX D.O.O BEOGRAD,entity,出口管制·军工实体(Annex IV),Export control · military end-user (Annex IV),塞尔维亚,Serbia,2024-12-17,"A.k.a: PREDUZEĆE ZA TRGOVINU I INŽENJERING POSLOVE KOMINVEX DOO BEOGRAD RAKOVICA; Kominvex DOO Beograd; Kominvex doo Beograd ｜ Address(es): Nikole Marakovica 21/VI/36, Belgrade 11090, Serbia Telephone: 38163308192 / 381116564086 Website: https://kominvex.co.rs Registration number: 20047038",,PREDUZEĆE ZA TRGOVINU I INŽENJERING POSLOVE KOMINVEX DOO BEOGRAD RAKOVICA; Kominvex DOO Beograd; Kominvex doo Beograd,"Nikole Marakovica 21/VI/36, Belgrade 11090, Serbia",20047038,https://kominvex.co.rs
SOHA INFO D.O.O,,SOHA INFO D.O.O,entity,出口管制·军工实体(Annex IV),Export control · military end-user (Annex IV),塞尔维亚,Serbia,2024-12-17,"A.k.a.: SOHA INFO D.O.O. NOVI BANOVCI ｜ Address(es): Pionirska 3, Novi Banovci 22304, Serbia Telephone: 38163300346 Website: www.sohainfo.rs Registration number: 21802808",,SOHA INFO D.O.O. NOVI BANOVCI,"Pionirska 3, Novi Banovci 22304, Serbia",21802808,http://www.sohainfo.rs
Fidar System Pooyan,,Fidar System Pooyan,entity,出口管制·军工实体(Annex IV),Export control · military end-user (Annex IV),伊朗,Iran,2024-12-17,"Local name: فیدار سیستم پیوان；A.k.a.: Fidar System Pouyan ｜ Address(es): Unit 6, No.7, Mahbod Alley, Laleh St., Jomhuri St., Tehran, Iran; No 12, 21th Alley, Ahmad Ghasir St., Argentina Sq, Tehran, Iran; No. 9 Lale Alley, First Floor, Unit ",فیدار سیستم پیوان,Fidar System Pouyan,"Unit 6, No.7, Mahbod Alley, Laleh St., Jomhuri St., Tehran, Iran; No 12, 21th Alley, Ahmad Ghasir St., Argentina Sq, Tehran, Iran; No. 9 Lale Alley, First Floor, Unit",,
時亞國際有限公司 Time Art International LTD,時亞國際有限公司,Time Art International LTD,entity,出口管制·军工实体(Annex IV),Export control · military end-user (Annex IV),中国香港,Hong Kong (China),2024-12-17,"Local name: 時亞國際有限公司 ｜ Address(es): Workshop 7(a), 12/f, Wah Lai Industrial Centre, Nos. 10-14 Kweitei Street, Shatin, Hong Kong Registration number: 1411127 (Hong Kong Company Number)",時亞國際有限公司,,"Workshop 7(a), 12/f, Wah Lai Industrial Centre, Nos. 10-14 Kweitei Street, Shatin, Hong Kong",1411127 (Hong Kong Company Number),
深圳市易络电子有限公司 Ele Technology Co. LTD,深圳市易络电子有限公司,Ele Technology Co. LTD,entity,出口管制·军工实体(Annex IV),Export control · military end-user (Annex IV),中国,China,2024-12-17,"Local name: 深圳市易络电子有限公司 ｜ Address(es): 3714 Duhuixuan Buildings, 3018 Shennan Road, Futian Area, Shenzhen, People's Republic of China Telephone: + 86-755-82913231 Website: http://www.ele-tech.com.cn Registr",深圳市易络电子有限公司,,"3714 Duhuixuan Buildings, 3018 Shennan Road, Futian Area, Shenzhen, People's Republic of China",,
Shenzhen Xingding Machinery Ltd,,Shenzhen Xingding Machinery Ltd,entity,出口管制·军工实体(Annex IV),Export control · military end-user (Annex IV),中国,China,2024-12-17,Registration number: 440300280527908 (China Company Registration Number),,,,440300280527908 (China Company Registration Number),
"宁波贝宁机床有限公司 Ningbo Blin Machinery Co., Ltd.",宁波贝宁机床有限公司,"Ningbo Blin Machinery Co., Ltd.",entity,出口管制·军工实体(Annex IV),Export control · military end-user (Annex IV),中国,China,2024-12-17,"Local name: 宁波贝宁机床有限公司 ｜ Address(es): No.1& 3, Sanxing Industrial Park, Luotuo, Zhenhai District, Ningbo, People's Republic of China Telephone: 0086-18858060617 Website: http://blincnc.com/ Registration nu",宁波贝宁机床有限公司,,"No.1& 3, Sanxing Industrial Park, Luotuo, Zhenhai District, Ningbo, People's Republic of China",,http://blincnc.com/ Registration nu
Baltiyskaya Promishlennaya Kompaniya (JSC Baltic Industrial Company),Baltiyskaya Promishlennaya Kompaniya,JSC Baltic Industrial Company,entity,出口管制·军工实体(Annex IV),Export control · military end-user (Annex IV),俄罗斯,Russia,2024-12-17,"Local name: АО ""Балтийская Промышленная Компания""；A.k.a.: AO BALTIISKAYA PROMYSHLENNAYA KOMPANIYA ｜ Address(es): 192288, St. Petersburg, Malaya Bukharestskaya str., 5, Building 2/39, Russian Federation; 195276, St. Petersburg, Prospekt Kultury, 49A, Russian Federation; 192177, St","АО ""Балтийская Промышленная Компания""",AO BALTIISKAYA PROMYSHLENNAYA KOMPANIYA,"192288, St. Petersburg, Malaya Bukharestskaya str., 5, Building 2/39, Russian Federation; 195276, St. Petersburg, Prospekt Kultury, 49A, Russian Federation; 192177, St",,
Alfa Machinery Group (LLC Company AMG),Alfa Machinery Group,LLC Company AMG,entity,出口管制·军工实体(Annex IV),Export control · military end-user (Annex IV),俄罗斯,Russia,2024-12-17,"Local name: ООО ""Компания АМГ""；A.k.a.: Kompaniya AMG ｜ Address(es): 111141, Moscow, Kuskovskaya str., 20A, room 1. XIIA room 114, Russian Federation; 111141, Moscow, Kuskovskaya str., 20A, Building A, office A-602, Russian Federation; ","ООО ""Компания АМГ""",Kompaniya AMG,"111141, Moscow, Kuskovskaya str., 20A, room 1. XIIA room 114, Russian Federation; 111141, Moscow, Kuskovskaya str., 20A, Building A, office A-602, Russian Federation",,
LLC Rustakt,,LLC Rustakt,entity,出口管制·军工实体(Annex IV),Export control · military end-user (Annex IV),俄罗斯,Russia,2024-12-17,"Local name: ООО ""Рустакт"" ｜ Address(es): 123290, Moscow, in.ter.g. Presnensky municipal district, Shmitovsky passage, 39, Building 2, premises. 5K, Russian Federation (in original: 123290, Г.МОСКВА, ВН.ТЕР.Г.","ООО ""Рустакт""",,"123290, Moscow, in.ter.g. Presnensky municipal district, Shmitovsky passage, 39, Building 2, premises. 5K, Russian Federation (in original: 123290, Г.МОСКВА, ВН.ТЕР.Г",,
LLC SPDBBK,,LLC SPDBBK,entity,出口管制·军工实体(Annex IV),Export control · military end-user (Annex IV),俄罗斯,Russia,2024-12-17,"Local name: ООО ""СПДББК"" ｜ Address(es): 195009, St. Petersburg, in. ter. g. municipal district finland district, komsomola street, 1-3, letter l, room. 5n, room. 6, Russian Federation (local: 195009, Г.САНКТ","ООО ""СПДББК""",,"195009, St. Petersburg, in. ter. g. municipal district finland district, komsomola street, 1-3, letter l, room. 5n, room. 6, Russian Federation (local: 195009, Г.САНКТ",,
LLC Vneshekostil,,LLC Vneshekostil,entity,出口管制·军工实体(Annex IV),Export control · military end-user (Annex IV),俄罗斯,Russia,2024-12-17,"Local name: ООО ""Внешэкостиль"" ｜ Address(es): 115211 Moscow, Kashirskoye shosse, 55, Building 5, pom. I, fl.1, room. 19, Russian Federation Telephone: + 7 (966) 199-83-07 Website: https://vnes.tech/ Email: info@vn","ООО ""Внешэкостиль""",,"115211 Moscow, Kashirskoye shosse, 55, Building 5, pom. I, fl.1, room. 19, Russian Federation",,https://vnes.tech/
Iskra Technologies JSC,,Iskra Technologies JSC,entity,出口管制·军工实体(Annex IV),Export control · military end-user (Annex IV),俄罗斯,Russia,2024-12-17,"Local Name: Искра Технологии；A.k.a: IskraUralTel JSC, RTSoft JSC ｜ Address(es): Komvuzovskaya 9, Building A, 620066, Ekaterinburg, Russian Federation Telephone: + 7 (343) 210-69-51 Website: https://iskratchno.ru Email: info@iskratechno.ru Registra",Искра Технологии,"IskraUralTel JSC, RTSoft JSC","Komvuzovskaya 9, Building A, 620066, Ekaterinburg, Russian Federation",,https://iskratchno.ru
Powerever Electronic Technology,,Powerever Electronic Technology,entity,出口管制·军工实体(Annex IV),Export control · military end-user (Annex IV),中国,China,2024-12-17,"A.k.a.: Beijing Powerever Electronic Technology Co., Beijing Weiwangda Electric Technology Co. LTD / 北京威旺达电子科技有限责任公司 ｜ Address(es): No. 23, Jinmao Mansion, Guangqu Road, Chaoyang District, Beijing, People's Republic of China; Suzhou Pioneer Park, No. 209, Zhuyuan Road, High-tech Zone, Suzhou City, ",,"Beijing Powerever Electronic Technology Co., Beijing Weiwangda Electric Technology Co. LTD / 北京威旺达电子科技有限责任公司","No. 23, Jinmao Mansion, Guangqu Road, Chaoyang District, Beijing, People's Republic of China; Suzhou Pioneer Park, No. 209, Zhuyuan Road, High-tech Zone, Suzhou City",,
"Juhang Aviation Technology Shenzen Co., LTD",,"Juhang Aviation Technology Shenzen Co., LTD",entity,出口管制·军工实体(Annex IV),Export control · military end-user (Annex IV),中国,China,2024-12-17,"Address(es): 2205, No. 2, Logistics Center, Baoshui Logistics Center, Baoan Guoji Jichang Hangzhan, 4th Road, Hourui Community, Hangcheng Sub-District, Bao, Shenzhen, Guangdong, Pe",,,"2205, No. 2, Logistics Center, Baoshui Logistics Center, Baoan Guoji Jichang Hangzhan, 4th Road, Hourui Community, Hangcheng Sub-District, Bao, Shenzhen, Guangdong, Pe",,
Triac Electronics Pvt. Ltd.,,Triac Electronics Pvt. Ltd.,entity,出口管制·军工实体(Annex IV),Export control · military end-user (Annex IV),印度,India,2024-12-17,"Address(es): Dpt-348, DLF Prime Tower Okhla Phase-1, New Delhi-110020, India; Unit No: SG1, 7 & 8, J Matadee Free Trade Zone, Mannur-Valarpuram Village Kancheepuram, Tamil Nadu-602",,,"Dpt-348, DLF Prime Tower Okhla Phase-1, New Delhi-110020, India; Unit No: SG1, 7 & 8, J Matadee Free Trade Zone, Mannur-Valarpuram Village Kancheepuram, Tamil Nadu-602",,
Laserchips FZCO (ليزر تشيبس ش م ح),,Laserchips FZCO (ليزر تشيبس ش م ح),entity,出口管制·军工实体(Annex IV),Export control · military end-user (Annex IV),阿联酋,United Arab Emirates,2024-12-17,"Address(es): Dubai Silicon Oasis, DSO-IFZA-21645, IFZA Properties, Dubai, United Arab Emirates Website: https://laserchips.ae/ Registration number: 11996849 (United Arab Emirates, ",,,"Dubai Silicon Oasis, DSO-IFZA-21645, IFZA Properties, Dubai, United Arab Emirates",11996849 (United Arab Emirates,https://laserchips.ae/
Component Logistic LLC,,Component Logistic LLC,entity,出口管制·军工实体(Annex IV),Export control · military end-user (Annex IV),俄罗斯,Russia,2024-12-17,"A.k.a.: Komponent Lodzhistik OOO, ООО КОМПОНЕНТ ЛОДЖИСТИК ｜ Address(es): St. Petersburg, inner city, Dachnoye municipal district, Veteranov Avenue, 63, Building A, apt. 46, Russian Federation Website: http://www.componentlogistik.ru/ Regist",,"Komponent Lodzhistik OOO, ООО КОМПОНЕНТ ЛОДЖИСТИК","St. Petersburg, inner city, Dachnoye municipal district, Veteranov Avenue, 63, Building A, apt. 46, Russian Federation",,http://www.componentlogistik.ru/ Regist
滙高國際實業有限公司 Wellgo International Industrial Limited,滙高國際實業有限公司,Wellgo International Industrial Limited,entity,出口管制·军工实体(Annex IV),Export control · military end-user (Annex IV),中国香港,Hong Kong (China),2025-02-25,"A.k.a: Wellgo International Industrial Ltd.；Local name: 滙高國際實業有限公司 ｜ Address(es): Flat 28, Block B2, 7/F., Eastern Sea Industrial Building, 48-56 Tai Lin Pai Road, Kwai Chung, N.T., Hong Kong Email: info@wgi.com.hk2 Registration number: 1946195",滙高國際實業有限公司,Wellgo International Industrial Ltd,"Flat 28, Block B2, 7/F., Eastern Sea Industrial Building, 48-56 Tai Lin Pai Road, Kwai Chung, N.T., Hong Kong",1946195,
玉沙集团有限公司 Yusha Group Co. Ltd.,玉沙集团有限公司,Yusha Group Co. Ltd.,entity,出口管制·军工实体(Annex IV),Export control · military end-user (Annex IV),中国,China,2025-02-25,"Local name: 玉沙集团有限公司 ｜ Address(es): No. 29, Industrial Park Road, Chengdong Industrial Park, Jianli County, Jingzhou, Hubei, 433301, People's Republic of China Telephone: 13451224440 Website: www.yushate",玉沙集团有限公司,,"No. 29, Industrial Park Road, Chengdong Industrial Park, Jianli County, Jingzhou, Hubei, 433301, People's Republic of China",,http://www.yushate
Siliborn Technology Limited,,Siliborn Technology Limited,entity,出口管制·军工实体(Annex IV),Export control · military end-user (Annex IV),中国香港,Hong Kong (China),2025-02-25,"A.k.a: Siliborn Technology Ltd. ｜ Address(es): Flat 2, 8th Floor, Workingport Commercial Building, 3 Hau Fook St, Tsim Sha Tsui, Kowloon, Hong Kong Registration number: 3271660",,Siliborn Technology Ltd,"Flat 2, 8th Floor, Workingport Commercial Building, 3 Hau Fook St, Tsim Sha Tsui, Kowloon, Hong Kong",3271660,
Piraclinos Limited,,Piraclinos Limited,entity,出口管制·军工实体(Annex IV),Export control · military end-user (Annex IV),中国香港,Hong Kong (China),2025-02-25,"Alias: Piraklinos ｜ Address(es): 7/F MW Tower, 111 Bonham Strand, Sheung Wan, Hong Kong; Room 5058, Floor 5, Yau Lee Centre, 45 Hoi Yuen Road, Kwun Tong, Kowloon, Hong Kong Website: www.piraclinos.com",,,"7/F MW Tower, 111 Bonham Strand, Sheung Wan, Hong Kong; Room 5058, Floor 5, Yau Lee Centre, 45 Hoi Yuen Road, Kwun Tong, Kowloon, Hong Kong",,http://www.piraclinos.com
Lett Tronic Group Limited,,Lett Tronic Group Limited,entity,出口管制·军工实体(Annex IV),Export control · military end-user (Annex IV),中国香港,Hong Kong (China),2025-02-25,"Chinese company name: 樂芯電子集團有限公司；A.k.a: LETT TRONIC and Lett Tronic Group Ltd. ｜ Address(es): Room 02, 21/F, Hip Kwan Commercial Building, 38 Pik Street, Yau Ma Tei, Kowloon, Hong Kong Telephone: + 86 (0755) 83149884; + 86 (755) 82719405 Website: www.lett-troni",,LETT TRONIC and Lett Tronic Group Ltd,"Room 02, 21/F, Hip Kwan Commercial Building, 38 Pik Street, Yau Ma Tei, Kowloon, Hong Kong",,
Incomp Limited,,Incomp Limited,entity,出口管制·军工实体(Annex IV),Export control · military end-user (Annex IV),中国香港,Hong Kong (China),2025-02-25,"Address(es): One Capital Place, Unit D, 16/F, Wan Chai, Hong Kong; Room 101a, 1/F., Genplas Industrial Building, 56 Hoi Yuen Road, Kwun Tong, Kowloon, Hong Kong Registration number",,,"One Capital Place, Unit D, 16/F, Wan Chai, Hong Kong; Room 101a, 1/F., Genplas Industrial Building, 56 Hoi Yuen Road, Kwun Tong, Kowloon, Hong Kong Registration number",,
Hytera Communications Limited,,Hytera Communications Limited,entity,出口管制·军工实体(Annex IV),Export control · military end-user (Annex IV),中国香港,Hong Kong (China),2025-02-25,"A.k.a: Hytera Communications Ltd. ｜ Address(es): Flat A516, 5/F, Efficiency House, 35 Tai Yau Street, San Po Kong, Kln, Hong Kong Registration number: 2897516",,Hytera Communications Ltd,"Flat A516, 5/F, Efficiency House, 35 Tai Yau Street, San Po Kong, Kln, Hong Kong",2897516,
Hong Kong Qisu Electronic Technology Co. Ltd.,,Hong Kong Qisu Electronic Technology Co. Ltd.,entity,出口管制·军工实体(Annex IV),Export control · military end-user (Annex IV),中国,China,2025-02-25,"Local names: 香港旗速電子有限公司; 香港旗速電子科技有限公司；Shenzhen branch: Shenzhen Qisu Electronic Technology Co., Ltd; 深圳旗速电子科技有限公司 ｜ Address(es): Room 12G, Block A, Modern Window Building, 1058 Huaqiang North Road, Futian District, Shenzhen, People's Republic of China; Room 705, 7th Floor, Fa Yuen Commercial Bui",,,"Room 12G, Block A, Modern Window Building, 1058 Huaqiang North Road, Futian District, Shenzhen, People's Republic of China; Room 705, 7th Floor, Fa Yuen Commercial Bui",,
"Grun Group Co., Ltd",,"Grun Group Co., Ltd",entity,出口管制·军工实体(Annex IV),Export control · military end-user (Annex IV),中国香港,Hong Kong (China),2025-02-25,"Address(es): Room 04, 16th Floor, Ho King Commercial Centre, 2-16 Fa Yuen St, Mong Kok, Hong Kong; Room D06, Flat A, 10th Floor, Tai King Industrial Building, No.100-102 King Fuk S",,,"Room 04, 16th Floor, Ho King Commercial Centre, 2-16 Fa Yuen St, Mong Kok, Hong Kong; Room D06, Flat A, 10th Floor, Tai King Industrial Building, No.100-102 King Fuk S",,
Hong Kong Yayang Trading Ltd.,,Hong Kong Yayang Trading Ltd.,entity,出口管制·军工实体(Annex IV),Export control · military end-user (Annex IV),中国香港,Hong Kong (China),2025-02-25,"A.k.a: Hong Kong Yayang Trading Limited and Hongkong Yayang Trading ｜ Address(es): Room 04, 16/F, Ho King Commercial Centre, 2-16 Fa Yuen St., Mong Kok, Kowloon, Hong Kong; Room D08, Flat A, 10th Floor, Tai King Industrial Building, No.100-102 King F",,Hong Kong Yayang Trading Limited and Hongkong Yayang Trading,"Room 04, 16/F, Ho King Commercial Centre, 2-16 Fa Yuen St., Mong Kok, Kowloon, Hong Kong; Room D08, Flat A, 10th Floor, Tai King Industrial Building, No.100-102 King F",,
"Cloudmax Tech Co., Limited",,"Cloudmax Tech Co., Limited",entity,出口管制·军工实体(Annex IV),Export control · military end-user (Annex IV),中国香港,Hong Kong (China),2025-02-25,"Address(es): Room A, 15/F, Goldfield Industrial Building, 144-150 Tai Lin Pai Road, Kwai Chung, Hong Kong Telephone: + 86-755-82589752 Website: www.cloudmaxtech.com Registration nu",,,"Room A, 15/F, Goldfield Industrial Building, 144-150 Tai Lin Pai Road, Kwai Chung, Hong Kong",,
"美欣電子(香港)有限公司 Mei Xin Electronic (HK) Co., Limited",美欣電子(香港)有限公司 Mei Xin Electronic,"Co., Limited",entity,出口管制·军工实体(Annex IV),Export control · military end-user (Annex IV),中国香港,Hong Kong (China),2025-02-25,"Local name: 美欣電子(香港)有限公司；A.k.a: Meixin Electronics and MEIXIN ELECT ｜ Address(es): Room 1005(B), 10/F, Ho Kong Commercial Center, 2-16 Fa Yuen St., Mong Kok, Hong Kong; Room 1D, 2/F, Fu Tao Building, 98 Argyle Street, Mongkok, Hong Kong Website: www.",美欣電子(香港)有限公司,Meixin Electronics and MEIXIN ELECT,"Room 1005(B), 10/F, Ho Kong Commercial Center, 2-16 Fa Yuen St., Mong Kok, Hong Kong; Room 1D, 2/F, Fu Tao Building, 98 Argyle Street, Mongkok, Hong Kong",,
Chipgoo Electronics Limited Local name: 芯購電子有限公司,Chipgoo Electronics Limited Local name: 芯購電子有限公司,,entity,出口管制·军工实体(Annex IV),Export control · military end-user (Annex IV),中国,China,2025-02-25,"A.k.a: Chipgoo; Chipgoo Technology; Endezo Technology (Hong Kong) Limited ｜ Address(es): Room A29, 24th Floor, Regent's Park Prince Industrial Building, 706 Prince Edward Rd. East, Kowloon, Hong Kong; Room G, 26th Floor, Hangdu Building, No. 1006 Haufu Roa",,Chipgoo; Chipgoo Technology; Endezo Technology (Hong Kong) Limited,"Room A29, 24th Floor, Regent's Park Prince Industrial Building, 706 Prince Edward Rd. East, Kowloon, Hong Kong; Room G, 26th Floor, Hangdu Building, No. 1006 Haufu Roa",,
"福瑞达（黑龙江）供应链管理有限公司 Furuida Heilongjiang Supply Chain Management Co., Ltd.",福瑞达（黑龙江）供应链管理有限公司,"Furuida Heilongjiang Supply Chain Management Co., Ltd.",entity,出口管制·军工实体(Annex IV),Export control · military end-user (Annex IV),中国,China,2025-02-25,"Local name: 福瑞达（黑龙江）供应链管理有限公司 ｜ Address(es): Baoshui Third Road, Xiangfang District, Xingfuzhen, Harbin, Heilongjiang, People's Republic of China Registration number: USCC no. 91230109MA1CNM0139",福瑞达（黑龙江）供应链管理有限公司,,"Baoshui Third Road, Xiangfang District, Xingfuzhen, Harbin, Heilongjiang, People's Republic of China",USCC no. 91230109MA1CNM0139,
LL Electronic Limited,,LL Electronic Limited,entity,出口管制·军工实体(Annex IV),Export control · military end-user (Annex IV),中国香港,Hong Kong (China),2025-02-25,"Address(es): 15th Floor, Hillier Comm. Building, 65-67 Bonham Strand East, Sheung Wan, Hong Kong Registration number: Cr. No. 1955667",,,"15th Floor, Hillier Comm. Building, 65-67 Bonham Strand East, Sheung Wan, Hong Kong",Cr. No. 1955667,
Midas Lighting Limited,,Midas Lighting Limited,entity,出口管制·军工实体(Annex IV),Export control · military end-user (Annex IV),中国香港,Hong Kong (China),2025-02-25,"Address(es): Room 603, 6/F, 9 Walnut Street, Tai Kok Tsui, Kowloon, Hong Kong; Unit 1402A, 14/F, The Belgian Bank Building, 721-725 Nathan Road, Mong Kok, Kowloon, Hong Kong Teleph",,,"Room 603, 6/F, 9 Walnut Street, Tai Kok Tsui, Kowloon, Hong Kong; Unit 1402A, 14/F, The Belgian Bank Building, 721-725 Nathan Road, Mong Kok, Kowloon, Hong Kong Teleph",,
Eastech Electronics Limited,,Eastech Electronics Limited,entity,出口管制·军工实体(Annex IV),Export control · military end-user (Annex IV),中国,China,2025-02-25,"A.k.a: Shenzhen East Technology Limited ｜ Address(es): Room 17F, Block A Huaqiang Square, No. 1019 Huaqiang North Road, Futian District, Shenzhen, Guangdong, People's Republic of China; Room 32, 11/F, Lee Ka Industrial Bui",,Shenzhen East Technology Limited,"Room 17F, Block A Huaqiang Square, No. 1019 Huaqiang North Road, Futian District, Shenzhen, Guangdong, People's Republic of China; Room 32, 11/F, Lee Ka Industrial Bui",,
"深圳市佰联升电子科技有限公司 Shenzhen Bailiansheng Electronic Technology Co., Ltd.",深圳市佰联升电子科技有限公司,"Shenzhen Bailiansheng Electronic Technology Co., Ltd.",entity,出口管制·军工实体(Annex IV),Export control · military end-user (Annex IV),中国,China,2025-02-25,"Local name: 深圳市佰联升电子科技有限公司；A.k.a: Shenzhen Bailiansheng Electronic Science and Technology Co., Ltd ｜ Address(es): Room 807, Building 125, Baishilong Area 1, Baishilong Community, Minzhi Subdistrict, Longhua District, Shenzhen, Guangdong, 518131, People's Republic of China; 2701-F,",深圳市佰联升电子科技有限公司,"Shenzhen Bailiansheng Electronic Science and Technology Co., Ltd","Room 807, Building 125, Baishilong Area 1, Baishilong Community, Minzhi Subdistrict, Longhua District, Shenzhen, Guangdong, 518131, People's Republic of China; 2701-F",,
"LLC ""Research and Production Enterprise"" AVIACOM",,"LLC ""Research and Production Enterprise"" AVIACOM",entity,出口管制·军工实体(Annex IV),Export control · military end-user (Annex IV),俄罗斯,Russia,2025-02-25,"Local name: НПП АВИАКОМ；A.k.a.: NPP Aviakom; LTD Aviacom ｜ Address(es): 603032, Nizhny Novgorod, Bauman St., 173, Russian Federation Telephone: + 7 (903) 8480488 Website: https://aviacom.su Registration number: 1085258008054 (OGRN)",НПП АВИАКОМ,NPP Aviakom; LTD Aviacom,"603032, Nizhny Novgorod, Bauman St., 173, Russian Federation",1085258008054 (OGRN),https://aviacom.su
PT Electronics Ltd.,,PT Electronics Ltd.,entity,出口管制·军工实体(Annex IV),Export control · military end-user (Annex IV),俄罗斯,Russia,2025-02-25,"Local name: ООО ПТ-ЭЛЕКТРОНИК ｜ Address(es): 197350, St. Petersburg, Vn.Ter.G. Kolomyagi Municipal District, D. V Kamenka, 64, Building 2, Estate. 1-H, 2-N, Russian Federation Telephone: + 7 (919) 7616118 Website",ООО ПТ-ЭЛЕКТРОНИК,,"197350, St. Petersburg, Vn.Ter.G. Kolomyagi Municipal District, D. V Kamenka, 64, Building 2, Estate. 1-H, 2-N, Russian Federation",,
LLC Infratest,,LLC Infratest,entity,出口管制·军工实体(Annex IV),Export control · military end-user (Annex IV),俄罗斯,Russia,2025-02-25,"Local name: ООО ""ИНФРАТЕСТ"" ｜ Address(es): 1 Pyatiletki Ploshchad, 1P 4 Floor, 620012 Yekaterinburg, Russian Federation Telephone: + 7 (343) 3759423 Website: https://www.infratest.ru/ Registration number: 10366","ООО ""ИНФРАТЕСТ""",,"1 Pyatiletki Ploshchad, 1P 4 Floor, 620012 Yekaterinburg, Russian Federation",10366,https://www.infratest.ru/
LLC Infratest Thermal Vision Technologies,,LLC Infratest Thermal Vision Technologies,entity,出口管制·军工实体(Annex IV),Export control · military end-user (Annex IV),俄罗斯,Russia,2025-02-25,"Local name: Ооо Инфратест-Тепловизионные Технологии；A.k.a.: Infratest-Tt; Ooo Infratest-Teplovizionnye Tekhnologii; Llc Infratest-Themal Imaging Technologies ｜ Address(es): Pl. 1-I Pyatiletki Lit. P, Office 151, 620012 Yekaterinburg, Russian Federation Telephone: + 7 343 2864359 Website: https://www",Ооо Инфратест-Тепловизионные Технологии,Infratest-Tt; Ooo Infratest-Teplovizionnye Tekhnologii; Llc Infratest-Themal Imaging Technologies,"Pl. 1-I Pyatiletki Lit. P, Office 151, 620012 Yekaterinburg, Russian Federation",,
LLC Infratest Optical Technologies,,LLC Infratest Optical Technologies,entity,出口管制·军工实体(Annex IV),Export control · military end-user (Annex IV),俄罗斯,Russia,2025-02-25,"Local name: ООО Инфратест-Оптические Технологии；A.k.a.: OOO Infratest-Opticheskie Tekhnologii ｜ Address(es): 620135, Sverdlovskaya obl., g. Ekaterinburg, ul. Taganskaya, str. 60/2 ofis 224, Russian Federation Telephone: + 7 (343) 375-94-42 Website: https://www.infratest.ru/ R",ООО Инфратест-Оптические Технологии,OOO Infratest-Opticheskie Tekhnologii,"620135, Sverdlovskaya obl., g. Ekaterinburg, ul. Taganskaya, str. 60/2 ofis 224, Russian Federation",,https://www.infratest.ru/ R
LLC Trading House Infratest,,LLC Trading House Infratest,entity,出口管制·军工实体(Annex IV),Export control · military end-user (Annex IV),俄罗斯,Russia,2025-02-25,"A.k.a.: LLC TD Infratest ｜ Address(es): 620135, Sverdlovskaya obl., g. Ekaterinburg, ul. Taganskaya, str. 60/2 office 224, Russian Federation Website: https://www.infratest.ru/ Registration number: 108667301",,LLC TD Infratest,"620135, Sverdlovskaya obl., g. Ekaterinburg, ul. Taganskaya, str. 60/2 office 224, Russian Federation",108667301,https://www.infratest.ru/
"烟台艾睿光电科技有限公司 Yantai Iray Technology Co., Ltd",烟台艾睿光电科技有限公司,"Yantai Iray Technology Co., Ltd",entity,出口管制·军工实体(Annex IV),Export control · military end-user (Annex IV),中国,China,2025-02-25,"Local name: 烟台艾睿光电科技有限公司；A.k.a.: Yantai Arrow Optoelectronics Technology Co., Ltd, Yantai Airui Optoelectronic Technology Co. Ltd ｜ Address(es): No. 11, Guiyang Street, Development Zone, Shandong, 265599 Yantai, Shandong, People's Republic of China Telephone: + 86 0535-3410600 Website: https://www.i",烟台艾睿光电科技有限公司,"Yantai Arrow Optoelectronics Technology Co., Ltd, Yantai Airui Optoelectronic Technology Co. Ltd","No. 11, Guiyang Street, Development Zone, Shandong, 265599 Yantai, Shandong, People's Republic of China",,
"武汉高芯科技有限公司 Wuhan Global Sensor Technology Co., Ltd",武汉高芯科技有限公司,"Wuhan Global Sensor Technology Co., Ltd",entity,出口管制·军工实体(Annex IV),Export control · military end-user (Annex IV),中国,China,2025-02-25,"Local name: 武汉高芯科技有限公司；A.k.a.: Wuhan Gaoxin Technology Co., Ltd ｜ Address(es): No. 6, Huanglongshan South Road, Donghu Development Zone, Wuhan City, 430205, People's Republic of China Telephone: + 86 81298285 Website: http://www.gst-ir.com/ Regis",武汉高芯科技有限公司,"Wuhan Gaoxin Technology Co., Ltd","No. 6, Huanglongshan South Road, Donghu Development Zone, Wuhan City, 430205, People's Republic of China",,http://www.gst-ir.com/ Regis
Scientific Research Institute for Modern Telecommunications Technologies (NII STT),Scientific Research Institute for Modern Telecommunications Technologies,NII STT,entity,出口管制·军工实体(Annex IV),Export control · military end-user (Annex IV),俄罗斯,Russia,2025-02-25,"Local name: АО НИИ СТТ；A.k.a.: JSC NII STT ｜ Address(es): 214012, Smolensk Region, Smolensk, Ul. Novo-Leningradskaya, 10, Russian Federation Telephone: + 7 (4812) 27-00-70 Website: www.niistt.ru Registration number: 102670146",АО НИИ СТТ,JSC NII STT,"214012, Smolensk Region, Smolensk, Ul. Novo-Leningradskaya, 10, Russian Federation",102670146,http://www.niistt.ru
Transport Agency Eurologistics,,Transport Agency Eurologistics,entity,出口管制·军工实体(Annex IV),Export control · military end-user (Annex IV),俄罗斯,Russia,2025-02-25,"Local name: ТРАНСПОРТНОЕ АГЕНТСТВО ЕВРОЛОГИСТИКА；A.k.a.: LLC TA Eurologistics ｜ Address(es): Vyborgskaya emb., 47, 5th floor, Business Center ""Grenadersky"", 194044, Saint Petersburg, Russian Federation Telephone: + 7 (800) 7005542 Website: https://eurologistic",ТРАНСПОРТНОЕ АГЕНТСТВО ЕВРОЛОГИСТИКА,LLC TA Eurologistics,"Vyborgskaya emb., 47, 5th floor, Business Center ""Grenadersky"", 194044, Saint Petersburg, Russian Federation",,
LLC Butis,,LLC Butis,entity,出口管制·军工实体(Annex IV),Export control · military end-user (Annex IV),俄罗斯,Russia,2025-02-25,"Local name: ООО ""БУТИС"" ｜ Address(es): Volgogradsky prospekt, 42 k. 5, floor/room 1/I room. 422-435, Moscow, Russian Federation Telephone: + 7 (495) 280-02-06 Website: www.butis-m.ru Registration number: 50","ООО ""БУТИС""",,"Volgogradsky prospekt, 42 k. 5, floor/room 1/I room. 422-435, Moscow, Russian Federation",50,http://www.butis-m.ru
MetallStan LLP,,MetallStan LLP,entity,出口管制·军工实体(Annex IV),Export control · military end-user (Annex IV),哈萨克斯坦,Kazakhstan,2025-02-25,"A.k.a: STANEX GROUP ZHSHS, STANEX GROUP LLP ｜ Address(es): Almaty, Samgau Microdistrict, Magistralnaya Street, 17A, Kazakhstan Telephone: + 7 (727) 228 24 87 Email: info@stanex.kz Website: www.stanex.kz Registration number: 12",,"STANEX GROUP ZHSHS, STANEX GROUP LLP","Almaty, Samgau Microdistrict, Magistralnaya Street, 17A, Kazakhstan",12,http://www.stanex.kz
LIMITED LIABILITY PARTNERSHIP KAZSTANEX,,LIMITED LIABILITY PARTNERSHIP KAZSTANEX,entity,出口管制·军工实体(Annex IV),Export control · military end-user (Annex IV),哈萨克斯坦,Kazakhstan,2025-02-25,"A.k.a: KAZSTANEX LLP, TOO KAZSTANEX ｜ Address(es): Almaty, Alatau district, Kokorai, 2/1, 204, Almaty, SHANYRAK-1 Microdistrict, 166 OTEMISULY Street, Kazakhstan Telephone: + 77075878877 Email: stanki@kazstanex.kz Webs",,"KAZSTANEX LLP, TOO KAZSTANEX","Almaty, Alatau district, Kokorai, 2/1, 204, Almaty, SHANYRAK-1 Microdistrict, 166 OTEMISULY Street, Kazakhstan",,
UZSTANEX LLC,,UZSTANEX LLC,entity,出口管制·军工实体(Annex IV),Export control · military end-user (Annex IV),乌兹别克斯坦,Uzbekistan,2025-02-25,"Address(es): 49 Dzharkurgan Street, Tashkent, Uzbekistan Telephone: + 998 (90) 990 13 65; + 998 (71) 296 13 66; + 7 (775) 554 04 54 Email: info@uzstanex.uz Website: https://uzstane",,,"49 Dzharkurgan Street, Tashkent, Uzbekistan",,
LLC TEKHNOLOGIYA RAZVITIYA OTKRYTYKH SISTEM,,LLC TEKHNOLOGIYA RAZVITIYA OTKRYTYKH SISTEM,entity,出口管制·军工实体(Annex IV),Export control · military end-user (Annex IV),俄罗斯,Russia,2025-02-25,"Local name: ОБЩЕСТВО С ОГРАНИЧЕННОЙ ОТВЕТСТВЕННОСТЬЮ ""ТЕХНОЛОГИЯ РАЗВИТИЯ ОТКРЫТЫХ СИСТЕМ"" or ООО ""Т.Р.О.С.""；A.k.a: T.R.O.S. LLC ｜ Address(es): 105082, Moscow, Bolshaya Pochtovaya Street., 26 ""B"", bldg. 1, room 401, Russian Federation Telephone: + 7 (499) 261-78-89 Website: http://tros-stanko.ru/ Em","ОБЩЕСТВО С ОГРАНИЧЕННОЙ ОТВЕТСТВЕННОСТЬЮ ""ТЕХНОЛОГИЯ РАЗВИТИЯ ОТКРЫТЫХ СИСТЕМ"" or ООО ""Т.Р.О.С.""",T.R.O.S. LLC,"105082, Moscow, Bolshaya Pochtovaya Street., 26 ""B"", bldg. 1, room 401, Russian Federation",,http://tros-stanko.ru/ Em
TM-TECH LLC,,TM-TECH LLC,entity,出口管制·军工实体(Annex IV),Export control · military end-user (Annex IV),俄罗斯,Russia,2025-02-25,"Local name: OOO ""ТМ-ТЕХ"" ｜ Address(es): 105082, Moscow, Bolshaya Pochtovaya Street, D. 26 V, BLD. 1, ROOM. 403, Russian Federation Website: www.tm-tech.ru Registration number: 7719898900 (INN)","OOO ""ТМ-ТЕХ""",,"105082, Moscow, Bolshaya Pochtovaya Street, D. 26 V, BLD. 1, ROOM. 403, Russian Federation",7719898900 (INN),http://www.tm-tech.ru
KRAFTTEK LLC,,KRAFTTEK LLC,entity,出口管制·军工实体(Annex IV),Export control · military end-user (Annex IV),俄罗斯,Russia,2025-02-25,"Local name: ООО ""КРАФТТЕК""；A.k.a: Crafttech ｜ Address(es): 196006, St. Petersburg, Vn. Ter. G, Moskovskaya Zastava Municipal District, Moskovsky Avenue, 120A, Building 1, Room 23-N, Russian Federation Telephone: + 7 (812) 622 ","ООО ""КРАФТТЕК""",Crafttech,"196006, St. Petersburg, Vn. Ter. G, Moskovskaya Zastava Municipal District, Moskovsky Avenue, 120A, Building 1, Room 23-N, Russian Federation",,
SHPINNER LLC,,SHPINNER LLC,entity,出口管制·军工实体(Annex IV),Export control · military end-user (Annex IV),俄罗斯,Russia,2025-02-25,"Local name: ООО ""ШПИННЕР""；A.k.a: SPINNER LLC ｜ Address(es): 129226, Moscow, Selskokhozyaystvennaya street 17, Building 7, floor 1, Russian Federation Email: info@spinner-russia.ru Registration number: 7715980551 (INN)","ООО ""ШПИННЕР""",SPINNER LLC,"129226, Moscow, Selskokhozyaystvennaya street 17, Building 7, floor 1, Russian Federation",7715980551 (INN),
TKT-1997 Razvoj Limited,,TKT-1997 Razvoj Limited,entity,出口管制·军工实体(Annex IV),Export control · military end-user (Annex IV),中国香港,Hong Kong (China),2025-02-25,"Address(es): Room 701, 7/F, Lucky Centre, 165-171 Wanchai Road, Wan Chai, Hong Kong Website: https://tkt-1997.com Email: info@tkt-1997.com Registration number: 3004413 (CR number)",,,"Room 701, 7/F, Lucky Centre, 165-171 Wanchai Road, Wan Chai, Hong Kong",3004413 (CR number),https://tkt-1997.com
Burmech Teknoloji Makina Sanayi Ve Ticaret Limited Șirketi,,Burmech Teknoloji Makina Sanayi Ve Ticaret Limited Șirketi,entity,出口管制·军工实体(Annex IV),Export control · military end-user (Annex IV),土耳其,Türkiye,2025-02-25,"A.k.a: Burmech Teknoloji Makina Sanayi Ve Ticaret Ltd; Burmech Industrial Solutions ｜ Address(es): Yaylacık Mahallesi, 37. Sokak, No:9/1 Nilüfer, Bursa, Republic of Türkiye Website: https://burmech.com Email: info@burmech.com Registration number: 119922",,Burmech Teknoloji Makina Sanayi Ve Ticaret Ltd; Burmech Industrial Solutions,"Yaylacık Mahallesi, 37. Sokak, No:9/1 Nilüfer, Bursa, Republic of Türkiye",119922,https://burmech.com
LLC Trading House Tradetools,,LLC Trading House Tradetools,entity,出口管制·军工实体(Annex IV),Export control · military end-user (Annex IV),俄罗斯,Russia,2025-02-25,"Local name: OOO ""Торговый Дом Трейдтулс""；A.k.a: TREYDTULS Ltd.; Trade House Trade Tools Ltd. ｜ Address(es): 105082, Moscow, Municipal District Basmanny, Perevedenovsky Lane, 13, Building 4, Room 2/2, Russian Federation Telephone: + 7 (495) 924-18-00 Registration number: 7715","OOO ""Торговый Дом Трейдтулс""",TREYDTULS Ltd.; Trade House Trade Tools Ltd,"105082, Moscow, Municipal District Basmanny, Perevedenovsky Lane, 13, Building 4, Room 2/2, Russian Federation",7715,
Tireks LLC,,Tireks LLC,entity,出口管制·军工实体(Annex IV),Export control · military end-user (Annex IV),俄罗斯,Russia,2025-02-25,"Local name: Общество С Ограниченной Ответственностью ""Тирекс"" ｜ Address(es): 105082, Moscow, Municipal District Basmanny, Perevedenovsky Lane, 13, Building 4, Russian Federation Registration number: 9701251898","Общество С Ограниченной Ответственностью ""Тирекс""",,"105082, Moscow, Municipal District Basmanny, Perevedenovsky Lane, 13, Building 4, Russian Federation",9701251898,
"上海亚商贸有限公司 Shanghai ManYa Industrial and Trade Co., Ltd",上海亚商贸有限公司,"Shanghai ManYa Industrial and Trade Co., Ltd",entity,出口管制·军工实体(Annex IV),Export control · military end-user (Annex IV),中国,China,2025-02-25,"Local name: 上海亚商贸有限公司 ｜ Address(es): Pudong District Shanghai, No. 177, Street Meisheng, People's Republic of China; Shanghai, District Songjiang, Street Zhongshan, Rongyue Road, Lane 208, Fuyue Plaza, Bl",上海亚商贸有限公司,,"Pudong District Shanghai, No. 177, Street Meisheng, People's Republic of China; Shanghai, District Songjiang, Street Zhongshan, Rongyue Road, Lane 208, Fuyue Plaza, Bl",,
Texco FZE,,Texco FZE,entity,出口管制·军工实体(Annex IV),Export control · military end-user (Annex IV),阿联酋,United Arab Emirates,2025-02-25,"Address: Plot No. EWTA59, Jebel Ali Free Zone, Dubai, United Arab Emirates, P.O. Box 17585 Telephone: + 971-(04)-8850522 Website: www.texco.ae Email: info@texco.ae Registration num",,,"Plot No. EWTA59, Jebel Ali Free Zone, Dubai, United Arab Emirates, P.O. Box 17585",,http://www.texco.ae
ITIC LLC FZ,,ITIC LLC FZ,entity,出口管制·军工实体(Annex IV),Export control · military end-user (Annex IV),阿联酋,United Arab Emirates,2025-02-25,"Local name: آيتيك ش.ذ.م.م-منطقة حرة；A.k.a: ITIC International Trading ｜ Address: Business Center 1, M Floor, The Meydan Hotel, Nad Al Sheba, Dubai, United Arab Emirates; Tamani Arts Office, Business Bay, Dubai, U.A.E. Telephone: + 971 ‭(0)44473204‬‬‬‬‬",آيتيك ش.ذ.م.م-منطقة حرة,ITIC International Trading,"Business Center 1, M Floor, The Meydan Hotel, Nad Al Sheba, Dubai, United Arab Emirates; Tamani Arts Office, Business Bay, Dubai, U.A.E",,
香港通亞電子有限公司 HK (Hong Kong) LINK ASIA ELECTRONICS LIMITED,香港通亞電子有限公司 HK,LINK ASIA ELECTRONICS LIMITED,entity,出口管制·军工实体(Annex IV),Export control · military end-user (Annex IV),中国,China,2025-02-25,"Local name: 香港通亞電子有限公司 ｜ Address: A105 1/F, New East Sun Industrial Building, 18 Shing Yip Street, Kwun Tong, Kowloon, Hong Kong; A08, 35/F, Block A, Electronic Technology Building, No. 2070 Shennan Middle",香港通亞電子有限公司,,"A105 1/F, New East Sun Industrial Building, 18 Shing Yip Street, Kwun Tong, Kowloon, Hong Kong; A08, 35/F, Block A, Electronic Technology Building, No. 2070 Shennan Middle",,
Achieve Technology Limited,,Achieve Technology Limited,entity,出口管制·军工实体(Annex IV),Export control · military end-user (Annex IV),中国香港,Hong Kong (China),2025-02-25,"A.k.a: Achieve-Tec HK Trading Company Limited; Achieve Tec HK ｜ Address: Flat/Rm 611 6/F Ricky Centre 36 Chong Yip Street Kwun Tong Kl, Hong Kong; Room 101a, 1/F., Genplas Industrial Building, 56 Hoi Yuen Road, Kwun Tong, Kln, Hong Kong Telepho",,Achieve-Tec HK Trading Company Limited; Achieve Tec HK,"Flat/Rm 611 6/F Ricky Centre 36 Chong Yip Street Kwun Tong Kl, Hong Kong; Room 101a, 1/F., Genplas Industrial Building, 56 Hoi Yuen Road, Kwun Tong, Kln, Hong Kong Telepho",,
Align Trading Company Limited,,Align Trading Company Limited,entity,出口管制·军工实体(Annex IV),Export control · military end-user (Annex IV),中国,China,2025-02-25,"Address: Room A1-13, Building A 3/F, Yee Lim Ind Center, 2-28, Kwai Lok Street, Kwai Chung, Hong Kong; Room 2901B, Bank of Communications Building, No. 3018, Shennan Middle Road, F",,,"Room A1-13, Building A 3/F, Yee Lim Ind Center, 2-28, Kwai Lok Street, Kwai Chung, Hong Kong; Room 2901B, Bank of Communications Building, No. 3018, Shennan Middle Road, F",,
Pratik Corporation,,Pratik Corporation,entity,出口管制·军工实体(Annex IV),Export control · military end-user (Annex IV),印度,India,2025-02-25,"Address: 29/31, Bhagwan Bhuvan, Gr. Floor, Off. Y.M. Road, Masjid Bunder, Mumbai 400009, India Telephone: + 91-22-40140707 / 7045145181 Website: https://www.pratikcorporation.com/ ",,,"29/31, Bhagwan Bhuvan, Gr. Floor, Off. Y.M. Road, Masjid Bunder, Mumbai 400009, India",,https://www.pratikcorporation.com/
OMEGA LLC,,OMEGA LLC,entity,出口管制·军工实体(Annex IV),Export control · military end-user (Annex IV),俄罗斯,Russia,2025-02-25,"Local name: ООО ""Омега"" ｜ Address: 194100, St. Petersburg, Lesnoy prospekt 63, lit. A, Russian Federation Telephone: + 7 812-655-02-96 Website: http://omegaspb.su/ Email: omegaved1@mail.ru; bylinskiy@omegas","ООО ""Омега""",,"194100, St. Petersburg, Lesnoy prospekt 63, lit. A, Russian Federation",,http://omegaspb.su/
Agrim Aviation Private Limited,,Agrim Aviation Private Limited,entity,出口管制·军工实体(Annex IV),Export control · military end-user (Annex IV),,,2025-02-25,"Address: 516-A, 5th Floor, World Trade Centre, Babar Road, New Delhi, Delhi, 110001 Phone: + 91 11 4308 3674 Website: https://agrimaviation.com/ Email: info@agrimavaition.com Regis",,,"516-A, 5th Floor, World Trade Centre, Babar Road, New Delhi, Delhi, 110001 Phone: + 91 11 4308 3674",,https://agrimaviation.com/
SPLENDENT TECHNOLOGIES PTE LTD,,SPLENDENT TECHNOLOGIES PTE LTD,entity,出口管制·军工实体(Annex IV),Export control · military end-user (Annex IV),新加坡,Singapore,2025-02-25,"Address: 5000, Ang Mo Kio Ave. 5, #04-05 Techplace Ii, Singapore 089053; 73 Upper Paya Lebar Road, #06-01c, Centro Bianco, Singapore 534818 Phone: + 65-31384118 Website: http://www",,,"5000, Ang Mo Kio Ave. 5, #04-05 Techplace Ii, Singapore 089053; 73 Upper Paya Lebar Road, #06-01c, Centro Bianco, Singapore 534818 Phone: + 65-31384118",,
LIMITED LIABILITY COMPANY DRAKE,,LIMITED LIABILITY COMPANY DRAKE,entity,出口管制·军工实体(Annex IV),Export control · military end-user (Annex IV),俄罗斯,Russia,2025-02-25,"A.k.a: LLC DRAKE；Local name: ООО ДРЕЙК ｜ Address(es): room 126, building 5/12, Street Sh-2, Yelabuga district, city settlement Yelabuga, Alabuga SEZ territory, 423601, Republic of Tatarstan, Russian Federation Email: ooo_",ООО ДРЕЙК,LLC DRAKE,"room 126, building 5/12, Street Sh-2, Yelabuga district, city settlement Yelabuga, Alabuga SEZ territory, 423601, Republic of Tatarstan, Russian Federation",,
LLC ASSISTRAGO,,LLC ASSISTRAGO,entity,出口管制·军工实体(Annex IV),Export control · military end-user (Annex IV),俄罗斯,Russia,2025-02-25,"A.k.a: Assistagro LLC；Local name: ООО ""АССИСТАГРО"" ｜ Address(es): ""Wall street"" biznes-tsentr, building 256, 35 Valovaya street, munitsipalny okrug Zamoskvoreche, Moscow, 11504, Russian Federation Email: es.bagryantsev@rusagorgoup.ru","ООО ""АССИСТАГРО""",Assistagro LLC,"""Wall street"" biznes-tsentr, building 256, 35 Valovaya street, munitsipalny okrug Zamoskvoreche, Moscow, 11504, Russian Federation",,
LLC ALABUGA EXIM,,LLC ALABUGA EXIM,entity,出口管制·军工实体(Annex IV),Export control · military end-user (Annex IV),俄罗斯,Russia,2025-02-25,"A.k.a: LLC Alabuga Exim；Local name: OOO ""Алабуга Эксим"" ｜ Address(es): Room 102, Building 5/12, Street Sh-2, Yelabuga district, city settlement Yelabuga, Alabuga SEZ territory, 423601, Republic of Tatarstan, Russian Federation Website: ht","OOO ""Алабуга Эксим""",LLC Alabuga Exim,"Room 102, Building 5/12, Street Sh-2, Yelabuga district, city settlement Yelabuga, Alabuga SEZ territory, 423601, Republic of Tatarstan, Russian Federation",,
JSC DIPAUL,,JSC DIPAUL,entity,出口管制·军工实体(Annex IV),Export control · military end-user (Annex IV),俄罗斯,Russia,2025-05-21,"A.k.a.: Dipaul Company; JSC NPF DIPAUL; Dipaul Technologies JSC; Scientific Industrial Company Dipaul Joint Stock Company; Dipaul-manufacturing company limited；Local name: АО НПФ Диполь; АО НАУЧНО-ПРОИЗВОДСТВЕННАЯ ФИРМА ""ДИПОЛЬ""; АО НПФ ""Диполь"" ｜ Address(es): 16 Bolshaya Monetnaya, building 45, let","АО НПФ Диполь; АО НАУЧНО-ПРОИЗВОДСТВЕННАЯ ФИРМА ""ДИПОЛЬ""; АО НПФ ""Диполь""",Dipaul Company; JSC NPF DIPAUL; Dipaul Technologies JSC; Scientific Industrial Company Dipaul Joint Stock Company; Dipaul-manufacturing company limited,"16 Bolshaya Monetnaya, building 45, let",,
Geoscan LLC,,Geoscan LLC,entity,出口管制·军工实体(Annex IV),Export control · military end-user (Annex IV),俄罗斯,Russia,2025-05-21,"A.k.a.: Geoscan；Local name: ОБЩЕСТВО С ОГРАНИЧЕННОЙ ОТВЕТСТВЕННОСТЬЮ ""ГЕОСКАН""; ООО ""ГЕОСКАН"" ｜ Address(es): Politekhnicheskaya street, building 22, complex L, room 1-N, room 12, 194021 St. Petersburg; 26 A Shatelena str., 194021, St. Petersburg, Russian Federation Telephone:","ОБЩЕСТВО С ОГРАНИЧЕННОЙ ОТВЕТСТВЕННОСТЬЮ ""ГЕОСКАН""; ООО ""ГЕОСКАН""",Geoscan,"Politekhnicheskaya street, building 22, complex L, room 1-N, room 12, 194021 St. Petersburg; 26 A Shatelena str., 194021, St. Petersburg, Russian Federation",,
LLC MC Radioelectronic Technopark RV-1,,LLC MC Radioelectronic Technopark RV-1,entity,出口管制·军工实体(Annex IV),Export control · military end-user (Annex IV),俄罗斯,Russia,2025-05-21,"A.k.a.: Geoscan-UFA (former name)；Local name: Общество С Ограниченной Ответственностью Управляющая Компания ""Радиоэлектронный Технопарк Рв-1"" ｜ Address(es): Zainab Biyisheva str. 1, 450074, UFA, Republic of Bashkortostan, Russian Federation; 178 Rubezhnaya str., 450018, UFA, Kirovsky district, Repub","Общество С Ограниченной Ответственностью Управляющая Компания ""Радиоэлектронный Технопарк Рв-1""",Geoscan-UFA (former name),"Zainab Biyisheva str. 1, 450074, UFA, Republic of Bashkortostan, Russian Federation; 178 Rubezhnaya str., 450018, UFA, Kirovsky district, Repub",,
"JSC ""STRATIM""",,"JSC ""STRATIM""",entity,出口管制·军工实体(Annex IV),Export control · military end-user (Annex IV),俄罗斯,Russia,2025-05-21,"A.k.a.: STRATIM DESIGN BUREAU；Local name: Ao ""Стpatиm""; Акционерное Общество ""Стратим"" ｜ Address(es): Elektrodnaya str. d. 2, Str. 34, room 19/3, 111524, Moscow, Russian Federation; Federativny avenue, d. 5, k. 1, room. 1/1, in. ter. municipal district Perovo, 111399, ","Ao ""Стpatиm""; Акционерное Общество ""Стратим""",STRATIM DESIGN BUREAU,"Elektrodnaya str. d. 2, Str. 34, room 19/3, 111524, Moscow, Russian Federation; Federativny avenue, d. 5, k. 1, room. 1/1, in. ter. municipal district Perovo, 111399",,
"JSC ""STRATIM-TECH""",,"JSC ""STRATIM-TECH""",entity,出口管制·军工实体(Annex IV),Export control · military end-user (Annex IV),俄罗斯,Russia,2025-05-21,"A.k.a.: Joint Stock Company Stratim Tech；Local name: AO ""Ctpatиm-Tex"" ｜ Address(es): Shipilovskaya street, d. 64, k. 1, room. 147, 115682, Moscow, Russian Federation Website: http://stratim.tech Email: info@stratim.tech Registration number: 9724145543 ","AO ""Ctpatиm-Tex""",Joint Stock Company Stratim Tech,"Shipilovskaya street, d. 64, k. 1, room. 147, 115682, Moscow, Russian Federation",9724145543,http://stratim.tech
"LLC ""STRATIM""",,"LLC ""STRATIM""",entity,出口管制·军工实体(Annex IV),Export control · military end-user (Annex IV),俄罗斯,Russia,2025-05-21,"Local name: OOO CTPATИM ｜ Address(es): Varvarskaya str., d. 6, room P6, 603000, Nizhny Novgorod, Russian Federation Website: http://stratim.tech Email: info@stratim.tech Registration number: 5260494520 (Tax",OOO CTPATИM,,"Varvarskaya str., d. 6, room P6, 603000, Nizhny Novgorod, Russian Federation",5260494520 (Tax,http://stratim.tech
LLC ALABUGA MACHINERY,,LLC ALABUGA MACHINERY,entity,出口管制·军工实体(Annex IV),Export control · military end-user (Annex IV),俄罗斯,Russia,2025-05-21,"A.k.a.: Limited Liability Company ""Alabuga Machinery""；Local name: ООО АЛАБУГА МАШИНЕРИ ｜ Address(es): Street Sh-2, Building 5/12, room 110, 423601, Republic of Tatarstan, Yelabuga district, city settlement Yelabuga, Alabuga Special Economic Zone territory, Russian Fede",ООО АЛАБУГА МАШИНЕРИ,"Limited Liability Company ""Alabuga Machinery""","Street Sh-2, Building 5/12, room 110, 423601, Republic of Tatarstan, Yelabuga district, city settlement Yelabuga, Alabuga Special Economic Zone territory, Russian Fede",,
Limited Liability Company Geomiragro,,Limited Liability Company Geomiragro,entity,出口管制·军工实体(Annex IV),Export control · military end-user (Annex IV),俄罗斯,Russia,2025-05-21,"A.k.a.: LLC Geomiragro；Local Name: Общество С Ограниченной Ответственностью ""Геомирагро""; OOO ""Геомирагро"" ｜ Address(es): 5 Kolontsova street, Moscow oblast, Gorizont torgovo-ofisny tsentr, building 302, 141009, Mytischchi, Russian Federation Telephone: + 7 4957885956 Website: https://www","Общество С Ограниченной Ответственностью ""Геомирагро""; OOO ""Геомирагро""",LLC Geomiragro,"5 Kolontsova street, Moscow oblast, Gorizont torgovo-ofisny tsentr, building 302, 141009, Mytischchi, Russian Federation",,
LLC Radioline,,LLC Radioline,entity,出口管制·军工实体(Annex IV),Export control · military end-user (Annex IV),俄罗斯,Russia,2025-05-21,"Aka: Radioline Ltd; Radiolain；Local name: ООО Радиолайн ｜ Address(es): 42 Volgogradsky prospekt, K. 5, Floor 2, room I, Kom. 1, 109316, Moscow, Russian Federation; 28 Khimikov str., BC ""H2O"", office 1207, 195030, St. Petersburg, Russian F",ООО Радиолайн,Radioline Ltd; Radiolain,"42 Volgogradsky prospekt, K. 5, Floor 2, room I, Kom. 1, 109316, Moscow, Russian Federation; 28 Khimikov str., BC ""H2O"", office 1207, 195030, St. Petersburg, Russian F",,
NPO Rostar LLC,,NPO Rostar LLC,entity,出口管制·军工实体(Annex IV),Export control · military end-user (Annex IV),俄罗斯,Russia,2025-05-21,"Local name: ООО Нпо ‘Ростар ｜ Address(es): Dorozhnaya str., d. 39, 423800, Naberezhnye Chelny, Tatarstan Republic, BSI, Russian Federation Telephone: + 7 8552778671 Website: https://en.rostar.com/; https://www.",ООО Нпо ‘Ростар,,"Dorozhnaya str., d. 39, 423800, Naberezhnye Chelny, Tatarstan Republic, BSI, Russian Federation",,https://en.rostar.com/; https://www
SPROCURE LLC,,SPROCURE LLC,entity,出口管制·军工实体(Annex IV),Export control · military end-user (Annex IV),塞尔维亚,Serbia,2025-05-21,"Local name: SPROCURE D.O.O. ｜ Address(es): 1 Ljubana Jednaka, 11042, Beograd, Republic of Serbia Telephone: + 381642656723 Website: https://sprollc.com/ Email: inbox@sprollc.com Registration number: 21819719 (T",SPROCURE D.O.O,,"1 Ljubana Jednaka, 11042, Beograd, Republic of Serbia",21819719 (T,https://sprollc.com/
Invent LTD,,Invent LTD,entity,出口管制·军工实体(Annex IV),Export control · military end-user (Annex IV),俄罗斯,Russia,2025-05-21,"A.k.a.: LLC INVENT；Local name: ОБЩЕСТВО С ОГРАНИЧЕННОЙ ОТВЕТСТВЕННОСТЬЮ ""ИНВЕНТ""; ООО ""ИНВЕНТ"" ｜ Address(es): 15 Marata St., 603002, Nizhny Novgorod Region, Nizhny Novgorod, Russian Federation; Melnitsky pereulok, 1, 410105120, Moscow, Russian Federation Telephone: + 7 831 277","ОБЩЕСТВО С ОГРАНИЧЕННОЙ ОТВЕТСТВЕННОСТЬЮ ""ИНВЕНТ""; ООО ""ИНВЕНТ""",LLC INVENT,"15 Marata St., 603002, Nizhny Novgorod Region, Nizhny Novgorod, Russian Federation; Melnitsky pereulok, 1, 410105120, Moscow, Russian Federation",,
Gateway Ventures FZC,,Gateway Ventures FZC,entity,出口管制·军工实体(Annex IV),Export control · military end-user (Annex IV),阿联酋,United Arab Emirates,2025-05-21,"A.k.a.: Gateway Ventures ｜ Address(es): Building T1, Saif Zone, Sharjah International Airport Free Zone, Sharjah, 050100, Almaty, United Arab Emirates (UAE) Telephone: + 971 6 5573850 Website: http://www.gvc",,Gateway Ventures,"Building T1, Saif Zone, Sharjah International Airport Free Zone, Sharjah, 050100, Almaty, United Arab Emirates (UAE)",,http://www.gvc
Burj Al Salam LLC,,Burj Al Salam LLC,entity,出口管制·军工实体(Annex IV),Export control · military end-user (Annex IV),阿联酋,United Arab Emirates,2025-05-21,"A.k.a.: BAS ｜ Address(es): Bay Square Building 11, Office 107, Dubai, Business Bay Dubai, United Arab Emirates (UAE) Telephone: + 971 4 2255421; + 971 2262005 Registration number: 54738 (Tax ID/",,BAS,"Bay Square Building 11, Office 107, Dubai, Business Bay Dubai, United Arab Emirates (UAE)",54738 (Tax ID/,
LLC Promservis,,LLC Promservis,entity,出口管制·军工实体(Annex IV),Export control · military end-user (Annex IV),俄罗斯,Russia,2025-05-21,"Local Name: ООО ПРОМСЕРВИС ｜ Address(es): Spiridonovka str., d. 10, Etazh 1, kom 1, 123001, Moscow, Russian Federation Telephone: + 7 495 266 69 58; + 7 495 2666968 Website: http://prmsrv.com/ Email: info@prms",ООО ПРОМСЕРВИС,,"Spiridonovka str., d. 10, Etazh 1, kom 1, 123001, Moscow, Russian Federation",,http://prmsrv.com/
CS Yönetim ve Destek Hizmetleri Ltd.,,CS Yönetim ve Destek Hizmetleri Ltd.,entity,出口管制·军工实体(Annex IV),Export control · military end-user (Annex IV),土耳其,Türkiye,2025-05-21,"A.k.a.: CSY, Consulting Services Yönetim; Cs Yönetim Ve Destek Hizmetleri Limited Șirketi ｜ Address(es): Egs Business Park Bloklari No: 70, Giris Kat Yesilköy Mah. Bakirköy 34149, Republic of Türkiye Telephone: + 90 2124652215; + 90 532 351 66 77 Website: csy.com.tr Email",,"CSY, Consulting Services Yönetim; Cs Yönetim Ve Destek Hizmetleri Limited Șirketi","Egs Business Park Bloklari No: 70, Giris Kat Yesilköy Mah. Bakirköy 34149, Republic of Türkiye",,
Etkin Hirdavat Insaat Pazarlama Sanayi Ve Ticaret Limited.,,Etkin Hirdavat Insaat Pazarlama Sanayi Ve Ticaret Limited.,entity,出口管制·军工实体(Annex IV),Export control · military end-user (Annex IV),土耳其,Türkiye,2025-05-21,"A.k.a.: Etkin Hirdavat İnșaat Pazarlama Sanayi Ticaret Limited Șirketi ｜ Address(es): Eskihisar Mh. 8015 Sk. B No. 1B/1, Merkezefendu, Denizli, Republic of Türkiye Telephone: 0 (531) 269 60 33 Website: https://www.etkinhirdavat.com.tr/ Email: info@etkin",,Etkin Hirdavat İnșaat Pazarlama Sanayi Ticaret Limited Șirketi,"Eskihisar Mh. 8015 Sk. B No. 1B/1, Merkezefendu, Denizli, Republic of Türkiye",,https://www.etkinhirdavat.com.tr/
Inand Industries Company Ltd.,,Inand Industries Company Ltd.,entity,出口管制·军工实体(Annex IV),Export control · military end-user (Annex IV),越南,Vietnam,2025-05-21,"A.k.a.: Cong Ty Tnhh Inand Industries ｜ Address(es): Floor 9, Minori Building, 67a Truong Dinh, District Hai Ba Trung, Hanoi City, Socialist Republic of Vietnam Telephone: + 84 388620299 Website: www.inand.vn Registratio",,Cong Ty Tnhh Inand Industries,"Floor 9, Minori Building, 67a Truong Dinh, District Hai Ba Trung, Hanoi City, Socialist Republic of Vietnam",,
DAV Group Company Ltd.,,DAV Group Company Ltd.,entity,出口管制·军工实体(Annex IV),Export control · military end-user (Annex IV),越南,Vietnam,2025-05-21,"A.k.a: Dav Group Co. Ltd, Công TY TNHH DAV GROUP ｜ Address(es): Phòng 508 lầu 5, tòa nhà VCCI, số 155 Nguyễn Thái Học, Phường 7, Thành Phố Vũng Tàu, Bà Rịa, Tỉnh Vũng Tàu, Socialist Republic of Vietnam; room 508, floor 5, Building ",,"Dav Group Co. Ltd, Công TY TNHH DAV GROUP","Phòng 508 lầu 5, tòa nhà VCCI, số 155 Nguyễn Thái Học, Phường 7, Thành Phố Vũng Tàu, Bà Rịa, Tỉnh Vũng Tàu, Socialist Republic of Vietnam; room 508, floor 5, Building",,
Thavico Import Export Company Ltd.,,Thavico Import Export Company Ltd.,entity,出口管制·军工实体(Annex IV),Export control · military end-user (Annex IV),越南,Vietnam,2025-05-21,"A.k.a.: CONG TY TNHH XUAT NHAP KHAU THAVICO ｜ Address(es): 180-182 Nguyễn Văn Trỗi, Phường 4, Thành Phố Vũng Tàu, Bà Rịa - Vũng Tàu, Socialist Republic of Vietnam; No. 4 Trung Trac, Ward 1, City Vung Tau, Ba Ria, Socialist Rep",,CONG TY TNHH XUAT NHAP KHAU THAVICO,"180-182 Nguyễn Văn Trỗi, Phường 4, Thành Phố Vũng Tàu, Bà Rịa - Vũng Tàu, Socialist Republic of Vietnam; No. 4 Trung Trac, Ward 1, City Vung Tau, Ba Ria, Socialist Rep",,
Trade Engine System,,Trade Engine System,entity,出口管制·军工实体(Annex IV),Export control · military end-user (Annex IV),乌兹别克斯坦,Uzbekistan,2025-05-21,"A.k.a.: OOO Trade Engine System; TES ｜ Address(es): Yakkasaray district, Damarik neighbourhood, Damarik MFY, Nukus Street, house 37, Tashkent city, Republic of Uzbekistan Telephone: + 998781134114 Website: www.trade-eng",,OOO Trade Engine System; TES,"Yakkasaray district, Damarik neighbourhood, Damarik MFY, Nukus Street, house 37, Tashkent city, Republic of Uzbekistan",,
LLC Protech,,LLC Protech,entity,出口管制·军工实体(Annex IV),Export control · military end-user (Annex IV),俄罗斯,Russia,2025-05-21,"A.k.a.: PROTEH CO LTD；Local name: Организация ООО ""ПРОТЕХ""; ОБЩЕСТВО С ОГРАНИЧЕННОЙ ОТВЕТСТВЕННОСТЬЮ ""ПРОФЕССИОНАЛЬНОЕ ОБОРУДОВАНИЕ И ТЕХНОЛОГИИ"" ｜ Address(es): Tarusskaya street 10, office 207, 117588, Moscow Russian Federation; 31-33 Ivan Chernykh st., office 510, Aquamarine Business Center, 19809","Организация ООО ""ПРОТЕХ""; ОБЩЕСТВО С ОГРАНИЧЕННОЙ ОТВЕТСТВЕННОСТЬЮ ""ПРОФЕССИОНАЛЬНОЕ ОБОРУДОВАНИЕ И ТЕХНОЛОГИИ""",PROTEH CO LTD,"Tarusskaya street 10, office 207, 117588, Moscow Russian Federation; 31-33 Ivan Chernykh st., office 510, Aquamarine Business Center, 19809",,
OCS DISTRIBUTION,,OCS DISTRIBUTION,entity,出口管制·军工实体(Annex IV),Export control · military end-user (Annex IV),俄罗斯,Russia,2025-05-21,"A.k.a.: O-SI-ES-TSENTR；Local name: ОБЩЕСТВО С ОГРАНИЧЕННОЙ ОТВЕТСТВЕННОСТЬЮ ""О-СИ-ЭС-ЦЕНТР"" ｜ Address(es): Kievskoe Shosse, Rumyantsevo, Comcity office park, 6, building 1, 108811, Moscow, Russian Federation Telephone: + 7 495 995 2575 Website: https://www.ocs.ru/ Email: in","ОБЩЕСТВО С ОГРАНИЧЕННОЙ ОТВЕТСТВЕННОСТЬЮ ""О-СИ-ЭС-ЦЕНТР""",O-SI-ES-TSENTR,"Kievskoe Shosse, Rumyantsevo, Comcity office park, 6, building 1, 108811, Moscow, Russian Federation",,https://www.ocs.ru/
OOO TD KHIMMED,,OOO TD KHIMMED,entity,出口管制·军工实体(Annex IV),Export control · military end-user (Annex IV),俄罗斯,Russia,2025-05-21,"A.k.a.: OOO TORGOVYY DOM KHIMMED; LLC Chimmed; Chimmed Group; LLC TD Himmed;；Local name: ООО ТД ‘Химмед; ООО ТОРГОВЫЙ ДОМ ‘ХИММЕД ｜ Address(es): Kashirskoe sh. 3, korp.2, building 4, floor 6 (territory of ""Sirius Park"" Business Centre), 115230, Moscow, Russian Federation, Telephone: + 7 499 2868305;",ООО ТД ‘Химмед; ООО ТОРГОВЫЙ ДОМ ‘ХИММЕД,OOO TORGOVYY DOM KHIMMED; LLC Chimmed; Chimmed Group; LLC TD Himmed,"Kashirskoe sh. 3, korp.2, building 4, floor 6 (territory of ""Sirius Park"" Business Centre), 115230, Moscow, Russian Federation",,
Turbo King LLC,,Turbo King LLC,entity,出口管制·军工实体(Annex IV),Export control · military end-user (Annex IV),俄罗斯,Russia,2025-05-21,"Local name: ООО ТУРБО КИНГ ｜ Address(es): Proezd avtosborochny, d. 10, 423800, Republic of Tatarstan, Naberezhnye Chelny, Russian Federation. Registration number: 1650384878 (Tax ID/INN)",ООО ТУРБО КИНГ,,"Proezd avtosborochny, d. 10, 423800, Republic of Tatarstan, Naberezhnye Chelny, Russian Federation",1650384878 (Tax ID/INN),
OOO RUSMEDTORG,,OOO RUSMEDTORG,entity,出口管制·军工实体(Annex IV),Export control · military end-user (Annex IV),俄罗斯,Russia,2025-05-21,"A.k.a.: Limited Liability Company Rusmedtorg；Local name: ООО РУСМЕДТОРГ ｜ Address(es): 2/1 Pokrovka street, str. 2, room 1, kom. 6, 101000 Moscow, Russian Federation; 2/21 Lenskaya Street, Floor 5, Room III, Room 2, 129327, Moscow, Russian Federation Tel",ООО РУСМЕДТОРГ,Limited Liability Company Rusmedtorg,"2/1 Pokrovka street, str. 2, room 1, kom. 6, 101000 Moscow, Russian Federation; 2/21 Lenskaya Street, Floor 5, Room III, Room 2, 129327, Moscow, Russian Federation Tel",,
LLC AVBIS,,LLC AVBIS,entity,出口管制·军工实体(Annex IV),Export control · military end-user (Annex IV),俄罗斯,Russia,2025-05-21,"A.k.a.: Limited Liability Company Avbis；Local name: ООО Авбис ｜ Address(es):Semyonovsky Lane 15, vn.ter.g. Sokolinaya Gora Municipal district, 107023, Moscow, Russian Federation Telephone: + 7 495 2129378 Website: https://avbis.ru Email: lky@bk",ООО Авбис,Limited Liability Company Avbis,"Semyonovsky Lane 15, vn.ter.g. Sokolinaya Gora Municipal district, 107023, Moscow, Russian Federation",,https://avbis.ru
GTCT Ltd.,,GTCT Ltd.,entity,出口管制·军工实体(Annex IV),Export control · military end-user (Annex IV),土耳其,Türkiye,2025-05-21,"Local Name: Global Turkey Çelik Ve Ticareti Anonim Șirketi ｜ Address(es): Veko Giz Plaza, Maslak Mah. Maslak Meydan Sokak, No:3, Kat: 13, 34396, Sarıyer/İstanbul, Republic of Türkiye; Eski Büyükdere Caddesi 1, 34485, Istanbul, Republic of Tü",Global Turkey Çelik Ve Ticareti Anonim Șirketi,,"Veko Giz Plaza, Maslak Mah. Maslak Meydan Sokak, No:3, Kat: 13, 34396, Sarıyer/İstanbul, Republic of Türkiye; Eski Büyükdere Caddesi 1, 34485, Istanbul, Republic of Tü",,
Stimul Engineering Ltd.,,Stimul Engineering Ltd.,entity,出口管制·军工实体(Annex IV),Export control · military end-user (Annex IV),土耳其,Türkiye,2025-05-21,"Local Name: Stimul Mühendislik Danișmanlik İç Ve Diș Ticaret Limited Șirketi ｜ Address(es): Aktim 3 Ticaret ve İș Merkezi Cihangir Mah. Güvercin Cad. No:2 Ic Kapi No:4 Avcilar/ İstanbul, Republic of Türkiye Telephone: + 90 537 888 20 44 Website: https://stimu",Stimul Mühendislik Danișmanlik İç Ve Diș Ticaret Limited Șirketi,,"Aktim 3 Ticaret ve İș Merkezi Cihangir Mah. Güvercin Cad. No:2 Ic Kapi No:4 Avcilar/ İstanbul, Republic of Türkiye",,
Kocaeli Kesici Takimlar Makine Sanayi Ticaret Ltd,,Kocaeli Kesici Takimlar Makine Sanayi Ticaret Ltd,entity,出口管制·军工实体(Annex IV),Export control · military end-user (Annex IV),土耳其,Türkiye,2025-05-21,"Address(es): İzmit Kocaeli, Sanayi Mahallesi İzmit Sanayi Sitesi 12. Cadde 11. Blok No:13, Republic of Türkiye Telephone: + 90 262 373 20 33 Website: https://kesicitakimlar.com.tr/",,,"İzmit Kocaeli, Sanayi Mahallesi İzmit Sanayi Sitesi 12. Cadde 11. Blok No:13, Republic of Türkiye",,https://kesicitakimlar.com.tr/
Over the Line,,Over the Line,entity,出口管制·军工实体(Annex IV),Export control · military end-user (Annex IV),土耳其,Türkiye,2025-05-21,"Local name: OTL Uluslararasi Diș Ticaret Limited Șirketi ｜ Address(es): Dereboyu Caddesi, Brandium AVM R5 Blok, Atasehir, Istanbul 34953, Republic of Türkiye; Aydinli Sb Mh. Kodalak Cd. Mega Bl n.8/z01 Tuzla, Republic of Türkiye Telephone:",OTL Uluslararasi Diș Ticaret Limited Șirketi,,"Dereboyu Caddesi, Brandium AVM R5 Blok, Atasehir, Istanbul 34953, Republic of Türkiye; Aydinli Sb Mh. Kodalak Cd. Mega Bl n.8/z01 Tuzla, Republic of Türkiye",,
OOO TSK Vektor,,OOO TSK Vektor,entity,出口管制·军工实体(Annex IV),Export control · military end-user (Annex IV),俄罗斯,Russia,2025-07-20,"A.k.a.: LLC TSK VEKTOR；Local name: OOO ТСК ВЕКТОР ｜ Address(es): 664048, Sevastopolskaya ulitsa d. 235, kv. 70, Irkutsk, Irkutskaya oblast, Russian Federation Telephone: +7 395 2350041; +7 902 5161813 Registration number: 3849055365",OOO ТСК ВЕКТОР,LLC TSK VEKTOR,"664048, Sevastopolskaya ulitsa d. 235, kv. 70, Irkutsk, Irkutskaya oblast, Russian Federation",3849055365,
P-D TATNEFT – ALABUGA STEKLOVOLOKNO LLC,,P-D TATNEFT – ALABUGA STEKLOVOLOKNO LLC,entity,出口管制·军工实体(Annex IV),Export control · military end-user (Annex IV),俄罗斯,Russia,2025-07-20,"Local name: ОБЩЕСТВО С ОГРАНИЧЕННОЙ ОТВЕТСТВЕННОСТЬЮ ‘П-Д ТАТНЕФТЬ - АЛАБУГА СТЕКЛОВОЛОКНО' ｜ Address(es): 423600, Republic of Tatarstan, Yelabuga district, Alabuga SEZ territory, Sh-2 street, building 11/1, Russian Federation Telephone: +7 855 5759094 Website: www.alabuga.",ОБЩЕСТВО С ОГРАНИЧЕННОЙ ОТВЕТСТВЕННОСТЬЮ ‘П-Д ТАТНЕФТЬ - АЛАБУГА СТЕКЛОВОЛОКНО',,"423600, Republic of Tatarstan, Yelabuga district, Alabuga SEZ territory, Sh-2 street, building 11/1, Russian Federation",,http://www.alabuga
NPF Technologies of progress,,NPF Technologies of progress,entity,出口管制·军工实体(Annex IV),Export control · military end-user (Annex IV),俄罗斯,Russia,2025-07-20,"A.k.a.: NPF Tekhnologii Progressa；Local name: ООО НПФ ТЕХНОЛОГИИ ПРОГРЕССА ｜ Address(es): 192236, Sofiyskaya street 8, bldg. 1, lit. BD, 10-H, Office 3.13A, St. Petersburg, Russian Federation Telephone: +7 812 3634377 Website: www.npf-tp.ru Emails: carbon@c",ООО НПФ ТЕХНОЛОГИИ ПРОГРЕССА,NPF Tekhnologii Progressa,"192236, Sofiyskaya street 8, bldg. 1, lit. BD, 10-H, Office 3.13A, St. Petersburg, Russian Federation",,
"卡林卡（天津）国际贸易有限公司 Kalinka Tianjin International Trade Co., Ltd.",卡林卡（天津）国际贸易有限公司,"Kalinka Tianjin International Trade Co., Ltd.",entity,出口管制·军工实体(Annex IV),Export control · military end-user (Annex IV),中国,China,2025-07-20,"A.k.a: Karinka (Tianjin) International Trade Co., Ltd.；Local name: 卡林卡（天津）国际贸易有限公司 ｜ Address(es): 2-4-101, Yuemengyuan, Jiangdu Road, 300140 Hebei District, Tianjin, People's Republic of China Email: 1021526248@qq.com Registration number: 91120105MA06Q77Y68",卡林卡（天津）国际贸易有限公司,"Karinka (Tianjin) International Trade Co., Ltd","2-4-101, Yuemengyuan, Jiangdu Road, 300140 Hebei District, Tianjin, People's Republic of China",91120105MA06Q77Y68,
阿尔科斯（哈尔滨）供应链管理有限公司 Arcos Harbin Supply Chain Management Co. Ltd.,阿尔科斯（哈尔滨）供应链管理有限公司,Arcos Harbin Supply Chain Management Co. Ltd.,entity,出口管制·军工实体(Annex IV),Export control · military end-user (Annex IV),中国,China,2025-07-20,"A.k.a: Alcos (Harbin) Supply Chain Management Co., Ltd; Al Kos (Harbin) Supply Chain Manage Co., Ltd.；Local name: 阿尔科斯（哈尔滨）供应链管理有限公司 ｜ Address(es): Nangang District, Jingkai District, Harbin, Room 106, No. 368, Changjiang Road, People's Republic of China Website: https://chbay.net/ru Email: guanxin@",阿尔科斯（哈尔滨）供应链管理有限公司,"Alcos (Harbin) Supply Chain Management Co., Ltd; Al Kos (Harbin) Supply Chain Manage Co., Ltd","Nangang District, Jingkai District, Harbin, Room 106, No. 368, Changjiang Road, People's Republic of China",,https://chbay.net/ru
碼可菠蘿科技(香港)有限公司 MKPL Technology HK Co. Ltd.,碼可菠蘿科技(香港)有限公司,MKPL Technology HK Co. Ltd.,entity,出口管制·军工实体(Annex IV),Export control · military end-user (Annex IV),中国,China,2025-07-20,"A.k.a.: Mako Pineapple Technology (Hong Kong) Limited; Maco Pineapple Technology (Hong Kong) Co., Ltd；Local name: 碼可菠蘿科技(香港)有限公司 ｜ Address(es): Rm 1302 13/F Cheong K. Building 84-86, Des Voeux Road Central Hongkong, People's Republic of China Telephone: +86 185 0160 3147 Website: https://mkplhk.com/",碼可菠蘿科技(香港)有限公司,"Mako Pineapple Technology (Hong Kong) Limited; Maco Pineapple Technology (Hong Kong) Co., Ltd","Rm 1302 13/F Cheong K. Building 84-86, Des Voeux Road Central Hongkong, People's Republic of China",,https://mkplhk.com/
TEST PARTNER LLC,,TEST PARTNER LLC,entity,出口管制·军工实体(Annex IV),Export control · military end-user (Annex IV),俄罗斯,Russia,2025-07-20,"Local name: ООО Тест Партнер ｜ Address(es): 620026, Yekaterinburg, Sverdlovskaya oblast, Belinsky street 83, office 1714, Russian Federation; 125476, Moscow, Vasily Petushkova street 8, Russian Federation Teleph",ООО Тест Партнер,,"620026, Yekaterinburg, Sverdlovskaya oblast, Belinsky street 83, office 1714, Russian Federation; 125476, Moscow, Vasily Petushkova street 8, Russian Federation Teleph",,
APGROUP-SMT Group of Companies LLC,,APGROUP-SMT Group of Companies LLC,entity,出口管制·军工实体(Annex IV),Export control · military end-user (Annex IV),俄罗斯,Russia,2025-07-20,"A.k.a.: Carbon Studio；Local name: ООО ГК АПГРУПП-СМТ ｜ Address(es): 192236, Saint Petersburg, Sofiyskaya street 8, Russian Federation Telephone: +7 812 3634377; +7 800 7072367 Email: carbon@carbonstudio.ru; info@apgroup.pro Website: ww",ООО ГК АПГРУПП-СМТ,Carbon Studio,"192236, Saint Petersburg, Sofiyskaya street 8, Russian Federation",,
芯時空電子有限公司 CHIP SPACE ELECTRONICS CO. LTD,芯時空電子有限公司,CHIP SPACE ELECTRONICS CO. LTD,entity,出口管制·军工实体(Annex IV),Export control · military end-user (Annex IV),中国香港,Hong Kong (China),2025-07-20,"Local name: 芯時空電子有限公司 ｜ Address(es): Unit No. A222, 3F, Hang Fung Industrial Building, Phase 2, No. 2G Hok Yuen Street, Hunghom, Kowloon, Hong Kong Telephone: + 852 3075 6680 Email: sales@chipspace-elec.c",芯時空電子有限公司,,"Unit No. A222, 3F, Hang Fung Industrial Building, Phase 2, No. 2G Hok Yuen Street, Hunghom, Kowloon, Hong Kong",,
Uniservice LLC,,Uniservice LLC,entity,出口管制·军工实体(Annex IV),Export control · military end-user (Annex IV),俄罗斯,Russia,2025-07-20,"Local name: ООО ЮНИСЕРВИС ｜ Address(es): 195220, St. Petersburg, Obruchevykh st. 1, lit. A, ind. 2-H, office. 150, Russian Federation Website: https://uniservicellc.ru/index.html Registration number: 78047001",ООО ЮНИСЕРВИС,,"195220, St. Petersburg, Obruchevykh st. 1, lit. A, ind. 2-H, office. 150, Russian Federation",78047001,https://uniservicellc.ru/index.html
北京鲁成伟业科技发展有限公司 Luchengtech Co Ltd,北京鲁成伟业科技发展有限公司,Luchengtech Co Ltd,entity,出口管制·军工实体(Annex IV),Export control · military end-user (Annex IV),中国,China,2025-07-20,"A.k.a.: Beijing Lucheng Weiye Technology Development Co., Ltd；Local name: 北京鲁成伟业科技发展有限公司 ｜ Address(es): Room 601, Building 1, Zhu Brothers Building, No. 5 Liye Road, Changping District, Beijing, People's Republic of China Telephone: + 86 62917956; +86 166 2020 5868 Email",北京鲁成伟业科技发展有限公司,"Beijing Lucheng Weiye Technology Development Co., Ltd","Room 601, Building 1, Zhu Brothers Building, No. 5 Liye Road, Changping District, Beijing, People's Republic of China",,
北京兴华恒成科技有限公司 Xinghua Co Ltd,北京兴华恒成科技有限公司,Xinghua Co Ltd,entity,出口管制·军工实体(Annex IV),Export control · military end-user (Annex IV),中国,China,2025-07-20,"A.k.a.: Beijing Xinghua Hengcheng Technology Co., Ltd; Beijing Xinghua Hengcheng Technology Development Co., Ltd Xinghuatech Co. Ltd; Xingtech Co., ltd; Xingtac；Local name: 北京兴华恒成科技有限公司 ｜ Address(es): Room 602, Building 1, Zhu Brothers Building, No. 5 Liye Road, Changping District, Beijing, People's",北京兴华恒成科技有限公司,"Beijing Xinghua Hengcheng Technology Co., Ltd; Beijing Xinghua Hengcheng Technology Development Co., Ltd Xinghuatech Co. Ltd; Xingtech Co., ltd; Xingtac","Room 602, Building 1, Zhu Brothers Building, No. 5 Liye Road, Changping District, Beijing, People's",,
CUVEE Importers Limited,,CUVEE Importers Limited,entity,出口管制·军工实体(Annex IV),Export control · military end-user (Annex IV),中国香港,Hong Kong (China),2025-07-20,"Address(es): Unit 1207B, 12/F, Wah Lai Industrial Centre, 10-14 Kwei Tei Street, Fotan, NT, Hong Kong Registration number: 60699645 (BRN); 1834044 (CR No.)",,,"Unit 1207B, 12/F, Wah Lai Industrial Centre, 10-14 Kwei Tei Street, Fotan, NT, Hong Kong",60699645 (BRN); 1834044 (CR No.),
Sistemotekhnika LLC,,Sistemotekhnika LLC,entity,出口管制·军工实体(Annex IV),Export control · military end-user (Annex IV),俄罗斯,Russia,2025-07-20,"A.k.a: Systemtechnik Power Solutions；Local name: ООО Системотехника ｜ Address(es): 125239, Moscow, Koptevskaya str. 73, building 1, floor 1, room 1, Russian Federation Telephone: +7 495 2550339; +7 495 1352917 Website: https://sstmk.ru; https://all-g",ООО Системотехника,Systemtechnik Power Solutions,"125239, Moscow, Koptevskaya str. 73, building 1, floor 1, room 1, Russian Federation",,
Unmanned Solutions Center Ltd.,,Unmanned Solutions Center Ltd.,entity,出口管制·军工实体(Annex IV),Export control · military end-user (Annex IV),俄罗斯,Russia,2025-07-20,"A.k.a.: USC Ltd; Complex Unmanned Solutions Center Ltd；Local name: ООО ЦЕНТР КОМПЛЕКСНЫХ БЕСПИЛОТНЫХ РЕШЕНИЙ; ООО ‘ЦКБР' ｜ Address(es): 24/1 Luch Str., 2nd floor, app. 112, Zhukovsky, Moscow Oblast, 140184, Russian Federation Website: https://cus.center/ Email: kuzyakin@gmail.com Registration number",ООО ЦЕНТР КОМПЛЕКСНЫХ БЕСПИЛОТНЫХ РЕШЕНИЙ; ООО ‘ЦКБР',USC Ltd; Complex Unmanned Solutions Center Ltd,"24/1 Luch Str., 2nd floor, app. 112, Zhukovsky, Moscow Oblast, 140184, Russian Federation",,https://cus.center/
POLIMERPROMTORG LLC,,POLIMERPROMTORG LLC,entity,出口管制·军工实体(Annex IV),Export control · military end-user (Annex IV),俄罗斯,Russia,2025-07-20,"Local name: ОБЩЕСТВО С ОГРАНИЧЕННОЙ ОТВЕТСТВЕННОСТЬЮ ‘ПОЛИМЕРПРОМТОРГ' ｜ Address(es): 420140, Republic of Tatarstan, Kazan, Yuliusa Fuchika street, D. 90 A, office 820, Russian Federation Telephone: + 7 (843) 2060242 Website: https://ppt16.ru Email: ppt",ОБЩЕСТВО С ОГРАНИЧЕННОЙ ОТВЕТСТВЕННОСТЬЮ ‘ПОЛИМЕРПРОМТОРГ',,"420140, Republic of Tatarstan, Kazan, Yuliusa Fuchika street, D. 90 A, office 820, Russian Federation",,https://ppt16.ru
BOSFORLAB DIS TICARET LTD,,BOSFORLAB DIS TICARET LTD,entity,出口管制·军工实体(Annex IV),Export control · military end-user (Annex IV),土耳其,Türkiye,2025-07-20,"A.k.a.: BOSFORLAB ｜ Address(es): İnönü Mahallesi 19 Mayıs Caddesi Serhat Apartmanı No:106 Daire: 5 ATAȘEHİR Istanbul, Republic of Türkiye Telephone: + 90 (0216) 575 33 71 Website: https://bosforlab.co",,BOSFORLAB,"İnönü Mahallesi 19 Mayıs Caddesi Serhat Apartmanı No:106 Daire: 5 ATAȘEHİR Istanbul, Republic of Türkiye",,https://bosforlab.co
BASHTRADEHOUSE IC VE DIS TICARET LTD,,BASHTRADEHOUSE IC VE DIS TICARET LTD,entity,出口管制·军工实体(Annex IV),Export control · military end-user (Annex IV),土耳其,Türkiye,2025-07-20,"Address(es): Mustafa Akyol sok. 13 MVK Business No:211 Yenișehir mah. Pendik, 34912, İstanbul, Republic of Türkiye Website: https://bashtradehouse.com/en/ Email: contact@bashtradeh",,,"Mustafa Akyol sok. 13 MVK Business No:211 Yenișehir mah. Pendik, 34912, İstanbul, Republic of Türkiye",,https://bashtradehouse.com/en/
FS DIS TICARET A. S.,,FS DIS TICARET A. S.,entity,出口管制·军工实体(Annex IV),Export control · military end-user (Annex IV),土耳其,Türkiye,2025-07-20,"A.k.a: FS Foreign Trade；Local name: FS Dıș Ticaret A.Ș ｜ Address(es): Buyaka 2 Sitesi 3 D:54, Poligon Caddesi No:8C, Fatih Sultan Mehmet Mahallesi, 34771 Ümraniye, İstanbul, Republic of Türkiye Telephone: + 90 216 504 31 55 Website: http",FS Dıș Ticaret A.Ș,FS Foreign Trade,"Buyaka 2 Sitesi 3 D:54, Poligon Caddesi No:8C, Fatih Sultan Mehmet Mahallesi, 34771 Ümraniye, İstanbul, Republic of Türkiye",,
ILMOR KIMYA VE TEKSTIL SANAYI VE TIC. LTD,,ILMOR KIMYA VE TEKSTIL SANAYI VE TIC. LTD,entity,出口管制·军工实体(Annex IV),Export control · military end-user (Annex IV),土耳其,Türkiye,2025-07-20,"Address(es): Seba office D:61, Mimar Sinan Sokak NO:21D, Ayazaga Mahallesi, 34485 Sariyer, Republic of Türkiye Telephone: +90 212 2884224 Website: https://ilmor.com.tr/ Email: ilmo",,,"Seba office D:61, Mimar Sinan Sokak NO:21D, Ayazaga Mahallesi, 34485 Sariyer, Republic of Türkiye",,https://ilmor.com.tr/
KHIMINTEKHNO LLC,,KHIMINTEKHNO LLC,entity,出口管制·军工实体(Annex IV),Export control · military end-user (Annex IV),俄罗斯,Russia,2025-07-20,"Local name: OOO ХИМИНТЕХНО ｜ Address(es): 108851, Moscow, Shcherbinka, Simferopolskoye highway, 16, Russian Federation Telephone: + 7 (499) 286-85-52 Website: http://himtechno.ru/ Email: corp@himtechno.ru Regi",OOO ХИМИНТЕХНО,,"108851, Moscow, Shcherbinka, Simferopolskoye highway, 16, Russian Federation",,http://himtechno.ru/
POLIKHIM MOSKVA LLC,,POLIKHIM MOSKVA LLC,entity,出口管制·军工实体(Annex IV),Export control · military end-user (Annex IV),俄罗斯,Russia,2025-07-20,"Local name: ООО ПОЛИХИМ МОСКВА ｜ Address(es): 17B Butlerova St., room 58/11/2, 117342, Moscow, Konkovo Municipal district, Russian Federation Website: http://polihem.ru/ Email: mail@polihem.ru Registration number:",ООО ПОЛИХИМ МОСКВА,,"17B Butlerova St., room 58/11/2, 117342, Moscow, Konkovo Municipal district, Russian Federation",,http://polihem.ru/
Atoma Ltd,,Atoma Ltd,entity,出口管制·军工实体(Annex IV),Export control · military end-user (Annex IV),俄罗斯,Russia,2025-07-20,"Local name: OOO ATOMA; ОБЩЕСТВО С ОГРАНИЧЕННОЙ ОТВЕТСТВЕННОСТЬЮ ‘АТОМА' ｜ Address(es): 198095, St Petersburg, st. Kalinina 13, room 620, 33-N Building A, Russian Federation Telephone: +7 812 4412331 Website: https://atoma.spb.ru/ Email: info@atoma.spb.ru",OOO ATOMA; ОБЩЕСТВО С ОГРАНИЧЕННОЙ ОТВЕТСТВЕННОСТЬЮ ‘АТОМА',,"198095, St Petersburg, st. Kalinina 13, room 620, 33-N Building A, Russian Federation",,https://atoma.spb.ru/
MT-SYSTEM LLC,,MT-SYSTEM LLC,entity,出口管制·军工实体(Annex IV),Export control · military end-user (Annex IV),俄罗斯,Russia,2025-07-20,"A.k.a.: LLC SYSTEM-L；Local name: МТ-СИСТЕМС; ООО СИСТЕМА-Л ｜ Address(es): 198095, St Petersburg, st. Kalinina 13, office 402, Building A, Russian Federation Telephone: + 7 (812) 325 36 85 Website: www.mt-system.ru Email: info@mt-systems.ru; ",МТ-СИСТЕМС; ООО СИСТЕМА-Л,LLC SYSTEM-L,"198095, St Petersburg, st. Kalinina 13, office 402, Building A, Russian Federation",,http://www.mt-system.ru
NPK AEROKON,,NPK AEROKON,entity,出口管制·军工实体(Annex IV),Export control · military end-user (Annex IV),俄罗斯,Russia,2025-07-20,"A.k.a.: AEROCON JSC, AEROKON LLC；Local name: ОБЩЕСТВО С ОГРАНИЧЕННОЙ ОТВЕТСТВЕННОСТЬЮ ‘АЭРОКОН' ｜ Address(es): 422700, Republic of Tatarstan, Vysokogorsky district, Chernyshevka village, Centralnaya street, 18, office 1, Russian Federation Telephone: +8 917 934 34 12 Website: h",ОБЩЕСТВО С ОГРАНИЧЕННОЙ ОТВЕТСТВЕННОСТЬЮ ‘АЭРОКОН',"AEROCON JSC, AEROKON LLC","422700, Republic of Tatarstan, Vysokogorsky district, Chernyshevka village, Centralnaya street, 18, office 1, Russian Federation",,
Prist JSC,,Prist JSC,entity,出口管制·军工实体(Annex IV),Export control · military end-user (Annex IV),俄罗斯,Russia,2025-07-20,"A.k.a.: Pribory, Service, Torgovlya；Local name: АКЦИОНЕРНОЕ ОБЩЕСТВО ‘ПРИБОРЫ, СЕРВИС, ТОРГОВЛЯ' ｜ Address(es): 111141, St. Plekhanova, 15A, Moscow, Russian Federation; St. Tshvetotchnaya, b. 18 lit. B Business-Park ‘Tshvetotchnaya 18', St. Petersburg; st. Tsvillinga, 58, office","АКЦИОНЕРНОЕ ОБЩЕСТВО ‘ПРИБОРЫ, СЕРВИС, ТОРГОВЛЯ'","Pribory, Service, Torgovlya","111141, St. Plekhanova, 15A, Moscow, Russian Federation; St. Tshvetotchnaya, b. 18 lit. B Business-Park ‘Tshvetotchnaya 18', St. Petersburg; st. Tsvillinga, 58, office",,
斯博登科技有限公司 Splendent Technologies,斯博登科技有限公司,Splendent Technologies,entity,出口管制·军工实体(Annex IV),Export control · military end-user (Annex IV),中国香港,Hong Kong (China),2025-10-24,"A.k.a.: Spoden Technology Co., Ltd；Local name: 斯博登科技有限公司 ｜ Address(es): Workshop 60, 3/F, Block A, East Sun Industrial Centre, No. 16 Shing Yip Street, Kowloon, Hong Kong; Sun Ho House, 279 Saiyeung Choi St., North Sham Shui Po Kl, Hong Ko",斯博登科技有限公司,"Spoden Technology Co., Ltd","Workshop 60, 3/F, Block A, East Sun Industrial Centre, No. 16 Shing Yip Street, Kowloon, Hong Kong; Sun Ho House, 279 Saiyeung Choi St., North Sham Shui Po Kl, Hong Ko",,
LLC Microdrive,,LLC Microdrive,entity,出口管制·军工实体(Annex IV),Export control · military end-user (Annex IV),俄罗斯,Russia,2025-10-24,"A.k.a.: MikroDraiv；Local name: ООО Микродрайв ｜ Address(es): office 26, 35 Lenin Avenue, 617001, Nytva, Nytvenski district, Perm Region, Russian Federation Telephone: +7 342 2111506 Website: www.micro-drive.ru Email: to@microdri",ООО Микродрайв,MikroDraiv,"office 26, 35 Lenin Avenue, 617001, Nytva, Nytvenski district, Perm Region, Russian Federation",,http://www.micro-drive.ru
Bridgetech LLC,,Bridgetech LLC,entity,出口管制·军工实体(Annex IV),Export control · military end-user (Annex IV),俄罗斯,Russia,2025-10-24,"Local name: Бриджтех ｜ Address(es): room 535, building 3, 32 Nizhegorodskaya St., 109029, Moscow, Russian Federation Telephone: +7 495 245 5514 Website: https://bridge-tech.ru/ Email: info@bridge-tech.ru",Бриджтех,,"room 535, building 3, 32 Nizhegorodskaya St., 109029, Moscow, Russian Federation",,https://bridge-tech.ru/
Jove HK Limited,,Jove HK Limited,entity,出口管制·军工实体(Annex IV),Export control · military end-user (Annex IV),中国香港,Hong Kong (China),2025-10-24,"Address(es): Room 606, 6/F, Hollywood Centre, 77-91 Queen's Road West, Sheung Wan, Hong Kong; 3/F Won Chung Ming Commercial House, 14-16 Wyndham Street, Central, Hong Kong; 68-70 W",,,"Room 606, 6/F, Hollywood Centre, 77-91 Queen's Road West, Sheung Wan, Hong Kong; 3/F Won Chung Ming Commercial House, 14-16 Wyndham Street, Central, Hong Kong; 68-70 W",,
企贝领通（芜湖）供应链管理有限公司 China Purchasing Group (Chbay) Lingtong International Supply Chain Management Company Limited,企贝领通（芜湖）供应链管理有限公司 China Purchasing Group,Lingtong International Supply Chain Management Company Limited,entity,出口管制·军工实体(Annex IV),Export control · military end-user (Annex IV),中国,China,2025-10-24,"A.k.a.: Qibei Lingtong (Wuhu) Supply Chain Management Co., Ltd；Local name: 企贝领通（芜湖）供应链管理有限公司 ｜ Address(es): 178 Hongqi Street, Nangang District, Harbin City, Heilongjang, People's Republic of China Telephone: 0451-82292577 Website: https://www.chbay.net/ Email: guanxin@chbay",企贝领通（芜湖）供应链管理有限公司,"Qibei Lingtong (Wuhu) Supply Chain Management Co., Ltd","178 Hongqi Street, Nangang District, Harbin City, Heilongjang, People's Republic of China",,https://www.chbay.net/
LiderTrans Global Forwarding,,LiderTrans Global Forwarding,entity,出口管制·军工实体(Annex IV),Export control · military end-user (Annex IV),俄罗斯,Russia,2025-10-24,"A.k.a.: LT Global Forwarding; Lt-GF；Local name: ООО ЛТ ГЛОБАЛ ФОРВАРДИНГ ｜ Address(es): 1059, 50 Chulman, Naberezhnye Chelny, 423831, city of Naberezhnye Chelny, Tatarstan Republic, Russian Federation; office 108, Naberezhnye Chelny city, 50 Hasana Tufana",ООО ЛТ ГЛОБАЛ ФОРВАРДИНГ,LT Global Forwarding; Lt-GF,"1059, 50 Chulman, Naberezhnye Chelny, 423831, city of Naberezhnye Chelny, Tatarstan Republic, Russian Federation; office 108, Naberezhnye Chelny city, 50 Hasana Tufana",,
"黑龙江省卡鲁布斯贸易发展有限公司 Heilongjiang Karubis Trade Development Co., Ltd",黑龙江省卡鲁布斯贸易发展有限公司,"Heilongjiang Karubis Trade Development Co., Ltd",entity,出口管制·军工实体(Annex IV),Export control · military end-user (Annex IV),中国,China,2025-10-24,"A.k.a.: Heilongjiang Kalubus Trade Development Co., Ltd; Heilongjiang Province Kalubusi Trade Development Co., Ltd；Local name: 黑龙江省卡鲁布斯贸易发展有限公司 ｜ Address(es): Room 509, Building 19, 178 Hongqi Street, Nangang Concentration Zone, Harbin High-tech Industrial Development Zone, People's Republic of Chin",黑龙江省卡鲁布斯贸易发展有限公司,"Heilongjiang Kalubus Trade Development Co., Ltd; Heilongjiang Province Kalubusi Trade Development Co., Ltd","Room 509, Building 19, 178 Hongqi Street, Nangang Concentration Zone, Harbin High-tech Industrial Development Zone, People's Republic of Chin",,
"義烏市沃態偲進出口有限公司 Yiwu Vortex Import and Export Co., Ltd",義烏市沃態偲進出口有限公司,"Yiwu Vortex Import and Export Co., Ltd",entity,出口管制·军工实体(Annex IV),Export control · military end-user (Annex IV),中国香港,Hong Kong (China),2025-10-24,"A.k.a.: Yiwu Wotai Si Import and Export Co., Ltd；Local name: 義烏市沃態偲進出口有限公司 ｜ Address(es): Unit 1503, Office 62, Level 15, Admiralty Centre Tower 1, 18 Harcourt Road, Admiralty, Hong Kong Website: https://yiwu-vortex.com/ Email: info@yiwu-vortex.com Registra",義烏市沃態偲進出口有限公司,"Yiwu Wotai Si Import and Export Co., Ltd","Unit 1503, Office 62, Level 15, Admiralty Centre Tower 1, 18 Harcourt Road, Admiralty, Hong Kong",,https://yiwu-vortex.com/
KR Prom LLC,,KR Prom LLC,entity,出口管制·军工实体(Annex IV),Export control · military end-user (Annex IV),俄罗斯,Russia,2025-10-24,"Local name: ООО КР ПРОМ ｜ Address(es): building 5, Entuziastov Highway, 111024, Moscow, Russian Federation Telephone: +7 495 7812208 Website: https://krprom.ru/ Email: info@krprom.ru; msk@krprom.ru Registra",ООО КР ПРОМ,,"building 5, Entuziastov Highway, 111024, Moscow, Russian Federation",,https://krprom.ru/
OKBM LLC,,OKBM LLC,entity,出口管制·军工实体(Annex IV),Export control · military end-user (Annex IV),俄罗斯,Russia,2025-10-24,"A.k.a.: LLC Experimental Design Bureau of Engine Building; LLC EDB; LLC Experimental Motor Design Bureau；Local name: ООО ОКБМ ｜ Address(es): Aidarovskoye rural settlement, Promyshlennaya Street, Zone 2, plot No. 4, Voronezh region, Russian Federation; 22 Voroshilova St., 394055, Voronezh, Russian Fe",ООО ОКБМ,LLC Experimental Design Bureau of Engine Building; LLC EDB; LLC Experimental Motor Design Bureau,"Aidarovskoye rural settlement, Promyshlennaya Street, Zone 2, plot No. 4, Voronezh region, Russian Federation; 22 Voroshilova St., 394055, Voronezh, Russian Fe",,
"浙江震环数控机床股份有限公司 Zhejiang Zhenhuan CNC Machine Tool Co., Ltd",浙江震环数控机床股份有限公司,"Zhejiang Zhenhuan CNC Machine Tool Co., Ltd",entity,出口管制·军工实体(Annex IV),Export control · military end-user (Annex IV),中国,China,2025-10-24,"A.k.a.: Z-Mat；Local name: 浙江震环数控机床股份有限公司; 震环机床集团 ｜ Address(es): Mechanical and Electrical Zone, Yuhuan, Taizhou Zhejiang 317699, People's Republic of China Telephone: +8657687211555; +86 576 87226292 Website: cn.zmat.com Email: inf",浙江震环数控机床股份有限公司; 震环机床集团,Z-Mat,"Mechanical and Electrical Zone, Yuhuan, Taizhou Zhejiang 317699, People's Republic of China",,http://cn.zmat.com
LLC Bitvan,,LLC Bitvan,entity,出口管制·军工实体(Annex IV),Export control · military end-user (Annex IV),俄罗斯,Russia,2025-10-24,"Local name: ООО Битван ｜ Address(es): 9/4, Troitskiy Trakt, 454053, Chelyabinsk Mekhanicheskaya St., 115V, Russian Federation Telephone: +7 351 7785260 Website: https://www.bitvan.ru/ Email: info@bitvan.ru",ООО Битван,,"9/4, Troitskiy Trakt, 454053, Chelyabinsk Mekhanicheskaya St., 115V, Russian Federation",,https://www.bitvan.ru/
康澤遠國際物流(香港)有限公司 Conti-Far Logistics Co. Ltd.,康澤遠國際物流(香港)有限公司,Conti-Far Logistics Co. Ltd.,entity,出口管制·军工实体(Annex IV),Export control · military end-user (Annex IV),中国,China,2025-10-24,"A.k.a.: Kangze Yuan International Logistics (Hong Kong) Co., Ltd；Local name: 康澤遠國際物流(香港)有限公司 ｜ Address(es): room S032, 2/F, The Capital 61-65 Chatham Road South, Tsim Sha Tsui, Kowloon, Hong Kong; room 2102, Block D, Sui Bao Yipin, No. 1058 Shangbu North Road, Futian Distric",康澤遠國際物流(香港)有限公司,"Kangze Yuan International Logistics (Hong Kong) Co., Ltd","room S032, 2/F, The Capital 61-65 Chatham Road South, Tsim Sha Tsui, Kowloon, Hong Kong; room 2102, Block D, Sui Bao Yipin, No. 1058 Shangbu North Road, Futian Distric",,
LLC Mikrosan,,LLC Mikrosan,entity,出口管制·军工实体(Annex IV),Export control · military end-user (Annex IV),俄罗斯,Russia,2025-10-24,"Local name: ООО Микросан ｜ Address(es): room 433, 54 Krasnyi Avenue, Novosibirsk, 630091, Russian Federation Telephone: +7 800 6002250; +7 383 2170531 Website: https://microsun.ru/ Email: sibmail@microsun.ru",ООО Микросан,,"room 433, 54 Krasnyi Avenue, Novosibirsk, 630091, Russian Federation",,https://microsun.ru/
LLC TR-Link,,LLC TR-Link,entity,出口管制·军工实体(Annex IV),Export control · military end-user (Annex IV),俄罗斯,Russia,2025-10-24,"A.k.a.: TP-Link LCC；Local name: ООО ТР-Линк ｜ Address(es): office 501, 27 Street Elektrozavodska, 7, 107023, Moscow, Russian Federation Telephone: +7 495 2285566 Website: www.tp-linkru.com Registration number: 7718782082",ООО ТР-Линк,TP-Link LCC,"office 501, 27 Street Elektrozavodska, 7, 107023, Moscow, Russian Federation",7718782082,http://www.tp-linkru.com
Radiofid Systems LLC,,Radiofid Systems LLC,entity,出口管制·军工实体(Annex IV),Export control · military end-user (Annex IV),俄罗斯,Russia,2025-10-24,"Local name: ООО Радиофид Системы ｜ Address(es): Room 66-N, Building 1 A, 17 shosse Vyborgskoe, St. Petersburg 194355, Russian Federation Telephone: +7 812 3181819 Website: www.radiofid.ru Email: sales@radiofid.ru Re",ООО Радиофид Системы,,"Room 66-N, Building 1 A, 17 shosse Vyborgskoe, St. Petersburg 194355, Russian Federation",,http://www.radiofid.ru
愛麗絲零部件有限公司 Alice Components Co. Ltd,愛麗絲零部件有限公司,Alice Components Co. Ltd,entity,出口管制·军工实体(Annex IV),Export control · military end-user (Annex IV),中国香港,Hong Kong (China),2025-10-24,"A.k.a.: Alice Parts Co. Ltd；Local name: 愛麗絲零部件有限公司 ｜ Address(es): Room A516, 5th Floor, Yee Fat Industrial Building, No. 35 Tai Yau Street, San Po Kong, Kowloon, Hong Kong; Flat/Room A, 20/F Kui Fu Commercial Building, 300 Lockhart R",愛麗絲零部件有限公司,Alice Parts Co. Ltd,"Room A516, 5th Floor, Yee Fat Industrial Building, No. 35 Tai Yau Street, San Po Kong, Kowloon, Hong Kong; Flat/Room A, 20/F Kui Fu Commercial Building, 300 Lockhart R",,
MicroEM AO,,MicroEM AO,entity,出口管制·军工实体(Annex IV),Export control · military end-user (Annex IV),俄罗斯,Russia,2025-10-24,"A.k.a.: AO Mikroem, JSC Microem；Local name: АО ‘МИКРОЭМ' ｜ Address(es): 124482, Moscow, Zelenograd, Savelkinsky avenue, 4, Russian Federation; 191040 St. Petersburg, Ligovskii Prospekt 50, building 11, office 39, Russian Federation; 124489",АО ‘МИКРОЭМ',"AO Mikroem, JSC Microem","124482, Moscow, Zelenograd, Savelkinsky avenue, 4, Russian Federation; 191040 St. Petersburg, Ligovskii Prospekt 50, building 11, office 39, Russian Federation; 124489",,
TsNIRTI,,TsNIRTI,entity,出口管制·军工实体(Annex IV),Export control · military end-user (Annex IV),俄罗斯,Russia,2025-10-24,A.k.a.: Central Research Radio Engineering Institute Named After Academician A I Berg; Central Scientific Research Radio Engineering Institute Berg; CNIRTI；Local name: Организация АО ‘ЦНИРТИ ИМ. АКАДЕМИКА А.И. БЕРГА' (АКЦИОНЕРНОЕ ОБЩЕСТВО ‘ЦЕНТРАЛЬНЫЙ НАУЧНО-ИССЛЕДОВАТЕЛЬСКИЙ РАДИОТЕХНИЧЕСКИЙ ИНСТИТ,Организация АО ‘ЦНИРТИ ИМ. АКАДЕМИКА А.И. БЕРГА' (АКЦИОНЕРНОЕ ОБЩЕСТВО ‘ЦЕНТРАЛЬНЫЙ НАУЧНО-ИССЛЕДОВАТЕЛЬСКИЙ РАДИОТЕХНИЧЕСКИЙ ИНСТИТ,Central Research Radio Engineering Institute Named After Academician A I Berg; Central Scientific Research Radio Engineering Institute Berg; CNIRTI,,,
Setuntel LLC,,Setuntel LLC,entity,出口管制·军工实体(Annex IV),Export control · military end-user (Annex IV),俄罗斯,Russia,2025-10-24,"A.k.a.: Foxcomm Networks; Setun Telekom；Local name: OOO СЕТУНТЕЛ (ОБЩЕСТВО С ОГРАНИЧЕННОЙ ОТВЕТСТВЕННОСТЬЮ ‘СЕТУНЬ ТЕЛЕКОМ') ｜ Address(es): 121069, Moscow, Bagrationovsky avenue 7, room 20, office 747, Russian Federation Telephone: +7(499) 677-22-95 Website: http://www.setuntel.ru Email: info@setunt",OOO СЕТУНТЕЛ (ОБЩЕСТВО С ОГРАНИЧЕННОЙ ОТВЕТСТВЕННОСТЬЮ ‘СЕТУНЬ ТЕЛЕКОМ'),Foxcomm Networks; Setun Telekom,"121069, Moscow, Bagrationovsky avenue 7, room 20, office 747, Russian Federation",,http://www.setuntel.ru
TD Simmetron Elektronnye Komponenty,,TD Simmetron Elektronnye Komponenty,entity,出口管制·军工实体(Annex IV),Export control · military end-user (Annex IV),俄罗斯,Russia,2025-10-24,"A.k.a.: TD Simmetron EK, Trading House Symmetron Electronic Components；Local name: ООО ТД СИММЕТРОН ЭК; ОБЩЕСТВО С ОГРАНИЧЕННОЙ ОТВЕТСТВЕННОСТЬЮ ‘ТОРГОВЫЙ ДОМ ""СИММЕТРОН ЭЛЕКТРОННЫЕ КОМПОНЕНТЫ""' ｜ Address(es): 125445, Moscow, Leningradskoye shosse, 69, build. 1, River City Business Park, Russian Fed","ООО ТД СИММЕТРОН ЭК; ОБЩЕСТВО С ОГРАНИЧЕННОЙ ОТВЕТСТВЕННОСТЬЮ ‘ТОРГОВЫЙ ДОМ ""СИММЕТРОН ЭЛЕКТРОННЫЕ КОМПОНЕНТЫ""'","TD Simmetron EK, Trading House Symmetron Electronic Components","125445, Moscow, Leningradskoye shosse, 69, build. 1, River City Business Park, Russian Fed",,
Vector Group LLC,,Vector Group LLC,entity,出口管制·军工实体(Annex IV),Export control · military end-user (Annex IV),俄罗斯,Russia,2025-10-24,"A.k.a.: VEKTOR GRUPP；Local name: ООО Вектор Групп ｜ Address(es): 123100, Moscow, Presnensky Municipal District, 3 Studenetsky Per. 1/7A, Russian Federation Registration number: 7703438390",ООО Вектор Групп,VEKTOR GRUPP,"123100, Moscow, Presnensky Municipal District, 3 Studenetsky Per. 1/7A, Russian Federation",7703438390,
PRIN JSC,,PRIN JSC,entity,出口管制·军工实体(Annex IV),Export control · military end-user (Annex IV),俄罗斯,Russia,2025-10-24,"Local name: АО ПРИН ｜ Address(es): 123592, Moscow, ext. Ter. Strogino Municipal District, Kulakova street, 20, building 1, Room 8/1, Russian Federation; 125080, Moscow, Volokolamskoye Highway, 4, Buildi",АО ПРИН,,"123592, Moscow, ext. Ter. Strogino Municipal District, Kulakova street, 20, building 1, Room 8/1, Russian Federation; 125080, Moscow, Volokolamskoye Highway, 4, Buildi",,
GNSS Plus LLC,,GNSS Plus LLC,entity,出口管制·军工实体(Annex IV),Export control · military end-user (Annex IV),俄罗斯,Russia,2025-10-24,"A.k.a.: NPK GNSS Plus LTD；Local name: ГНСС ПЛЮС ｜ Address(es): 121354, Moscow, Dorogobuzhskaya street 14, building 6, Russian Federation; 123298, Moscow, Shchukino municipal district, Narodnogo Opolcheniya Street, 38, building 1, ",ГНСС ПЛЮС,NPK GNSS Plus LTD,"121354, Moscow, Dorogobuzhskaya street 14, building 6, Russian Federation; 123298, Moscow, Shchukino municipal district, Narodnogo Opolcheniya Street, 38, building 1",,
KMT LLC,,KMT LLC,entity,出口管制·军工实体(Annex IV),Export control · military end-user (Annex IV),俄罗斯,Russia,2025-10-24,"Local name: ООО КМТ (ОБЩЕСТВО С ОГРАНИЧЕННОЙ ОТВЕТСТВЕННОСТЬЮ ‘КМТ') ｜ Address: 107023, Moscow, Sokolinaya Gora municipal district, Bolshaya Semyonovskaya Street. 40, building 13, room 203, Russian Federation Telephone: +7 (495) 137-55-56 Website: htt",ООО КМТ (ОБЩЕСТВО С ОГРАНИЧЕННОЙ ОТВЕТСТВЕННОСТЬЮ ‘КМТ'),,"107023, Moscow, Sokolinaya Gora municipal district, Bolshaya Semyonovskaya Street. 40, building 13, room 203, Russian Federation",,
LLC Mashimport,,LLC Mashimport,entity,出口管制·军工实体(Annex IV),Export control · military end-user (Annex IV),俄罗斯,Russia,2025-10-24,"Local name: ООО МАШИМПОРТ ｜ Address: room 403, Building. 13, 40 Bolshaya Semnovskaya street, 107023, Moscow, Russian Federation Telephone: +74956633393 Website: https://mash-import.com/ E-mail: info@mash-impo",ООО МАШИМПОРТ,,"room 403, Building. 13, 40 Bolshaya Semnovskaya street, 107023, Moscow, Russian Federation",,https://mash-import.com/
Aerotrust Aviation Private Limited,,Aerotrust Aviation Private Limited,entity,出口管制·军工实体(Annex IV),Export control · military end-user (Annex IV),印度,India,2025-10-24,"Address(es): Shop No 104, Ground Floor, Amberhai Village, Sector - 19, Dwarka, New Delhi, 110075 Delhi, India; Unit No. 301, Third Floor, Plot No.8, Krishna Tower, Section 12, N.S.",,,"Shop No 104, Ground Floor, Amberhai Village, Sector - 19, Dwarka, New Delhi, 110075 Delhi, India; Unit No. 301, Third Floor, Plot No.8, Krishna Tower, Section 12, N.S",,
Ascend Aviation India Private Limited,,Ascend Aviation India Private Limited,entity,出口管制·军工实体(Annex IV),Export control · military end-user (Annex IV),印度,India,2025-10-24,"Address(es): No. 334, Ground Floor, near Gurudwara, Village Shahbad Mohdpur, 11061 Delhi, India; Khasra No.606, Dalal Complex, Rangpuri, Mahipalpur, New Delhi, 110037, India Teleph",,,"No. 334, Ground Floor, near Gurudwara, Village Shahbad Mohdpur, 11061 Delhi, India; Khasra No.606, Dalal Complex, Rangpuri, Mahipalpur, New Delhi, 110037, India Teleph",,
Shree Enterprises,,Shree Enterprises,entity,出口管制·军工实体(Annex IV),Export control · military end-user (Annex IV),印度,India,2025-10-24,"Address(es): House NO 6B, Kh. No. 334, 4th Floor, Shahabad Mohammadpur Village New Delhi, South West Delhi, Delhi, 110061, India Telephone: +91-7011993953 Website: https://www.shre",,,"House NO 6B, Kh. No. 334, 4th Floor, Shahabad Mohammadpur Village New Delhi, South West Delhi, Delhi, 110061, India",,https://www.shre
EuroIndustry LLC,,EuroIndustry LLC,entity,出口管制·军工实体(Annex IV),Export control · military end-user (Annex IV),俄罗斯,Russia,2025-10-24,"A.k.a.: Euroindustria LLC；Local name: ООО ‘ЕвроИндустрия' ｜ Address(es): Office 16P, Lit. B, House 25 N, Mokhovaya Street 31, 191028, St. Petersburg, Russian Federation Phone: +7 8122707515 Email: info@ei.spb.ru Website: https://ei.spb.ru R",ООО ‘ЕвроИндустрия',Euroindustria LLC,"Office 16P, Lit. B, House 25 N, Mokhovaya Street 31, 191028, St. Petersburg, Russian Federation Phone: +7 8122707515",,
香港德容电子科技有限公司 Hong Kong Park On Electronics Technology,香港德容电子科技有限公司,Hong Kong Park On Electronics Technology,entity,出口管制·军工实体(Annex IV),Export control · military end-user (Annex IV),中国香港,Hong Kong (China),2025-10-24,"Local name: 香港德容电子科技有限公司 ｜ Address(es): Workshop 57, 3 rd Floor, Block A, East Sun Industrial Centre, No.16 Shing Yi Street, Kowloon, Hong Kong Registration number: 53594054 (BRN); 1550569 (CRN)",香港德容电子科技有限公司,,"Workshop 57, 3 rd Floor, Block A, East Sun Industrial Centre, No.16 Shing Yi Street, Kowloon, Hong Kong",53594054 (BRN); 1550569 (CRN),
TECGR CO. ltd,,TECGR CO. ltd,entity,出口管制·军工实体(Annex IV),Export control · military end-user (Annex IV),泰国,Thailand,2025-10-24,"Local name: บริษัท ทีอีซีจีอาร์ จำกัด ｜ Address(es): 305 Rama2, Soi 38 Bangmod, Jomthong, 10150, Bangkok, Thailand Website: www.tecgr.net Email: tecgrcoltd@gmail.com Registration number: 0105565079224",บริษัท ทีอีซีจีอาร์ จำกัด,,"305 Rama2, Soi 38 Bangmod, Jomthong, 10150, Bangkok, Thailand",0105565079224,http://www.tecgr.net
JSC Krasnoarmeysk Scientific Research Institute of Mechanization,,JSC Krasnoarmeysk Scientific Research Institute of Mechanization,entity,出口管制·军工实体(Annex IV),Export control · military end-user (Annex IV),俄罗斯,Russia,2025-10-24,"A.k.a.: JSC KNIIM；Local name: АО КНИИМ ｜ Address(es): 8 Ispytateley Avenue, Krasnoarmeysk, 141292, Moscow, Russian Federation Telephones: +7 (496) 523-57-66; +7 (496) 523-53-71 Email: info@kniim.ru Website: www.kniim.ru R",АО КНИИМ,JSC KNIIM,"8 Ispytateley Avenue, Krasnoarmeysk, 141292, Moscow, Russian Federation Telephones: +7 (496) 523-57-66; +7 (496) 523-53-71",,
Transit LLC,,Transit LLC,entity,出口管制·军工实体(Annex IV),Export control · military end-user (Annex IV),俄罗斯,Russia,2025-10-24,"Local name: ООО Транзит ｜ Address: 36 Nekrasovskaya, Lit. B, 690014, Vladivostok, Russian Federation; 40 Krygina Str., Primorsky Krai, 690065, Vladivostok, Russian Federation Phone: +7 423 279 5739 Email: i",ООО Транзит,,"36 Nekrasovskaya, Lit. B, 690014, Vladivostok, Russian Federation; 40 Krygina Str., Primorsky Krai, 690065, Vladivostok, Russian Federation Phone: +7 423 279 5739",,
Soguzo Co. Ltd,,Soguzo Co. Ltd,entity,出口管制·军工实体(Annex IV),Export control · military end-user (Annex IV),泰国,Thailand,2025-10-24,"Local name: บริษัท โซกุโซ่ จำกัด ｜ Address(es): No 305 Ramą 2 Alley, 38 Alley, Bang Mot Sub-district, Chom Thong District, 10150 Bangkok, Thailand Website: soguzo.com Email: info@soguzo.com Registration number: 0105",บริษัท โซกุโซ่ จำกัด,,"No 305 Ramą 2 Alley, 38 Alley, Bang Mot Sub-district, Chom Thong District, 10150 Bangkok, Thailand",0105,http://soguzo.com
"苏州亿可达智能科技有限公司 Suzhou Ecod Precision Manufacturing Co., Ltd",苏州亿可达智能科技有限公司,"Suzhou Ecod Precision Manufacturing Co., Ltd",entity,出口管制·军工实体(Annex IV),Export control · military end-user (Annex IV),中国,China,2025-10-24,"A.k.a.: Suzhou Yikeda Intelligent Technology Co., Ltd; Suzhou Yida Intelligent Technology；Local name: 苏州亿可达智能科技有限公司 ｜ Address(es): Room 455, Building 2, No. 199-1, East Huayuan Road, Mudu Town, Wuzhong District, Suzhou, Jiangsu, People's Republic of China; Room 8219, Building 3, No. 151 Huashan Ro",苏州亿可达智能科技有限公司,"Suzhou Yikeda Intelligent Technology Co., Ltd; Suzhou Yida Intelligent Technology","Room 455, Building 2, No. 199-1, East Huayuan Road, Mudu Town, Wuzhong District, Suzhou, Jiangsu, People's Republic of China; Room 8219, Building 3, No. 151 Huashan Ro",,
LLC Morgan,,LLC Morgan,entity,出口管制·军工实体(Annex IV),Export control · military end-user (Annex IV),俄罗斯,Russia,2025-10-24,"Local name: ООО Морган ｜ Address(es): Room 42, ter. Oez Alabuga, 4A Str. Sh-2, m. district Yelabuzhsky, Yelabuga, 423601, Republic of Tatarstan, Russian Federation Registration number: 1674009033",ООО Морган,,"Room 42, ter. Oez Alabuga, 4A Str. Sh-2, m. district Yelabuzhsky, Yelabuga, 423601, Republic of Tatarstan, Russian Federation",1674009033,
山东新壹路国际贸易有限责任公司 Shandong Xinyilu International Trade Co,山东新壹路国际贸易有限责任公司,Shandong Xinyilu International Trade Co,entity,出口管制·军工实体(Annex IV),Export control · military end-user (Annex IV),中国,China,2025-10-24,"A.k.a.: Shandong Xinyi Road International Trade Co., Ltd；Local name: 山东新壹路国际贸易有限责任公司 ｜ Address(es): Room 506, Building 6, Xinyuanxin Center, No. 3 Huaxin Road, 250100, Jinan, People's Republic of China Registration number: 91370112MA3RNKQ371",山东新壹路国际贸易有限责任公司,"Shandong Xinyi Road International Trade Co., Ltd","Room 506, Building 6, Xinyuanxin Center, No. 3 Huaxin Road, 250100, Jinan, People's Republic of China",91370112MA3RNKQ371,
Sollers Alabuga LLC,,Sollers Alabuga LLC,entity,出口管制·军工实体(Annex IV),Export control · military end-user (Annex IV),俄罗斯,Russia,2025-10-24,"Local name: ООО Соллерс Алабуга ｜ Address(es): Office 319, Building 1/6, Sh-2 Street (Alabuga Special Economic Zone territory), Yelabuga City, Yelabuga Municipal District, Republic of Tatarstan, 423601, Russian Fed",ООО Соллерс Алабуга,,"Office 319, Building 1/6, Sh-2 Street (Alabuga Special Economic Zone territory), Yelabuga City, Yelabuga Municipal District, Republic of Tatarstan, 423601, Russian Fed",,
Sollers Cargo LLC,,Sollers Cargo LLC,entity,出口管制·军工实体(Annex IV),Export control · military end-user (Annex IV),俄罗斯,Russia,2025-10-24,"Local name: ООО Соллерс Карго ｜ Address(es): Room 15, Building 9e, Moskovskoye Highway, Ulyanovsk, Ulyanovsk Region, 432045, Russian Federation Telephone: +8 800 600 83 22 Website: https://sollers-cargo.ru/ Regis",ООО Соллерс Карго,,"Room 15, Building 9e, Moskovskoye Highway, Ulyanovsk, Ulyanovsk Region, 432045, Russian Federation",,https://sollers-cargo.ru/ Regis
PJSC Sollers,,PJSC Sollers,entity,出口管制·军工实体(Annex IV),Export control · military end-user (Annex IV),俄罗斯,Russia,2025-10-24,"A.k.a.: Publichnoe Aktsionernoe Obschestvo Sollers；Local name: ПАО Соллерс ｜ Address(es): 10 Testovskaya Street, Northern Tower, Moscow International Business Centre, 123317 Moscow, Russian Federation Telephone: +7 495 787 31 75; +7 495 228 3045 Website: ww",ПАО Соллерс,Publichnoe Aktsionernoe Obschestvo Sollers,"10 Testovskaya Street, Northern Tower, Moscow International Business Centre, 123317 Moscow, Russian Federation",,
LLC Trading House Vector,,LLC Trading House Vector,entity,出口管制·军工实体(Annex IV),Export control · military end-user (Annex IV),俄罗斯,Russia,2025-10-24,"Local name: ОБЩЕСТВО С ОГРАНИЧЕННОЙ ОТВЕТСТВЕННОСТЬЮ ‘ТОРГОВЫЙ ДОМ ""ВЕКТОР""' ｜ Address(es): apt. 10, 2A Rossiyskaya street, 664025, Irkutsk, Russian Federation Registration number: 3808184570","ОБЩЕСТВО С ОГРАНИЧЕННОЙ ОТВЕТСТВЕННОСТЬЮ ‘ТОРГОВЫЙ ДОМ ""ВЕКТОР""'",,"apt. 10, 2A Rossiyskaya street, 664025, Irkutsk, Russian Federation",3808184570,
Sequoia JSC,,Sequoia JSC,entity,出口管制·军工实体(Annex IV),Export control · military end-user (Annex IV),俄罗斯,Russia,2025-10-24,"Local name: АКЦИОНЕРНОЕ ОБЩЕСТВО ‘СЕКВОЙЯ' ｜ Address(es): Room 1101, floor 3, workplace 5, Building 1, 42 Boulevard Bolshoy, Municipal District Mozhaisky, 121205, Moscow, Russian Federation Registration number: 9703014733",АКЦИОНЕРНОЕ ОБЩЕСТВО ‘СЕКВОЙЯ',,"Room 1101, floor 3, workplace 5, Building 1, 42 Boulevard Bolshoy, Municipal District Mozhaisky, 121205, Moscow, Russian Federation",9703014733,
义乌市渡娘贸易商行 Yiwu City Duniang Trading Co.,义乌市渡娘贸易商行,Yiwu City Duniang Trading Co.,entity,出口管制·军工实体(Annex IV),Export control · military end-user (Annex IV),中国,China,2025-10-24,"A.k.a.: Yiwu Du Niang Trading Company；Local name: 义乌市渡娘贸易商行 ｜ Address(es): Office 401, Building 76, Zone One Zongtang, Dongzheng Street, Yiwu Town, Zhejiang Province, People's Republic of China; Room 301, Unit 1, Building 38, Jiang Dong Xin C",义乌市渡娘贸易商行,Yiwu Du Niang Trading Company,"Office 401, Building 76, Zone One Zongtang, Dongzheng Street, Yiwu Town, Zhejiang Province, People's Republic of China; Room 301, Unit 1, Building 38, Jiang Dong Xin C",,
Unikom LLC,,Unikom LLC,entity,出口管制·军工实体(Annex IV),Export control · military end-user (Annex IV),俄罗斯,Russia,2025-10-24,"Local name: ООО Уником ｜ Address(es): Office 516, Room 21N, Lett. A, 9 Lipovaya Alley, 197183, St. Petersburg, Russian Federation Registration number: 7814813801",ООО Уником,,"Office 516, Room 21N, Lett. A, 9 Lipovaya Alley, 197183, St. Petersburg, Russian Federation",7814813801,
Epic Shipping & Shipbuilding JSC,,Epic Shipping & Shipbuilding JSC,entity,出口管制·军工实体(Annex IV),Export control · military end-user (Annex IV),土耳其,Türkiye,2026-04-24,"Local name: EPIC Denizcilik ve Gemi Insaat A.S. ｜ Address: Room 15, Floor 2, Lantana Plaza, Zinnur Str. 3, İçmeler, 34947 Tuzla, İstanbul, Republic of Türkiye Telephone: 0216 4461686 Websites: https://www.epicdeniz.com/; https://e",EPIC Denizcilik ve Gemi Insaat A.S,,"Room 15, Floor 2, Lantana Plaza, Zinnur Str. 3, İçmeler, 34947 Tuzla, İstanbul, Republic of Türkiye",,
CJSC Perspective Technologies Agency,,CJSC Perspective Technologies Agency,entity,出口管制·军工实体(Annex IV),Export control · military end-user (Annex IV),俄罗斯,Russia,2026-04-24,"a.k.a.: JSC UPT; Aktsionernoe obshchestvo upravlenie perspektivnykh tekhnologii; Management of Prospective Technologies；Local name: АО УПТ (АКЦИОНЕРНОЕ ОБЩЕСТВО ‘УПРАВЛЕНИЕ ПЕРСПЕКТИВНЫХ ТЕХНОЛОГИЙ') ｜ Address: Building 2, Samokatnaya Street 1, 111033 Moscow, Russian Federation Telephone: +7 499 323",АО УПТ (АКЦИОНЕРНОЕ ОБЩЕСТВО ‘УПРАВЛЕНИЕ ПЕРСПЕКТИВНЫХ ТЕХНОЛОГИЙ'),JSC UPT; Aktsionernoe obshchestvo upravlenie perspektivnykh tekhnologii; Management of Prospective Technologies,"Building 2, Samokatnaya Street 1, 111033 Moscow, Russian Federation",,
LLC Mossklad,,LLC Mossklad,entity,出口管制·军工实体(Annex IV),Export control · military end-user (Annex IV),俄罗斯,Russia,2026-04-24,"Local name: ООО Моссклад ｜ Address: Office 3107, Kronstadstky Boulevard 35B, 125499 Moscow, Russian Federation Telephone: +7 495 150 85 87 Website: https://mossklad.ru Email: info@mossklad.ru Registration nu",ООО Моссклад,,"Office 3107, Kronstadstky Boulevard 35B, 125499 Moscow, Russian Federation",,https://mossklad.ru
LLC Stanki Optom,,LLC Stanki Optom,entity,出口管制·军工实体(Annex IV),Export control · military end-user (Annex IV),俄罗斯,Russia,2026-04-24,"a.k.a.: Stanki LLC；Local name: ООО Станки Оптом ｜ Address: Kronstadstky Boulevard 35B, 125499 Moscow, Russian Federation Website: https://stankiopt.ru Email: info@stankiopt.ru Registration number: 7743850924 (INN)",ООО Станки Оптом,Stanki LLC,"Kronstadstky Boulevard 35B, 125499 Moscow, Russian Federation",7743850924 (INN),https://stankiopt.ru
LLC Promoil,,LLC Promoil,entity,出口管制·军工实体(Annex IV),Export control · military end-user (Annex IV),俄罗斯,Russia,2026-04-24,"a.k.a.: LLC Promol；Local name: ООО Промойл ｜ Address(es): 9 Khokhryakova Street, 614068 Perm, Perm Region, Russian Federation Room 7, 115B Promyshlennaya Street, Perm, Perm Region, 614065, Russian Federation Telephone: +7 342",ООО Промойл,LLC Promol,"9 Khokhryakova Street, 614068 Perm, Perm Region, Russian Federation Room 7, 115B Promyshlennaya Street, Perm, Perm Region, 614065, Russian Federation",,
LLC TPF Promoil,,LLC TPF Promoil,entity,出口管制·军工实体(Annex IV),Export control · military end-user (Annex IV),俄罗斯,Russia,2026-04-24,"a.k.a.: Torgovo-Proizvodstvennaya Firma Promoil；Local name: ООО ТПФ Промойл ｜ Address: Room 8, 115B Promyshlennaya Street, Perm City, Perm Region, 614055, Russian Federation Telephone: +7 342 2181440 Registration number: 5903060560 (INN)",ООО ТПФ Промойл,Torgovo-Proizvodstvennaya Firma Promoil,"Room 8, 115B Promyshlennaya Street, Perm City, Perm Region, 614055, Russian Federation",5903060560 (INN),
LLC Legion Komplekt,,LLC Legion Komplekt,entity,出口管制·军工实体(Annex IV),Export control · military end-user (Annex IV),俄罗斯,Russia,2026-04-24,"a.k.a.: LLC Leko；Local name: ООО ЛЕГИОН КОМПЛЕКТ ｜ Address: 17 Vavilova Str., 117312 Moscow, Russian Federation Telephone: +7 499 391 22 27 Website: https://legion-komplekt.ru/ Email: sales@legion-komplekt.ru Registration number: 7",ООО ЛЕГИОН КОМПЛЕКТ,LLC Leko,"17 Vavilova Str., 117312 Moscow, Russian Federation",7,https://legion-komplekt.ru/
O G Services FZE LLC,,O G Services FZE LLC,entity,出口管制·军工实体(Annex IV),Export control · military end-user (Annex IV),阿联酋,United Arab Emirates,2026-04-24,"Local name: او.جي. سيرفيسيز م.م.ح/ذ.م.م ｜ Address: A-29-01-02-06, Flamingo Villas, Ajman, United Arab Emirates Telephone: +971526810027; +971526810027 Website: https://ogservicesfz.com/ Email: sunnysolutions2020@gmail.com ",او.جي. سيرفيسيز م.م.ح/ذ.م.م,,"A-29-01-02-06, Flamingo Villas, Ajman, United Arab Emirates",,https://ogservicesfz.com/
Al Baraka Group for Investment and Trading LLC FZ,,Al Baraka Group for Investment and Trading LLC FZ,entity,出口管制·军工实体(Annex IV),Export control · military end-user (Annex IV),阿联酋,United Arab Emirates,2026-04-24,"Address: Business Center 1, M Floor, The Meydan Hotel, Nad Al Sheba, Dubai, United Arab Emirates Telephone: 971-503-394677 Website: https://albaraka-trade.com/ Email: contact@albar",,,"Business Center 1, M Floor, The Meydan Hotel, Nad Al Sheba, Dubai, United Arab Emirates",,https://albaraka-trade.com/
江西新拓实业有限公司 Jiangxi Xintuo Enterprise,江西新拓实业有限公司,Jiangxi Xintuo Enterprise,entity,出口管制·军工实体(Annex IV),Export control · military end-user (Annex IV),中国,China,2026-04-24,"a.k.a.: Jiangxi Xintuo Industrial Co. Ltd.; T-Motor；Local name: 江西新拓实业有限公司 ｜ Address: 24th floor, Building B, 3399 Ziyang Avenue, 330096 Nanchang, Jiangxi Province, People's Republic of China Registration number: 91360106343241017B (USCC)",江西新拓实业有限公司,Jiangxi Xintuo Industrial Co. Ltd.; T-Motor,"24th floor, Building B, 3399 Ziyang Avenue, 330096 Nanchang, Jiangxi Province, People's Republic of China",91360106343241017B (USCC),
东莞碧浓科技有限公司 KingMax Hobby Co. Ltd.,东莞碧浓科技有限公司,KingMax Hobby Co. Ltd.,entity,出口管制·军工实体(Annex IV),Export control · military end-user (Annex IV),中国,China,2026-04-24,"a.k.a.: KingMax High Performance Servos; Dongguan Binong Technology Co. Ltd.; Dongguan Binong Aviation Paishe Technology Co. Ltd.; Guangdong Beyond Aviation Photography Technology Co. Ltd；Local name: 东莞碧浓科技有限公司 ｜ Address(es): Room 703, 10th Building, No. 6 DuiTangHualing 1st Road, Chashan Town, Dong",东莞碧浓科技有限公司,KingMax High Performance Servos; Dongguan Binong Technology Co. Ltd.; Dongguan Binong Aviation Paishe Technology Co. Ltd.; Guangdong Beyond Aviation Photography Technology Co. Ltd,"Room 703, 10th Building, No. 6 DuiTangHualing 1st Road, Chashan Town, Dong",,
LLC Altrabeta,,LLC Altrabeta,entity,出口管制·军工实体(Annex IV),Export control · military end-user (Annex IV),俄罗斯,Russia,2026-04-24,"Local name: ООО Альтрабета ｜ Address(es): Room 3-4, Building A, Block 5, 13 Promyshlennaya Str., 198095 Saint Petersburg, Russian Federation; Per. 1-I Verkhnii d. 6, lit. A, office 211, 194292 Saint Petersburg",ООО Альтрабета,,"Room 3-4, Building A, Block 5, 13 Promyshlennaya Str., 198095 Saint Petersburg, Russian Federation; Per. 1-I Verkhnii d. 6, lit. A, office 211, 194292 Saint Petersburg",,
沃融電子有限公司 Woeroon Electronic Sourcing Ltd.,沃融電子有限公司,Woeroon Electronic Sourcing Ltd.,entity,出口管制·军工实体(Annex IV),Export control · military end-user (Annex IV),中国,China,2026-04-24,"a.k.a.: Wo Rong Electronics Co. Ltd.; Woeroon Electronic Resource Ltd.；Local name: 沃融電子有限公司 ｜ Address(es): Workshop A27 24/F, Regent's Park Prince Industrial Bldg, No. 706 Prince Edward Rd East Kowloon, Hong Kong; Flat 7A, 3/F, Winsum Industrial Bldg 588-592 Castle Peal Roa",沃融電子有限公司,Wo Rong Electronics Co. Ltd.; Woeroon Electronic Resource Ltd,"Workshop A27 24/F, Regent's Park Prince Industrial Bldg, No. 706 Prince Edward Rd East Kowloon, Hong Kong; Flat 7A, 3/F, Winsum Industrial Bldg 588-592 Castle Peal Roa",,
香港科源世紀發展有限公司 CoYuan Century Development Co. Ltd.,香港科源世紀發展有限公司,CoYuan Century Development Co. Ltd.,entity,出口管制·军工实体(Annex IV),Export control · military end-user (Annex IV),中国香港,Hong Kong (China),2026-04-24,"a.k.a.: Hong Kong Keyuan Century Development Co. Ltd.；Local name: 香港科源世紀發展有限公司 ｜ Address(es): Room 701, Unit 108, 7/f, Tower b, New Mandarin Plaza, 14 Science Museum Road, Tsim Sha Tsui, Kowloon, Hong Kong; Shop 185 G/F, 11111 Tuen Mun, Hang, Hong Kong Registra",香港科源世紀發展有限公司,Hong Kong Keyuan Century Development Co. Ltd,"Room 701, Unit 108, 7/f, Tower b, New Mandarin Plaza, 14 Science Museum Road, Tsim Sha Tsui, Kowloon, Hong Kong; Shop 185 G/F, 11111 Tuen Mun, Hang, Hong Kong Registra",,
深圳友邦仕达货运代理有限公司 Shenzhen Youbang Shida Freight Forwarding Co. Ltd.,深圳友邦仕达货运代理有限公司,Shenzhen Youbang Shida Freight Forwarding Co. Ltd.,entity,出口管制·军工实体(Annex IV),Export control · military end-user (Annex IV),中国,China,2026-04-24,"a.k.a.: Shen Zhen You Bang Shi Da Freight Forwarding Co. Ltd.; Shenzhen Youbang Star Freight Forwarding Co. Ltd.; Amigo Cargo Services Ltd.；Local name: 深圳友邦仕达货运代理有限公司 ｜ Address: Office 711, Building 4, Tongtai Times Centre, Fuhai Str., 518100 Shenzhen, Guangdong Province, People's Republic of China ",深圳友邦仕达货运代理有限公司,Shen Zhen You Bang Shi Da Freight Forwarding Co. Ltd.; Shenzhen Youbang Star Freight Forwarding Co. Ltd.; Amigo Cargo Services Ltd,"Office 711, Building 4, Tongtai Times Centre, Fuhai Str., 518100 Shenzhen, Guangdong Province, People's Republic of China",,
北京天美创科技有限公司 Beijing Timingtron Corporation,北京天美创科技有限公司,Beijing Timingtron Corporation,entity,出口管制·军工实体(Annex IV),Export control · military end-user (Annex IV),中国,China,2026-04-24,"a.k.a.: Beijing Tianmei Technology Co. Ltd.; Beijing Tianmei Chuang Technology Co. Ltd.；Local name: 北京天美创科技有限公司 ｜ Address: Room 211, 2nd Floor, Building 1, Shuangyuan Road 9, 100040 Beijing, People's Republic of China Phone: +86 15910710610 Website: www.timingtron.com Email: 335807548@qq.com R",北京天美创科技有限公司,Beijing Tianmei Technology Co. Ltd.; Beijing Tianmei Chuang Technology Co. Ltd,"Room 211, 2nd Floor, Building 1, Shuangyuan Road 9, 100040 Beijing, People's Republic of China Phone: +86 15910710610",,http://www.timingtron.com
深圳市世联国际货运代理有限公司 Global Link Logistics,深圳市世联国际货运代理有限公司,Global Link Logistics,entity,出口管制·军工实体(Annex IV),Export control · military end-user (Annex IV),中国,China,2026-04-24,"Local name: 深圳市世联国际货运代理有限公司 ｜ Address: Unit 33D, Block B, Honglong Century Plaza, Heping Road, Luohu District, 518021 Shenzhen, Guangdong Province, People's Republic of China Phone: +86 0755 82147503; +86 755 8",深圳市世联国际货运代理有限公司,,"Unit 33D, Block B, Honglong Century Plaza, Heping Road, Luohu District, 518021 Shenzhen, Guangdong Province, People's Republic of China Phone: +86 0755 82147503; +86 755 8",,
LLC Eltech Components,,LLC Eltech Components,entity,出口管制·军工实体(Annex IV),Export control · military end-user (Annex IV),俄罗斯,Russia,2026-04-24,"Local name: ООО Элтех Компонент ｜ Address: Pl Konstitutsii 3, B-TS Piramida, 196247 Saint Petersburg, Russian Federation Telephone: +7 812 3279090 Website: www.eltech.spb.ru Email: info@eltech.spb.ru Registration n",ООО Элтех Компонент,,"Pl Konstitutsii 3, B-TS Piramida, 196247 Saint Petersburg, Russian Federation",,http://www.eltech.spb.ru
Izhevsk Raviozavod OAO,,Izhevsk Raviozavod OAO,entity,出口管制·军工实体(Annex IV),Export control · military end-user (Annex IV),俄罗斯,Russia,2026-04-24,"a.k.a.: Izhevsk Radioplant; IRZ OAO；Local name: ИЖЕВСКИЙ РАДИОЗАВОД; АО ИРЗ ｜ Address: 19 Bazisnaya St., 426034 Izhevsk, Udmurt Republic, Russian Federation Phone: +7 3412 501501; +7 341 2500404 Website: https://www.irz.ru Email: disp@irz.ru Registration num",ИЖЕВСКИЙ РАДИОЗАВОД; АО ИРЗ,Izhevsk Radioplant; IRZ OAO,"19 Bazisnaya St., 426034 Izhevsk, Udmurt Republic, Russian Federation Phone: +7 3412 501501; +7 341 2500404",,https://www.irz.ru
IRZ Tek,,IRZ Tek,entity,出口管制·军工实体(Annex IV),Export control · military end-user (Annex IV),俄罗斯,Russia,2026-04-24,"Local name: ООО Ирз ТЭК ｜ Address: 19 Bazisnaya St., 426034 Izhevsk, Udmurt Republic, Russian Federation Phone: +7 3412 501501 Website: https://oil.irz.ru/ Email: tek@irz.ru Registration number: 1833033690 ",ООО Ирз ТЭК,,"19 Bazisnaya St., 426034 Izhevsk, Udmurt Republic, Russian Federation Phone: +7 3412 501501",1833033690,https://oil.irz.ru/
Radiozavod Zao,,Radiozavod Zao,entity,出口管制·军工实体(Annex IV),Export control · military end-user (Annex IV),俄罗斯,Russia,2026-04-24,"a.k.a.: JSC Paket; JSC Package；Local name: АО Пакет ｜ Address: 19 Bazisnaya St., 426034 Izhevsk, Udmurt Republic, Russian Federation Phone: +7 912 8700638 Website: http://zao-paket.ru Registration number: 1833010911 (INN)",АО Пакет,JSC Paket; JSC Package,"19 Bazisnaya St., 426034 Izhevsk, Udmurt Republic, Russian Federation Phone: +7 912 8700638",1833010911 (INN),http://zao-paket.ru
Izhevskii Radiozavod,,Izhevskii Radiozavod,entity,出口管制·军工实体(Annex IV),Export control · military end-user (Annex IV),俄罗斯,Russia,2026-04-24,"a.k.a.: Izhevskiy Radiozavod; LLC Izhevsk Radio Plant; Branch of the LLC Izhevsk Radio Plant in Moscow KB Robotics；Local name: ООО ИРЗ ｜ Address: 19 Bazisnaya St., 426034 Izhevsk, Udmurt Republic, Russian Federation Phone: +7 3412 487824 Website: https://www.irz.ru Email: disp@irz.ru Registration nu",ООО ИРЗ,Izhevskiy Radiozavod; LLC Izhevsk Radio Plant; Branch of the LLC Izhevsk Radio Plant in Moscow KB Robotics,"19 Bazisnaya St., 426034 Izhevsk, Udmurt Republic, Russian Federation Phone: +7 3412 487824",,https://www.irz.ru
超達科技有限公司 Finder Technology Ltd.,超達科技有限公司,Finder Technology Ltd.,entity,出口管制·军工实体(Annex IV),Export control · military end-user (Annex IV),中国香港,Hong Kong (China),2026-04-24,"Local name: 超達科技有限公司 ｜ Address(es): Camel Paint Building Block 3, 60 Hoi Yuen Rd, Kwun Tong, Hong Kong; Unit A, 7/F, Yeung Yiu Chung, No. 7 Industrial Building, 2 Fung Yip Street, Chai Wan, Hong Kong Tel",超達科技有限公司,,"Camel Paint Building Block 3, 60 Hoi Yuen Rd, Kwun Tong, Hong Kong; Unit A, 7/F, Yeung Yiu Chung, No. 7 Industrial Building, 2 Fung Yip Street, Chai Wan, Hong Kong Tel",,
内蒙古亚欧国际物流有限责任公司 Inner Mongolia Asia Europe International Logistics Limited Co.,内蒙古亚欧国际物流有限责任公司,Inner Mongolia Asia Europe International Logistics Limited Co.,entity,出口管制·军工实体(Annex IV),Export control · military end-user (Annex IV),中国,China,2026-04-24,"Local name: 内蒙古亚欧国际物流有限责任公司 ｜ Address: 9th Floor, Building E, Central Business Plaza, 012000 Ulaanchabu City, Inner Mongolia Autonomous Region, People's Republic of China Telephone: +86 13500641757 Registration",内蒙古亚欧国际物流有限责任公司,,"9th Floor, Building E, Central Business Plaza, 012000 Ulaanchabu City, Inner Mongolia Autonomous Region, People's Republic of China",,
上海威洱斯泰电子贸易有限公司 Shanghai Welltech Electronic Trading Co. Ltd.,上海威洱斯泰电子贸易有限公司,Shanghai Welltech Electronic Trading Co. Ltd.,entity,出口管制·军工实体(Annex IV),Export control · military end-user (Annex IV),中国,China,2026-04-24,"a.k.a.: Shanghai Weierstai Electronic Trading Co. Ltd.; Shanghai Weiter Stein Electronic Trading Co. Ltd.; Shanghai Weiersite Electronic Trading Co. Ltd.; Shanghai Welltech Industrial Automation Co. Ltd.；Local name: 上海威洱斯泰电子贸易有限公司 ｜ Address: Room 707, No. 1333 Wenju Road, Pilot Free Trade Zone, Pudo",上海威洱斯泰电子贸易有限公司,Shanghai Weierstai Electronic Trading Co. Ltd.; Shanghai Weiter Stein Electronic Trading Co. Ltd.; Shanghai Weiersite Electronic Trading Co. Ltd.; Shanghai Welltech Industrial Automation Co. Ltd,"Room 707, No. 1333 Wenju Road, Pilot Free Trade Zone, Pudo",,
Beliv Ltd.,,Beliv Ltd.,entity,出口管制·军工实体(Annex IV),Export control · military end-user (Annex IV),俄罗斯,Russia,2026-04-24,"Local name: ООО БЕЛИВ ｜ Address: 1 Derbenevskaya Str., 115114 Moscow, Russian Federation Telephone: +7 495 7416534 Website: http://www.beliv-el.ru Email: sales@beliv-el.ru Registration number: 7725505636 ",ООО БЕЛИВ,,"1 Derbenevskaya Str., 115114 Moscow, Russian Federation",7725505636,http://www.beliv-el.ru
LLC T1,,LLC T1,entity,出口管制·军工实体(Annex IV),Export control · military end-user (Annex IV),俄罗斯,Russia,2026-04-24,"Local name: ООО Т1 ｜ Address: Office 198, 7/1 Korovii Val Str., Yakima District, 119049 Moscow, Russian Federation Telephone: +7 495 988 62 19 Website: www.oct1.ru Email: ktk@oct1.ru Registration numbe",ООО Т1,,"Office 198, 7/1 Korovii Val Str., Yakima District, 119049 Moscow, Russian Federation",,http://www.oct1.ru
繽購科技香港國際貿易有限公司 Abingo Distributor Ltd.,繽購科技香港國際貿易有限公司,Abingo Distributor Ltd.,entity,出口管制·军工实体(Annex IV),Export control · military end-user (Annex IV),中国香港,Hong Kong (China),2026-04-24,"a.k.a.: Bingou Technology (Hong Kong) International Trade Co. Ltd.; Abinho Dystrybiutor Limited；Local name: 繽購科技香港國際貿易有限公司 ｜ Address: Room 803, 8/F Easey Comm Building, 253-261 Hennessy Rd, Wanchai, Hong Kong Registration number: 2568101 (TRN), 68085539 (BRN)",繽購科技香港國際貿易有限公司,Bingou Technology (Hong Kong) International Trade Co. Ltd.; Abinho Dystrybiutor Limited,"Room 803, 8/F Easey Comm Building, 253-261 Hennessy Rd, Wanchai, Hong Kong","2568101 (TRN), 68085539 (BRN)",
LLC Chainchip,,LLC Chainchip,entity,出口管制·军工实体(Annex IV),Export control · military end-user (Annex IV),俄罗斯,Russia,2026-04-24,"a.k.a.: LLC Cheynchip；Local name: OOO Чейнчип ｜ Address: Building 1A, 20 Kulakova Street, Strogino Municipal District, 123592 Moscow, Russian Federation Telephone: +7 495 1034394 Website: https://chainchip.ru/ Email: sales@chain",OOO Чейнчип,LLC Cheynchip,"Building 1A, 20 Kulakova Street, Strogino Municipal District, 123592 Moscow, Russian Federation",,https://chainchip.ru/
LLC Gaderia,,LLC Gaderia,entity,出口管制·军工实体(Annex IV),Export control · military end-user (Annex IV),俄罗斯,Russia,2026-04-24,"a.k.a.: Gamma Ltd.；Local name: ООО Гадерия ｜ Address: Nekrasova Str. 19, 188800 Vyborg, Leningrad Oblast, Russian Federation Telephone: +7 813 7831509 Website: http://www.icgamma.ru Email: sale@icgamma.ru Registration number:",ООО Гадерия,Gamma Ltd,"Nekrasova Str. 19, 188800 Vyborg, Leningrad Oblast, Russian Federation",,http://www.icgamma.ru
智能電子元件有限公司 AI Electronic Componets PTE Ltd.,智能電子元件有限公司,AI Electronic Componets PTE Ltd.,entity,出口管制·军工实体(Annex IV),Export control · military end-user (Annex IV),中国香港,Hong Kong (China),2026-04-24,"a.k.a.: Intelligent Electronic Components Co. Ltd.；Local name: 智能電子元件有限公司 ｜ Address(es): Flat E19, 10/F, No 52, Hung To Road, Hong Kong; Room 516 5/F Kam Teem Industria Building 135 Connaught Road West, Sai Wan, Sai Ying Pun, Hong Kong Registration number:",智能電子元件有限公司,Intelligent Electronic Components Co. Ltd,"Flat E19, 10/F, No 52, Hung To Road, Hong Kong; Room 516 5/F Kam Teem Industria Building 135 Connaught Road West, Sai Wan, Sai Ying Pun, Hong Kong",,
LLC Advanced Planet,,LLC Advanced Planet,entity,出口管制·军工实体(Annex IV),Export control · military end-user (Annex IV),俄罗斯,Russia,2026-04-24,"a.k.a.: Edvansd Planet；Local name: ООО Эдвансд Планет ｜ Address: Office 901-2, Section 2, Building 1, Pokhodny Ave. 4, 125373 Moscow, Russian Federation Telephone: +7 909 9548118 Registration number: 7716852680 (INN)",ООО Эдвансд Планет,Edvansd Planet,"Office 901-2, Section 2, Building 1, Pokhodny Ave. 4, 125373 Moscow, Russian Federation",7716852680 (INN),
Bamgroup LLC,,Bamgroup LLC,entity,出口管制·军工实体(Annex IV),Export control · military end-user (Annex IV),俄罗斯,Russia,2026-04-24,"a.k.a.: Bamgrupp LLC；Local name: ООО Бамгрупп ｜ Address: Room 1n/6, Building 1, Ulansky Lane 22, 101000 Moscow, Russian Federation Telephone: +7 495 2129368 Website: www.bamgroup.ru Registration number: 7725318379 (INN)",ООО Бамгрупп,Bamgrupp LLC,"Room 1n/6, Building 1, Ulansky Lane 22, 101000 Moscow, Russian Federation",7725318379 (INN),http://www.bamgroup.ru
SoVa Distribution Ltd.,,SoVa Distribution Ltd.,entity,出口管制·军工实体(Annex IV),Export control · military end-user (Annex IV),中国香港,Hong Kong (China),2026-04-24,"Address: Unit 617, 6/F, 131-132 Connaught Road West, Solo Workshops, Hong Kong; Office 77, 7/F, Woon Lee Commercial Building, 7 Austin Ave., Hong Kong Registration number: 3220535 ",,,"Unit 617, 6/F, 131-132 Connaught Road West, Solo Workshops, Hong Kong; Office 77, 7/F, Woon Lee Commercial Building, 7 Austin Ave., Hong Kong",3220535,
LLC Effektec,,LLC Effektec,entity,出口管制·军工实体(Annex IV),Export control · military end-user (Annex IV),俄罗斯,Russia,2026-04-24,"a.k.a.: Effektivnye Tekhnologii；Local name: ООО Эффектек ｜ Address: Room 1/13, Building 2, Novodmitroskaya Str. 2, 127015 Moscow, Russian Federation Registration number: 7723910653 (INN)",ООО Эффектек,Effektivnye Tekhnologii,"Room 1/13, Building 2, Novodmitroskaya Str. 2, 127015 Moscow, Russian Federation",7723910653 (INN),
深圳市斯尔优科技有限公司 Shenzhen Sieryou Technology Co. Ltd.,深圳市斯尔优科技有限公司,Shenzhen Sieryou Technology Co. Ltd.,entity,出口管制·军工实体(Annex IV),Export control · military end-user (Annex IV),中国,China,2026-04-24,"Local name: 深圳市斯尔优科技有限公司 ｜ Address: 18th Floor, Yifang Building, No. 315 Shuangming Avenue, Dongzhou Community, Guangming Street, 518107 Shenzhen, Guangdong, People's Republic of China Telephone: +86 1354411",深圳市斯尔优科技有限公司,,"18th Floor, Yifang Building, No. 315 Shuangming Avenue, Dongzhou Community, Guangming Street, 518107 Shenzhen, Guangdong, People's Republic of China",,
Tellur Elektroniks LLC,,Tellur Elektroniks LLC,entity,出口管制·军工实体(Annex IV),Export control · military end-user (Annex IV),俄罗斯,Russia,2026-04-24,"Local name: ООО ТЕЛЛУР ЭЛЕКТРОНИКС ｜ Address(es): Building 1, Profsoyuznaya Str. 65, Konkovo District, 117342 Moscow, Russian Federation; Room 49, Floor 4, Butlerova Str. 17, 117342 Moscow, Russian Federation Telephon",ООО ТЕЛЛУР ЭЛЕКТРОНИКС,,"Building 1, Profsoyuznaya Str. 65, Konkovo District, 117342 Moscow, Russian Federation; Room 49, Floor 4, Butlerova Str. 17, 117342 Moscow, Russian Federation Telephon",,
NPP Variant,,NPP Variant,entity,出口管制·军工实体(Annex IV),Export control · military end-user (Annex IV),俄罗斯,Russia,2026-04-24,"a.k.a.: LLC NPP Variant Group；Local name: ООО НПП ВАРИАНТ ГРУПП ｜ Address: Room 1/2, Building 1, Baumanskaya Str. 43/1, 105005 Moscow, Russian Federation Telephone: +7 916 7898010 Website: https://www.nppvg.ru/ Email: info@nppvg.ru Registration n",ООО НПП ВАРИАНТ ГРУПП,LLC NPP Variant Group,"Room 1/2, Building 1, Baumanskaya Str. 43/1, 105005 Moscow, Russian Federation",,https://www.nppvg.ru/
Lumos LLC,,Lumos LLC,entity,出口管制·军工实体(Annex IV),Export control · military end-user (Annex IV),俄罗斯,Russia,2026-04-24,"a.k.a.: Lyumos LLC；Local name: ООО ЛЮМОС ｜ Address: Room 62, Building V, Radishcheva Str. 39, 191123 Saint Petersburg, Russian Federation Telephone: +7 9214 035267 Registration number: 7842121055 (INN)",ООО ЛЮМОС,Lyumos LLC,"Room 62, Building V, Radishcheva Str. 39, 191123 Saint Petersburg, Russian Federation",7842121055 (INN),
Promtek LLC,,Promtek LLC,entity,出口管制·军工实体(Annex IV),Export control · military end-user (Annex IV),俄罗斯,Russia,2026-04-24,"Local name: ООО ПРОМТЭК ｜ Address(es): Building 2, Yakhromskaya Str. 1A, 127411 Moscow, Russian Federation; Office 1/p, Building 1, Shvernika Str. 16, 117449 Moscow, Russian Federation Telephone: +7 499 391",ООО ПРОМТЭК,,"Building 2, Yakhromskaya Str. 1A, 127411 Moscow, Russian Federation; Office 1/p, Building 1, Shvernika Str. 16, 117449 Moscow, Russian Federation",,
Mavitech LLC,,Mavitech LLC,entity,出口管制·军工实体(Annex IV),Export control · military end-user (Annex IV),俄罗斯,Russia,2026-04-24,"Local name: ООО МАВИТЕХ ｜ Address: Room 404M, Building 3, Perekopskaya Str. 34, 117461 Moscow, Russian Federation Registration number: 9727075380 (INN)",ООО МАВИТЕХ,,"Room 404M, Building 3, Perekopskaya Str. 34, 117461 Moscow, Russian Federation",9727075380 (INN),
Applied Robotics LLC,,Applied Robotics LLC,entity,出口管制·军工实体(Annex IV),Export control · military end-user (Annex IV),俄罗斯,Russia,2026-04-24,"a.k.a.: Prikladnaya Robototekhnika；Local name: ООО ПРИКЛАДНАЯ РОБОТОТЕХНИКА ｜ Address: Office 2/35, Floor 10, Building 1, Beregovoy Ave. 5A, 121087 Moscow, Russian Federation Telephone: +7 495 1420235 Websites: https://robotgeeks.ru/; https://appliedrobotics",ООО ПРИКЛАДНАЯ РОБОТОТЕХНИКА,Prikladnaya Robototekhnika,"Office 2/35, Floor 10, Building 1, Beregovoy Ave. 5A, 121087 Moscow, Russian Federation",,
NPO Ufimets,,NPO Ufimets,entity,出口管制·军工实体(Annex IV),Export control · military end-user (Annex IV),俄罗斯,Russia,2026-04-24,"a.k.a.: Nauchno-Proizvodstvennoe Obyedinenie Ufimets；Local name: ООО НПО УФИМЕЦ ｜ Address: Proezd Vtoroi Street 8, MKR Industrialnyi Park, 450028 Saint Petersburg, Russian Federation Registration number: 0245972204 (INN)",ООО НПО УФИМЕЦ,Nauchno-Proizvodstvennoe Obyedinenie Ufimets,"Proezd Vtoroi Street 8, MKR Industrialnyi Park, 450028 Saint Petersburg, Russian Federation",0245972204 (INN),
Avtokom Motor LLC,,Avtokom Motor LLC,entity,出口管制·军工实体(Annex IV),Export control · military end-user (Annex IV),俄罗斯,Russia,2026-04-24,"a.k.a.: Avtocom Motor LCC；Local name: ООО Автоком Мотор ｜ Address: Office 17/18, Unit 8, 18 Azarovskaya Str., 248017 Kaluga, Russian Federation Telephone: +7 4842 579183 Registration number: 4028046482 (INN)",ООО Автоком Мотор,Avtocom Motor LCC,"Office 17/18, Unit 8, 18 Azarovskaya Str., 248017 Kaluga, Russian Federation",4028046482 (INN),
LLC DeltaTech,,LLC DeltaTech,entity,出口管制·军工实体(Annex IV),Export control · military end-user (Annex IV),俄罗斯,Russia,2026-04-24,"a.k.a.: Deltatekh；Local name: ООО Дельтатех ｜ Address: Novo-Sadovaya Str. 224A, 443029 Samara, Russian Federation Registration number: 6316245174 (INN)",ООО Дельтатех,Deltatekh,"Novo-Sadovaya Str. 224A, 443029 Samara, Russian Federation",6316245174 (INN),
LLC Santross,,LLC Santross,entity,出口管制·军工实体(Annex IV),Export control · military end-user (Annex IV),俄罗斯,Russia,2026-04-24,"Local name: ООО САНТРОСС ｜ Address: Room 475M/2, Building 1, Presnenskaya Embankment 8, 123112 Moscow, Russian Federation Telephone: +7 905 7922050 Email: sse10@mail.ru Registration number: 7703469600 (INN)",ООО САНТРОСС,,"Room 475M/2, Building 1, Presnenskaya Embankment 8, 123112 Moscow, Russian Federation",7703469600 (INN),
NeWay Technology Ltd.,,NeWay Technology Ltd.,entity,出口管制·军工实体(Annex IV),Export control · military end-user (Annex IV),中国,China,2026-04-24,"Address(es): Unit 606, 6 Floor, Celebrity Commercial Centre, 64 Castle Peak Road, Sham Shui Po, Kowloon, Hong Kong; Unit D7, 3/F., Block D, 18-24 Kwai Cheong Road, Mai Shun Industr",,,"Unit 606, 6 Floor, Celebrity Commercial Centre, 64 Castle Peak Road, Sham Shui Po, Kowloon, Hong Kong; Unit D7, 3/F., Block D, 18-24 Kwai Cheong Road, Mai Shun Industr",,
俄泰科技（深圳）有限公司 Etai Technology Shenzhen Co. Ltd.,俄泰科技（深圳）有限公司,Etai Technology Shenzhen Co. Ltd.,entity,出口管制·军工实体(Annex IV),Export control · military end-user (Annex IV),俄罗斯,Russia,2026-04-24,"a.k.a.: Russia-Thailand Technology (Shenzhen) Co. Ltd.; Outai Technology (Shenzhen) Co. Ltd.；Local name: 俄泰科技（深圳）有限公司 ｜ Address(es): Room 1206, Hualianfa Building, Huaqiang North Road 2006, Futian District, Shenzhen, Guangdong Province, People's Republic of China; Fuhing Road 9, World Trade Plaza, F",俄泰科技（深圳）有限公司,Russia-Thailand Technology (Shenzhen) Co. Ltd.; Outai Technology (Shenzhen) Co. Ltd,"Room 1206, Hualianfa Building, Huaqiang North Road 2006, Futian District, Shenzhen, Guangdong Province, People's Republic of China; Fuhing Road 9, World Trade Plaza, F",,
Meryn Dis Ticaret Limited Sirketi,,Meryn Dis Ticaret Limited Sirketi,entity,出口管制·军工实体(Annex IV),Export control · military end-user (Annex IV),土耳其,Türkiye,2026-04-24,"Address: No. 18, 1471st Str., Alsancak, 35220 Konak, Izmir Province, Republic of Türkiye Telephone: +90 232 402 64 64 Website: https://meryn.com.tr/ Email: info@meryn.com.tr Regist",,,"No. 18, 1471st Str., Alsancak, 35220 Konak, Izmir Province, Republic of Türkiye",,https://meryn.com.tr/
Abem Global Ithalat Ihracat Anonim Sirketi,,Abem Global Ithalat Ihracat Anonim Sirketi,entity,出口管制·军工实体(Annex IV),Export control · military end-user (Annex IV),土耳其,Türkiye,2026-04-24,"Address: No. 20, Block H, Corapcilar, Ikitelli Industrial Zone, Basaksehir District, 34490 Istanbul, Republic of Türkiye Registration number: 1001816 (TRN)",,,"No. 20, Block H, Corapcilar, Ikitelli Industrial Zone, Basaksehir District, 34490 Istanbul, Republic of Türkiye",1001816 (TRN),
Autoteile Dis Ticaret Limited Sirketi,,Autoteile Dis Ticaret Limited Sirketi,entity,出口管制·军工实体(Annex IV),Export control · military end-user (Annex IV),土耳其,Türkiye,2026-04-24,"Address: No. 365, Flora Residence 1, Defne Str., Kücükbakkalköy Neighbourhood, Atasehir District, Istanbul, Republic of Türkiye Registration number: 401990-5 (TRN)",,,"No. 365, Flora Residence 1, Defne Str., Kücükbakkalköy Neighbourhood, Atasehir District, Istanbul, Republic of Türkiye",401990-5 (TRN),
易准科技（香港）有限公司 Sure Technology (Hong Kong) Co. Ltd.,易准科技（香港）有限公司 Sure Technology,Co. Ltd.,entity,出口管制·军工实体(Annex IV),Export control · military end-user (Annex IV),中国香港,Hong Kong (China),2026-04-24,"Local name: 易准科技（香港）有限公司 ｜ Address(es): Room 1318, 13th Floor, Sunbeam Centre, 27 Shing Yip Street, Kwun Tong, Kowloon, Hong Kong; Unit 1406A, 14/F, The Belgian Bank Building, 721-725 Nathan Road, Mong Kok, ",易准科技（香港）有限公司,,"Room 1318, 13th Floor, Sunbeam Centre, 27 Shing Yip Street, Kwun Tong, Kowloon, Hong Kong; Unit 1406A, 14/F, The Belgian Bank Building, 721-725 Nathan Road, Mong Kok",,
宏芯微科技(香港)有限公司 Horsway Tech (HK) Co. Ltd.,宏芯微科技(香港)有限公司 Horsway Tech,Co. Ltd.,entity,出口管制·军工实体(Annex IV),Export control · military end-user (Annex IV),中国香港,Hong Kong (China),2026-04-24,"Local name: 宏芯微科技(香港)有限公司 ｜ Address(es): Room 1318, Sunbeam Centre, 27 Shing Yip Street, Kwun Tong, Kowloon, Hong Kong; Room 2003, 20/F Hong Kong Plaza, 188 Connaught Road West, Hong Kong Telephone: 0755 2690",宏芯微科技(香港)有限公司,,"Room 1318, Sunbeam Centre, 27 Shing Yip Street, Kwun Tong, Kowloon, Hong Kong; Room 2003, 20/F Hong Kong Plaza, 188 Connaught Road West, Hong Kong",,
RC-All Electronics Group Co. Ltd.,,RC-All Electronics Group Co. Ltd.,entity,出口管制·军工实体(Annex IV),Export control · military end-user (Annex IV),中国,China,2026-04-24,"a.k.a.: R&C Alliance Electronics Group ｜ Address(es): Unit 811, Beverley Commercial Centre, 87-105 Chatham Road South, Tsim Sha Tsui, Kowloon, Hong Kong; Room 12A1, Block A, Zhonghangbeiyuan Building, No. 42 Zhonghang Roa",,R&C Alliance Electronics Group,"Unit 811, Beverley Commercial Centre, 87-105 Chatham Road South, Tsim Sha Tsui, Kowloon, Hong Kong; Room 12A1, Block A, Zhonghangbeiyuan Building, No. 42 Zhonghang Roa",,
紐沃泰國際貿易有限公司 New Wally Target,紐沃泰國際貿易有限公司,New Wally Target,entity,出口管制·军工实体(Annex IV),Export control · military end-user (Annex IV),中国香港,Hong Kong (China),2026-04-24,"Local name: 紐沃泰國際貿易有限公司 ｜ Address(es): Room 4, 16/F, Ho King Commercial Centre, 2-16 Fayuen Str., Mongkok Kowloon, Hong Kong; Room B3, 19/F Tung Lee Commercial Building, 91-97 Jervois Str., Sheung Wan, Hong",紐沃泰國際貿易有限公司,,"Room 4, 16/F, Ho King Commercial Centre, 2-16 Fayuen Str., Mongkok Kowloon, Hong Kong; Room B3, 19/F Tung Lee Commercial Building, 91-97 Jervois Str., Sheung Wan, Hong",,
金銘盛科技(香港)有限公司 Jinmingsheng Technology HK Co. Ltd.,金銘盛科技(香港)有限公司,Jinmingsheng Technology HK Co. Ltd.,entity,出口管制·军工实体(Annex IV),Export control · military end-user (Annex IV),中国,China,2026-04-24,"A.k.a.: Jinmingsheng Technology (HK) Co. Ltd.；Local name: 金銘盛科技(香港)有限公司 ｜ Address(es): Room 803B, Floor 8, West Coast International Building, 290-296 Yuen Chau Str., Cheung Sha Wan, Kowloon, Hong Kong; Room 1838, Guoli Building, Zhonghang Road, Futian Di",金銘盛科技(香港)有限公司,Jinmingsheng Technology (HK) Co. Ltd,"Room 803B, Floor 8, West Coast International Building, 290-296 Yuen Chau Str., Cheung Sha Wan, Kowloon, Hong Kong; Room 1838, Guoli Building, Zhonghang Road, Futian Di",,
JSC K-Technologies,,JSC K-Technologies,entity,出口管制·军工实体(Annex IV),Export control · military end-user (Annex IV),俄罗斯,Russia,2026-04-24,"a.k.a.: AO RTI；Local name: АО К-ТЕХНОЛОГИИ ｜ Address: 7Ac30 Staropetrovsky Proezd, 125130 Moscow, Russian Federation Phone: +7 495 788 00 07 Websites: https://www.k-tech.ru; https://www.aorti.ru Email: inbox@k-tech.ru Registr",АО К-ТЕХНОЛОГИИ,AO RTI,"7Ac30 Staropetrovsky Proezd, 125130 Moscow, Russian Federation Phone: +7 495 788 00 07 Websites: https://www.k-tech.ru; https://www.aorti.ru",,
LLC Scientific Production Association Computing Systems,,LLC Scientific Production Association Computing Systems,entity,出口管制·军工实体(Annex IV),Export control · military end-user (Annex IV),俄罗斯,Russia,2026-04-24,"a.k.a.: Nauchno-Proizvodstvennoe Obyedinenie Vychislitelnykh Sistem; LLC NPO VS；Local name: OOO НАУЧНО-ПРОИЗВОДСТВЕННОЕ ОБЪЕДИНЕНИЕ ВЫЧИСЛИТЕЛЬНЫХ СИСТЕМ ｜ Address: Office 2, Zhurnalistov Str. 30, 420088 Kazan, Russian Federation; NIISSU Building, Starokaluzhskoe Highway 58, 117630 Moscow, Russian F",OOO НАУЧНО-ПРОИЗВОДСТВЕННОЕ ОБЪЕДИНЕНИЕ ВЫЧИСЛИТЕЛЬНЫХ СИСТЕМ,Nauchno-Proizvodstvennoe Obyedinenie Vychislitelnykh Sistem; LLC NPO VS,"Office 2, Zhurnalistov Str. 30, 420088 Kazan, Russian Federation; NIISSU Building, Starokaluzhskoe Highway 58, 117630 Moscow, Russian F",,
LLC Unimatic,,LLC Unimatic,entity,出口管制·军工实体(Annex IV),Export control · military end-user (Annex IV),俄罗斯,Russia,2026-04-24,"a.k.a.: LLC Unimatik; Unimatic Ltd；Local name: ООО Униматик ｜ Address: Vostochnaya Str. 45, 620100 Yekaterinburg, Sverdlovsk Oblast, Russian Federation Telephone: +7 343 289 9020 Email: sales@unimatic.ru; hotline@unimatic.ru Website: https://",ООО Униматик,LLC Unimatik; Unimatic Ltd,"Vostochnaya Str. 45, 620100 Yekaterinburg, Sverdlovsk Oblast, Russian Federation",,
TAB Corporation (Thailand) Co. Ltd,TAB Corporation,Co. Ltd,entity,出口管制·军工实体(Annex IV),Export control · military end-user (Annex IV),泰国,Thailand,2026-04-24,"Local name: ทีเอบี คอร์เปอร์เรชั่น (ไทยแลนด์) จำกัด ｜ Address: 4F, 850/21 Ladkrabang 30/5 Road, Ladkrabang, Bangkok 10520, Kingdom of Thailand Phone: +66 2 038 9995 Website: www.tabcorp.co.th Email: bkk@tabcorp.co.th Registration numb",ทีเอบี คอร์เปอร์เรชั่น (ไทยแลนด์) จำกัด,,"4F, 850/21 Ladkrabang 30/5 Road, Ladkrabang, Bangkok 10520, Kingdom of Thailand Phone: +66 2 038 9995",,http://www.tabcorp.co.th
